<<<<<<< HEAD
{"level":"info","message":"🚀 Kafka consumers started","service":"neural-shop-backend","timestamp":"2026-04-03 15:16:09.104"}
{"level":"info","message":"Database URL mongodb://admin:admin@localhost:27017/neural_shop?authSource=admin","service":"neural-shop-backend","timestamp":"2026-04-03 15:19:26.002"}
{"environment":"development","level":"info","message":"🚀 Server is running on port 8000","port":8000,"service":"neural-shop-backend","timestamp":"2026-04-03 15:19:26.221"}
{"category":"database","level":"info","message":"🗄️  MongoDB connected","service":"neural-shop-backend","timestamp":"2026-04-03 15:19:26.222"}
{"level":"info","message":"✅ Redis Connected","service":"neural-shop-backend","timestamp":"2026-04-03 15:19:26.252"}
{"level":"info","message":"🚀 Redis Ready","service":"neural-shop-backend","timestamp":"2026-04-03 15:19:26.301"}
{"level":"info","message":"🚀 Redis connected","service":"neural-shop-backend","timestamp":"2026-04-03 15:19:26.303"}
{"category":"database","host":"localhost:27017","level":"info","message":"🗄️  Connected successfully","service":"neural-shop-backend","timestamp":"2026-04-03 15:19:26.343"}
{"level":"info","message":"🚀 Kafka producer connected","service":"neural-shop-backend","timestamp":"2026-04-03 15:19:26.356"}
{"level":"info","message":"Database URL mongodb://admin:admin@localhost:27017/neural_shop?authSource=admin","service":"neural-shop-backend","timestamp":"2026-04-03 15:19:31.036"}
{"environment":"development","level":"info","message":"🚀 Server is running on port 8000","port":8000,"service":"neural-shop-backend","timestamp":"2026-04-03 15:19:31.150"}
{"category":"database","level":"info","message":"🗄️  MongoDB connected","service":"neural-shop-backend","timestamp":"2026-04-03 15:19:31.151"}
{"level":"info","message":"✅ Redis Connected","service":"neural-shop-backend","timestamp":"2026-04-03 15:19:31.172"}
{"level":"info","message":"🚀 Redis Ready","service":"neural-shop-backend","timestamp":"2026-04-03 15:19:31.210"}
{"level":"info","message":"🚀 Redis connected","service":"neural-shop-backend","timestamp":"2026-04-03 15:19:31.222"}
{"category":"database","host":"localhost:27017","level":"info","message":"🗄️  Connected successfully","service":"neural-shop-backend","timestamp":"2026-04-03 15:19:31.234"}
{"level":"info","message":"🚀 Kafka producer connected","service":"neural-shop-backend","timestamp":"2026-04-03 15:19:31.272"}
{"level":"info","message":"Database URL mongodb://admin:admin@localhost:27017/neural_shop?authSource=admin","service":"neural-shop-backend","timestamp":"2026-04-03 15:19:34.030"}
{"environment":"development","level":"info","message":"🚀 Server is running on port 8000","port":8000,"service":"neural-shop-backend","timestamp":"2026-04-03 15:19:34.161"}
{"category":"database","level":"info","message":"🗄️  MongoDB connected","service":"neural-shop-backend","timestamp":"2026-04-03 15:19:34.162"}
{"level":"info","message":"✅ Redis Connected","service":"neural-shop-backend","timestamp":"2026-04-03 15:19:34.185"}
{"level":"info","message":"🚀 Redis Ready","service":"neural-shop-backend","timestamp":"2026-04-03 15:19:34.237"}
{"level":"info","message":"🚀 Redis connected","service":"neural-shop-backend","timestamp":"2026-04-03 15:19:34.240"}
{"category":"database","host":"localhost:27017","level":"info","message":"🗄️  Connected successfully","service":"neural-shop-backend","timestamp":"2026-04-03 15:19:34.281"}
{"level":"info","message":"🚀 Kafka producer connected","service":"neural-shop-backend","timestamp":"2026-04-03 15:19:34.292"}
{"level":"info","message":"Database URL mongodb://admin:admin@localhost:27017/neural_shop?authSource=admin","service":"neural-shop-backend","timestamp":"2026-04-03 15:19:36.071"}
{"environment":"development","level":"info","message":"🚀 Server is running on port 8000","port":8000,"service":"neural-shop-backend","timestamp":"2026-04-03 15:19:36.192"}
{"category":"database","level":"info","message":"🗄️  MongoDB connected","service":"neural-shop-backend","timestamp":"2026-04-03 15:19:36.194"}
{"level":"info","message":"✅ Redis Connected","service":"neural-shop-backend","timestamp":"2026-04-03 15:19:36.211"}
{"level":"info","message":"🚀 Redis Ready","service":"neural-shop-backend","timestamp":"2026-04-03 15:19:36.250"}
{"level":"info","message":"🚀 Redis connected","service":"neural-shop-backend","timestamp":"2026-04-03 15:19:36.252"}
{"category":"database","host":"localhost:27017","level":"info","message":"🗄️  Connected successfully","service":"neural-shop-backend","timestamp":"2026-04-03 15:19:36.259"}
{"level":"info","message":"🚀 Kafka producer connected","service":"neural-shop-backend","timestamp":"2026-04-03 15:19:36.286"}
{"level":"info","message":"Database URL mongodb://admin:admin@localhost:27017/neural_shop?authSource=admin","service":"neural-shop-backend","timestamp":"2026-04-03 15:22:19.331"}
{"environment":"development","level":"info","message":"🚀 Server is running on port 8000","port":8000,"service":"neural-shop-backend","timestamp":"2026-04-03 15:22:19.453"}
{"category":"database","level":"info","message":"🗄️  MongoDB connected","service":"neural-shop-backend","timestamp":"2026-04-03 15:22:19.455"}
{"level":"info","message":"✅ Redis Connected","service":"neural-shop-backend","timestamp":"2026-04-03 15:22:19.472"}
{"level":"info","message":"🚀 Redis Ready","service":"neural-shop-backend","timestamp":"2026-04-03 15:22:19.501"}
{"level":"info","message":"🚀 Redis connected","service":"neural-shop-backend","timestamp":"2026-04-03 15:22:19.503"}
{"category":"database","host":"localhost:27017","level":"info","message":"🗄️  Connected successfully","service":"neural-shop-backend","timestamp":"2026-04-03 15:22:19.534"}
{"level":"info","message":"🚀 Kafka producer connected","service":"neural-shop-backend","timestamp":"2026-04-03 15:22:19.544"}
{"level":"info","message":"🚀 Kafka consumers started","service":"neural-shop-backend","timestamp":"2026-04-03 15:22:22.626"}
{"level":"info","message":"Database URL mongodb://admin:admin@localhost:27017/neural_shop?authSource=admin","service":"neural-shop-backend","timestamp":"2026-04-03 15:22:29.226"}
{"environment":"development","level":"info","message":"🚀 Server is running on port 8000","port":8000,"service":"neural-shop-backend","timestamp":"2026-04-03 15:22:29.356"}
{"category":"database","level":"info","message":"🗄️  MongoDB connected","service":"neural-shop-backend","timestamp":"2026-04-03 15:22:29.357"}
{"level":"info","message":"✅ Redis Connected","service":"neural-shop-backend","timestamp":"2026-04-03 15:22:29.383"}
{"level":"info","message":"🚀 Redis Ready","service":"neural-shop-backend","timestamp":"2026-04-03 15:22:29.425"}
{"level":"info","message":"🚀 Redis connected","service":"neural-shop-backend","timestamp":"2026-04-03 15:22:29.426"}
{"category":"database","host":"localhost:27017","level":"info","message":"🗄️  Connected successfully","service":"neural-shop-backend","timestamp":"2026-04-03 15:22:29.454"}
{"level":"info","message":"🚀 Kafka producer connected","service":"neural-shop-backend","timestamp":"2026-04-03 15:22:29.464"}
{"level":"info","message":"Database URL mongodb://admin:admin@localhost:27017/neural_shop?authSource=admin","service":"neural-shop-backend","timestamp":"2026-04-03 15:22:58.446"}
{"environment":"development","level":"info","message":"🚀 Server is running on port 8000","port":8000,"service":"neural-shop-backend","timestamp":"2026-04-03 15:22:58.562"}
{"category":"database","level":"info","message":"🗄️  MongoDB connected","service":"neural-shop-backend","timestamp":"2026-04-03 15:22:58.563"}
{"level":"info","message":"✅ Redis Connected","service":"neural-shop-backend","timestamp":"2026-04-03 15:22:58.579"}
{"level":"info","message":"🚀 Redis Ready","service":"neural-shop-backend","timestamp":"2026-04-03 15:22:58.612"}
{"level":"info","message":"🚀 Redis connected","service":"neural-shop-backend","timestamp":"2026-04-03 15:22:58.622"}
{"category":"database","host":"localhost:27017","level":"info","message":"🗄️  Connected successfully","service":"neural-shop-backend","timestamp":"2026-04-03 15:22:58.631"}
{"level":"info","message":"🚀 Kafka producer connected","service":"neural-shop-backend","timestamp":"2026-04-03 15:22:58.658"}
{"level":"info","message":"🚀 Kafka consumers started","service":"neural-shop-backend","timestamp":"2026-04-03 15:23:27.668"}
{"category":"http","ip":"::1","level":"info","message":"→ GET / [200]","service":"neural-shop-backend","timestamp":"2026-04-03 15:23:37.803","userAgent":"PostmanRuntime/7.53.0"}
{"level":"info","message":"Database URL mongodb://admin:admin@localhost:27017/neural_shop?authSource=admin","service":"neural-shop-backend","timestamp":"2026-04-03 15:24:47.196"}
{"environment":"development","level":"info","message":"🚀 Server is running on port 8000","port":8000,"service":"neural-shop-backend","timestamp":"2026-04-03 15:24:47.324"}
{"category":"database","level":"info","message":"🗄️  MongoDB connected","service":"neural-shop-backend","timestamp":"2026-04-03 15:24:47.325"}
{"level":"info","message":"✅ Redis Connected","service":"neural-shop-backend","timestamp":"2026-04-03 15:24:47.351"}
{"level":"info","message":"🚀 Redis Ready","service":"neural-shop-backend","timestamp":"2026-04-03 15:24:47.398"}
{"level":"info","message":"🚀 Redis connected","service":"neural-shop-backend","timestamp":"2026-04-03 15:24:47.400"}
{"category":"database","host":"localhost:27017","level":"info","message":"🗄️  Connected successfully","service":"neural-shop-backend","timestamp":"2026-04-03 15:24:47.408"}
{"level":"info","message":"🚀 Kafka producer connected","service":"neural-shop-backend","timestamp":"2026-04-03 15:24:47.434"}
{"level":"info","message":"🚀 Kafka consumers started","service":"neural-shop-backend","timestamp":"2026-04-03 15:25:07.801"}
{"level":"warn","message":"Route not found","method":"POST","path":"/api/auth/registration","service":"neural-shop-backend","timestamp":"2026-04-03 15:27:48.278"}
{"category":"http","ip":"::1","level":"info","message":"→ POST /api/auth/registration [404]","service":"neural-shop-backend","timestamp":"2026-04-03 15:27:48.280","userAgent":"PostmanRuntime/7.53.0"}
{"level":"info","message":"Database URL mongodb://admin:admin@localhost:27017/neural_shop?authSource=admin","service":"neural-shop-backend","timestamp":"2026-04-03 15:28:58.947"}
{"environment":"development","level":"info","message":"🚀 Server is running on port 8000","port":8000,"service":"neural-shop-backend","timestamp":"2026-04-03 15:28:59.073"}
{"category":"database","level":"info","message":"🗄️  MongoDB connected","service":"neural-shop-backend","timestamp":"2026-04-03 15:28:59.074"}
{"level":"info","message":"✅ Redis Connected","service":"neural-shop-backend","timestamp":"2026-04-03 15:28:59.103"}
{"level":"info","message":"🚀 Redis Ready","service":"neural-shop-backend","timestamp":"2026-04-03 15:28:59.134"}
{"level":"info","message":"🚀 Redis connected","service":"neural-shop-backend","timestamp":"2026-04-03 15:28:59.137"}
{"category":"database","host":"localhost:27017","level":"info","message":"🗄️  Connected successfully","service":"neural-shop-backend","timestamp":"2026-04-03 15:28:59.164"}
{"level":"info","message":"🚀 Kafka producer connected","service":"neural-shop-backend","timestamp":"2026-04-03 15:28:59.173"}
{"level":"info","message":"Database URL mongodb://admin:admin@localhost:27017/neural_shop?authSource=admin","service":"neural-shop-backend","timestamp":"2026-04-03 15:29:02.499"}
{"environment":"development","level":"info","message":"🚀 Server is running on port 8000","port":8000,"service":"neural-shop-backend","timestamp":"2026-04-03 15:29:02.627"}
{"category":"database","level":"info","message":"🗄️  MongoDB connected","service":"neural-shop-backend","timestamp":"2026-04-03 15:29:02.628"}
{"level":"info","message":"✅ Redis Connected","service":"neural-shop-backend","timestamp":"2026-04-03 15:29:02.647"}
{"level":"info","message":"🚀 Redis Ready","service":"neural-shop-backend","timestamp":"2026-04-03 15:29:02.690"}
{"level":"info","message":"🚀 Redis connected","service":"neural-shop-backend","timestamp":"2026-04-03 15:29:02.692"}
{"category":"database","host":"localhost:27017","level":"info","message":"🗄️  Connected successfully","service":"neural-shop-backend","timestamp":"2026-04-03 15:29:02.718"}
{"level":"info","message":"🚀 Kafka producer connected","service":"neural-shop-backend","timestamp":"2026-04-03 15:29:02.727"}
{"level":"info","message":"Database URL mongodb://admin:admin@localhost:27017/neural_shop?authSource=admin","service":"neural-shop-backend","timestamp":"2026-04-03 15:29:05.654"}
{"environment":"development","level":"info","message":"🚀 Server is running on port 8000","port":8000,"service":"neural-shop-backend","timestamp":"2026-04-03 15:29:05.770"}
{"category":"database","level":"info","message":"🗄️  MongoDB connected","service":"neural-shop-backend","timestamp":"2026-04-03 15:29:05.771"}
{"level":"info","message":"✅ Redis Connected","service":"neural-shop-backend","timestamp":"2026-04-03 15:29:05.791"}
{"level":"info","message":"🚀 Redis Ready","service":"neural-shop-backend","timestamp":"2026-04-03 15:29:05.831"}
{"level":"info","message":"🚀 Redis connected","service":"neural-shop-backend","timestamp":"2026-04-03 15:29:05.832"}
{"category":"database","host":"localhost:27017","level":"info","message":"🗄️  Connected successfully","service":"neural-shop-backend","timestamp":"2026-04-03 15:29:05.840"}
{"level":"info","message":"🚀 Kafka producer connected","service":"neural-shop-backend","timestamp":"2026-04-03 15:29:05.868"}
{"level":"info","message":"Database URL mongodb://admin:admin@localhost:27017/neural_shop?authSource=admin","service":"neural-shop-backend","timestamp":"2026-04-03 15:29:12.892"}
{"environment":"development","level":"info","message":"🚀 Server is running on port 8000","port":8000,"service":"neural-shop-backend","timestamp":"2026-04-03 15:29:13.018"}
{"category":"database","level":"info","message":"🗄️  MongoDB connected","service":"neural-shop-backend","timestamp":"2026-04-03 15:29:13.019"}
{"level":"info","message":"✅ Redis Connected","service":"neural-shop-backend","timestamp":"2026-04-03 15:29:13.041"}
{"level":"info","message":"🚀 Redis Ready","service":"neural-shop-backend","timestamp":"2026-04-03 15:29:13.091"}
{"level":"info","message":"🚀 Redis connected","service":"neural-shop-backend","timestamp":"2026-04-03 15:29:13.093"}
{"category":"database","host":"localhost:27017","level":"info","message":"🗄️  Connected successfully","service":"neural-shop-backend","timestamp":"2026-04-03 15:29:13.100"}
{"level":"info","message":"🚀 Kafka producer connected","service":"neural-shop-backend","timestamp":"2026-04-03 15:29:13.132"}
{"level":"info","message":"Database URL mongodb://admin:admin@localhost:27017/neural_shop?authSource=admin","service":"neural-shop-backend","timestamp":"2026-04-03 15:29:18.629"}
{"environment":"development","level":"info","message":"🚀 Server is running on port 8000","port":8000,"service":"neural-shop-backend","timestamp":"2026-04-03 15:29:18.750"}
{"category":"database","level":"info","message":"🗄️  MongoDB connected","service":"neural-shop-backend","timestamp":"2026-04-03 15:29:18.751"}
{"level":"info","message":"✅ Redis Connected","service":"neural-shop-backend","timestamp":"2026-04-03 15:29:18.773"}
{"level":"info","message":"🚀 Redis Ready","service":"neural-shop-backend","timestamp":"2026-04-03 15:29:18.812"}
{"level":"info","message":"🚀 Redis connected","service":"neural-shop-backend","timestamp":"2026-04-03 15:29:18.814"}
{"category":"database","host":"localhost:27017","level":"info","message":"🗄️  Connected successfully","service":"neural-shop-backend","timestamp":"2026-04-03 15:29:18.821"}
{"level":"info","message":"🚀 Kafka producer connected","service":"neural-shop-backend","timestamp":"2026-04-03 15:29:18.847"}
{"category":"http","ip":"::1","level":"info","message":"→ GET / [200]","service":"neural-shop-backend","timestamp":"2026-04-03 15:29:24.733","userAgent":"PostmanRuntime/7.53.0"}
{"level":"info","message":"🚀 Kafka consumers started","service":"neural-shop-backend","timestamp":"2026-04-03 15:29:48.339"}
{"level":"info","message":"Database URL mongodb://admin:admin@localhost:27017/neural_shop?authSource=admin","service":"neural-shop-backend","timestamp":"2026-04-03 15:29:50.976"}
{"environment":"development","level":"info","message":"🚀 Server is running on port 8000","port":8000,"service":"neural-shop-backend","timestamp":"2026-04-03 15:29:51.112"}
{"category":"database","level":"info","message":"🗄️  MongoDB connected","service":"neural-shop-backend","timestamp":"2026-04-03 15:29:51.114"}
{"level":"info","message":"✅ Redis Connected","service":"neural-shop-backend","timestamp":"2026-04-03 15:29:51.141"}
{"level":"info","message":"🚀 Redis Ready","service":"neural-shop-backend","timestamp":"2026-04-03 15:29:51.181"}
{"level":"info","message":"🚀 Redis connected","service":"neural-shop-backend","timestamp":"2026-04-03 15:29:51.182"}
{"category":"database","host":"localhost:27017","level":"info","message":"🗄️  Connected successfully","service":"neural-shop-backend","timestamp":"2026-04-03 15:29:51.206"}
{"level":"info","message":"🚀 Kafka producer connected","service":"neural-shop-backend","timestamp":"2026-04-03 15:29:51.215"}
{"level":"info","message":"Database URL mongodb://admin:admin@localhost:27017/neural_shop?authSource=admin","service":"neural-shop-backend","timestamp":"2026-04-03 15:30:15.695"}
{"environment":"development","level":"info","message":"🚀 Server is running on port 8000","port":8000,"service":"neural-shop-backend","timestamp":"2026-04-03 15:30:15.841"}
{"category":"database","level":"info","message":"🗄️  MongoDB connected","service":"neural-shop-backend","timestamp":"2026-04-03 15:30:15.842"}
{"level":"info","message":"✅ Redis Connected","service":"neural-shop-backend","timestamp":"2026-04-03 15:30:15.866"}
{"level":"info","message":"🚀 Redis Ready","service":"neural-shop-backend","timestamp":"2026-04-03 15:30:15.904"}
{"level":"info","message":"🚀 Redis connected","service":"neural-shop-backend","timestamp":"2026-04-03 15:30:15.906"}
{"category":"database","host":"localhost:27017","level":"info","message":"🗄️  Connected successfully","service":"neural-shop-backend","timestamp":"2026-04-03 15:30:15.938"}
{"level":"info","message":"🚀 Kafka producer connected","service":"neural-shop-backend","timestamp":"2026-04-03 15:30:15.952"}
{"category":"http","ip":"::1","level":"info","message":"→ POST /registration [201]","service":"neural-shop-backend","timestamp":"2026-04-03 15:30:19.081","userAgent":"PostmanRuntime/7.53.0"}
{"level":"info","message":"🚀 Kafka consumers started","service":"neural-shop-backend","timestamp":"2026-04-03 15:30:48.625"}
{"category":"http","ip":"::1","level":"info","message":"→ POST /registration [400]","service":"neural-shop-backend","timestamp":"2026-04-03 15:31:02.099","userAgent":"PostmanRuntime/7.53.0"}
{"level":"info","message":"Database URL mongodb://admin:admin@localhost:27017/neural_shop?authSource=admin","service":"neural-shop-backend","timestamp":"2026-04-03 15:34:22.269"}
{"environment":"development","level":"info","message":"🚀 Server is running on port 8000","port":8000,"service":"neural-shop-backend","timestamp":"2026-04-03 15:34:22.388"}
{"category":"database","level":"info","message":"🗄️  MongoDB connected","service":"neural-shop-backend","timestamp":"2026-04-03 15:34:22.390"}
{"level":"info","message":"✅ Redis Connected","service":"neural-shop-backend","timestamp":"2026-04-03 15:34:22.417"}
{"level":"info","message":"🚀 Redis Ready","service":"neural-shop-backend","timestamp":"2026-04-03 15:34:22.466"}
{"level":"info","message":"🚀 Redis connected","service":"neural-shop-backend","timestamp":"2026-04-03 15:34:22.467"}
{"category":"database","host":"localhost:27017","level":"info","message":"🗄️  Connected successfully","service":"neural-shop-backend","timestamp":"2026-04-03 15:34:22.474"}
{"level":"info","message":"🚀 Kafka producer connected","service":"neural-shop-backend","timestamp":"2026-04-03 15:34:22.501"}
{"level":"info","message":"Database URL mongodb://admin:admin@localhost:27017/neural_shop?authSource=admin","service":"neural-shop-backend","timestamp":"2026-04-03 15:34:25.562"}
{"environment":"development","level":"info","message":"🚀 Server is running on port 8000","port":8000,"service":"neural-shop-backend","timestamp":"2026-04-03 15:34:25.691"}
{"category":"database","level":"info","message":"🗄️  MongoDB connected","service":"neural-shop-backend","timestamp":"2026-04-03 15:34:25.692"}
{"level":"info","message":"✅ Redis Connected","service":"neural-shop-backend","timestamp":"2026-04-03 15:34:25.715"}
{"level":"info","message":"🚀 Redis Ready","service":"neural-shop-backend","timestamp":"2026-04-03 15:34:25.771"}
{"level":"info","message":"🚀 Redis connected","service":"neural-shop-backend","timestamp":"2026-04-03 15:34:25.773"}
{"category":"database","host":"localhost:27017","level":"info","message":"🗄️  Connected successfully","service":"neural-shop-backend","timestamp":"2026-04-03 15:34:25.783"}
{"level":"info","message":"🚀 Kafka producer connected","service":"neural-shop-backend","timestamp":"2026-04-03 15:34:25.822"}
{"level":"info","message":"Database URL mongodb://admin:admin@localhost:27017/neural_shop?authSource=admin","service":"neural-shop-backend","timestamp":"2026-04-03 15:34:35.478"}
{"environment":"development","level":"info","message":"🚀 Server is running on port 8000","port":8000,"service":"neural-shop-backend","timestamp":"2026-04-03 15:34:35.605"}
{"category":"database","level":"info","message":"🗄️  MongoDB connected","service":"neural-shop-backend","timestamp":"2026-04-03 15:34:35.606"}
{"level":"info","message":"✅ Redis Connected","service":"neural-shop-backend","timestamp":"2026-04-03 15:34:35.630"}
{"level":"info","message":"🚀 Redis Ready","service":"neural-shop-backend","timestamp":"2026-04-03 15:34:35.661"}
{"level":"info","message":"🚀 Redis connected","service":"neural-shop-backend","timestamp":"2026-04-03 15:34:35.664"}
{"level":"info","message":"🚀 Kafka producer connected","service":"neural-shop-backend","timestamp":"2026-04-03 15:34:35.691"}
{"category":"database","host":"localhost:27017","level":"info","message":"🗄️  Connected successfully","service":"neural-shop-backend","timestamp":"2026-04-03 15:34:35.697"}
{"level":"info","message":"Database URL mongodb://admin:admin@localhost:27017/neural_shop?authSource=admin","service":"neural-shop-backend","timestamp":"2026-04-03 15:34:43.350"}
{"environment":"development","level":"info","message":"🚀 Server is running on port 8000","port":8000,"service":"neural-shop-backend","timestamp":"2026-04-03 15:34:43.474"}
{"category":"database","level":"info","message":"🗄️  MongoDB connected","service":"neural-shop-backend","timestamp":"2026-04-03 15:34:43.475"}
{"level":"info","message":"✅ Redis Connected","service":"neural-shop-backend","timestamp":"2026-04-03 15:34:43.496"}
{"level":"info","message":"🚀 Redis Ready","service":"neural-shop-backend","timestamp":"2026-04-03 15:34:43.531"}
{"level":"info","message":"🚀 Redis connected","service":"neural-shop-backend","timestamp":"2026-04-03 15:34:43.533"}
{"category":"database","host":"localhost:27017","level":"info","message":"🗄️  Connected successfully","service":"neural-shop-backend","timestamp":"2026-04-03 15:34:43.559"}
{"level":"info","message":"🚀 Kafka producer connected","service":"neural-shop-backend","timestamp":"2026-04-03 15:34:43.569"}
{"level":"info","message":"Database URL mongodb://admin:admin@localhost:27017/neural_shop?authSource=admin","service":"neural-shop-backend","timestamp":"2026-04-03 15:34:51.952"}
{"environment":"development","level":"info","message":"🚀 Server is running on port 8000","port":8000,"service":"neural-shop-backend","timestamp":"2026-04-03 15:34:52.083"}
{"category":"database","level":"info","message":"🗄️  MongoDB connected","service":"neural-shop-backend","timestamp":"2026-04-03 15:34:52.085"}
{"level":"info","message":"✅ Redis Connected","service":"neural-shop-backend","timestamp":"2026-04-03 15:34:52.103"}
{"level":"info","message":"🚀 Redis Ready","service":"neural-shop-backend","timestamp":"2026-04-03 15:34:52.138"}
{"level":"info","message":"🚀 Redis connected","service":"neural-shop-backend","timestamp":"2026-04-03 15:34:52.140"}
{"category":"database","host":"localhost:27017","level":"info","message":"🗄️  Connected successfully","service":"neural-shop-backend","timestamp":"2026-04-03 15:34:52.148"}
{"level":"info","message":"🚀 Kafka producer connected","service":"neural-shop-backend","timestamp":"2026-04-03 15:34:52.176"}
{"level":"info","message":"🚀 Kafka consumers started","service":"neural-shop-backend","timestamp":"2026-04-03 15:35:18.872"}
{"category":"http","ip":"::1","level":"info","message":"→ POST /verify-email [200]","service":"neural-shop-backend","timestamp":"2026-04-03 15:37:07.825","userAgent":"PostmanRuntime/7.53.0"}
{"category":"http","ip":"::1","level":"info","message":"→ POST /login [400]","service":"neural-shop-backend","timestamp":"2026-04-03 15:38:08.004","userAgent":"PostmanRuntime/7.53.0"}
{"level":"info","message":"Database URL mongodb://admin:admin@localhost:27017/neural_shop?authSource=admin","service":"neural-shop-backend","timestamp":"2026-04-03 15:38:30.918"}
{"environment":"development","level":"info","message":"🚀 Server is running on port 8000","port":8000,"service":"neural-shop-backend","timestamp":"2026-04-03 15:38:31.047"}
{"category":"database","level":"info","message":"🗄️  MongoDB connected","service":"neural-shop-backend","timestamp":"2026-04-03 15:38:31.048"}
{"level":"info","message":"✅ Redis Connected","service":"neural-shop-backend","timestamp":"2026-04-03 15:38:31.071"}
{"level":"info","message":"🚀 Redis Ready","service":"neural-shop-backend","timestamp":"2026-04-03 15:38:31.113"}
{"level":"info","message":"🚀 Redis connected","service":"neural-shop-backend","timestamp":"2026-04-03 15:38:31.120"}
{"category":"database","host":"localhost:27017","level":"info","message":"🗄️  Connected successfully","service":"neural-shop-backend","timestamp":"2026-04-03 15:38:31.153"}
{"level":"info","message":"🚀 Kafka producer connected","service":"neural-shop-backend","timestamp":"2026-04-03 15:38:31.162"}
{"level":"info","message":"Database URL mongodb://admin:admin@localhost:27017/neural_shop?authSource=admin","service":"neural-shop-backend","timestamp":"2026-04-03 15:38:35.547"}
{"environment":"development","level":"info","message":"🚀 Server is running on port 8000","port":8000,"service":"neural-shop-backend","timestamp":"2026-04-03 15:38:35.668"}
{"category":"database","level":"info","message":"🗄️  MongoDB connected","service":"neural-shop-backend","timestamp":"2026-04-03 15:38:35.669"}
{"level":"info","message":"✅ Redis Connected","service":"neural-shop-backend","timestamp":"2026-04-03 15:38:35.681"}
{"level":"info","message":"🚀 Redis Ready","service":"neural-shop-backend","timestamp":"2026-04-03 15:38:35.709"}
{"level":"info","message":"🚀 Redis connected","service":"neural-shop-backend","timestamp":"2026-04-03 15:38:35.711"}
{"category":"database","host":"localhost:27017","level":"info","message":"🗄️  Connected successfully","service":"neural-shop-backend","timestamp":"2026-04-03 15:38:35.737"}
{"level":"info","message":"🚀 Kafka producer connected","service":"neural-shop-backend","timestamp":"2026-04-03 15:38:35.747"}
{"level":"info","message":"Database URL mongodb://admin:admin@localhost:27017/neural_shop?authSource=admin","service":"neural-shop-backend","timestamp":"2026-04-03 15:38:46.591"}
{"environment":"development","level":"info","message":"🚀 Server is running on port 8000","port":8000,"service":"neural-shop-backend","timestamp":"2026-04-03 15:38:46.726"}
{"category":"database","level":"info","message":"🗄️  MongoDB connected","service":"neural-shop-backend","timestamp":"2026-04-03 15:38:46.728"}
{"level":"info","message":"✅ Redis Connected","service":"neural-shop-backend","timestamp":"2026-04-03 15:38:46.753"}
{"level":"info","message":"🚀 Redis Ready","service":"neural-shop-backend","timestamp":"2026-04-03 15:38:46.793"}
{"level":"info","message":"🚀 Redis connected","service":"neural-shop-backend","timestamp":"2026-04-03 15:38:46.795"}
{"category":"database","host":"localhost:27017","level":"info","message":"🗄️  Connected successfully","service":"neural-shop-backend","timestamp":"2026-04-03 15:38:46.820"}
{"level":"info","message":"🚀 Kafka producer connected","service":"neural-shop-backend","timestamp":"2026-04-03 15:38:46.850"}
{"level":"info","message":"🚀 Kafka consumers started","service":"neural-shop-backend","timestamp":"2026-04-03 15:38:59.135"}
{"category":"http","ip":"::1","level":"info","message":"→ POST /login [400]","service":"neural-shop-backend","timestamp":"2026-04-03 15:39:36.290","userAgent":"PostmanRuntime/7.53.0"}
{"level":"info","message":"Database URL mongodb://admin:admin@localhost:27017/neural_shop?authSource=admin","service":"neural-shop-backend","timestamp":"2026-04-03 15:39:54.769"}
{"environment":"development","level":"info","message":"🚀 Server is running on port 8000","port":8000,"service":"neural-shop-backend","timestamp":"2026-04-03 15:39:54.898"}
{"category":"database","level":"info","message":"🗄️  MongoDB connected","service":"neural-shop-backend","timestamp":"2026-04-03 15:39:54.900"}
{"level":"info","message":"✅ Redis Connected","service":"neural-shop-backend","timestamp":"2026-04-03 15:39:54.912"}
{"level":"info","message":"🚀 Redis Ready","service":"neural-shop-backend","timestamp":"2026-04-03 15:39:54.946"}
{"level":"info","message":"🚀 Redis connected","service":"neural-shop-backend","timestamp":"2026-04-03 15:39:54.948"}
{"category":"database","host":"localhost:27017","level":"info","message":"🗄️  Connected successfully","service":"neural-shop-backend","timestamp":"2026-04-03 15:39:54.956"}
{"level":"info","message":"🚀 Kafka producer connected","service":"neural-shop-backend","timestamp":"2026-04-03 15:39:54.985"}
{"level":"info","message":"Database URL mongodb://admin:admin@localhost:27017/neural_shop?authSource=admin","service":"neural-shop-backend","timestamp":"2026-04-03 15:39:59.018"}
{"environment":"development","level":"info","message":"🚀 Server is running on port 8000","port":8000,"service":"neural-shop-backend","timestamp":"2026-04-03 15:39:59.143"}
{"category":"database","level":"info","message":"🗄️  MongoDB connected","service":"neural-shop-backend","timestamp":"2026-04-03 15:39:59.145"}
{"level":"info","message":"✅ Redis Connected","service":"neural-shop-backend","timestamp":"2026-04-03 15:39:59.161"}
{"level":"info","message":"🚀 Redis Ready","service":"neural-shop-backend","timestamp":"2026-04-03 15:39:59.197"}
{"level":"info","message":"🚀 Redis connected","service":"neural-shop-backend","timestamp":"2026-04-03 15:39:59.199"}
{"category":"database","host":"localhost:27017","level":"info","message":"🗄️  Connected successfully","service":"neural-shop-backend","timestamp":"2026-04-03 15:39:59.208"}
{"level":"info","message":"🚀 Kafka producer connected","service":"neural-shop-backend","timestamp":"2026-04-03 15:39:59.240"}
{"level":"info","message":"Database URL mongodb://admin:admin@localhost:27017/neural_shop?authSource=admin","service":"neural-shop-backend","timestamp":"2026-04-03 15:40:09.432"}
{"environment":"development","level":"info","message":"🚀 Server is running on port 8000","port":8000,"service":"neural-shop-backend","timestamp":"2026-04-03 15:40:09.560"}
{"category":"database","level":"info","message":"🗄️  MongoDB connected","service":"neural-shop-backend","timestamp":"2026-04-03 15:40:09.562"}
{"level":"info","message":"✅ Redis Connected","service":"neural-shop-backend","timestamp":"2026-04-03 15:40:09.584"}
{"level":"info","message":"🚀 Redis Ready","service":"neural-shop-backend","timestamp":"2026-04-03 15:40:09.615"}
{"level":"info","message":"🚀 Redis connected","service":"neural-shop-backend","timestamp":"2026-04-03 15:40:09.617"}
{"level":"info","message":"🚀 Kafka producer connected","service":"neural-shop-backend","timestamp":"2026-04-03 15:40:09.642"}
{"category":"database","host":"localhost:27017","level":"info","message":"🗄️  Connected successfully","service":"neural-shop-backend","timestamp":"2026-04-03 15:40:09.648"}
{"level":"info","message":"Database URL mongodb://admin:admin@localhost:27017/neural_shop?authSource=admin","service":"neural-shop-backend","timestamp":"2026-04-03 15:40:19.506"}
{"environment":"development","level":"info","message":"🚀 Server is running on port 8000","port":8000,"service":"neural-shop-backend","timestamp":"2026-04-03 15:40:19.655"}
{"category":"database","level":"info","message":"🗄️  MongoDB connected","service":"neural-shop-backend","timestamp":"2026-04-03 15:40:19.656"}
{"level":"info","message":"✅ Redis Connected","service":"neural-shop-backend","timestamp":"2026-04-03 15:40:19.677"}
{"level":"info","message":"🚀 Redis Ready","service":"neural-shop-backend","timestamp":"2026-04-03 15:40:19.716"}
{"level":"info","message":"🚀 Redis connected","service":"neural-shop-backend","timestamp":"2026-04-03 15:40:19.718"}
{"category":"database","host":"localhost:27017","level":"info","message":"🗄️  Connected successfully","service":"neural-shop-backend","timestamp":"2026-04-03 15:40:19.745"}
{"level":"info","message":"🚀 Kafka producer connected","service":"neural-shop-backend","timestamp":"2026-04-03 15:40:19.782"}
{"level":"info","message":"Database URL mongodb://admin:admin@localhost:27017/neural_shop?authSource=admin","service":"neural-shop-backend","timestamp":"2026-04-03 15:40:21.435"}
{"environment":"development","level":"info","message":"🚀 Server is running on port 8000","port":8000,"service":"neural-shop-backend","timestamp":"2026-04-03 15:40:21.558"}
{"category":"database","level":"info","message":"🗄️  MongoDB connected","service":"neural-shop-backend","timestamp":"2026-04-03 15:40:21.559"}
{"level":"info","message":"✅ Redis Connected","service":"neural-shop-backend","timestamp":"2026-04-03 15:40:21.587"}
{"level":"info","message":"🚀 Redis Ready","service":"neural-shop-backend","timestamp":"2026-04-03 15:40:21.625"}
{"level":"info","message":"🚀 Redis connected","service":"neural-shop-backend","timestamp":"2026-04-03 15:40:21.626"}
{"category":"database","host":"localhost:27017","level":"info","message":"🗄️  Connected successfully","service":"neural-shop-backend","timestamp":"2026-04-03 15:40:21.633"}
{"level":"info","message":"🚀 Kafka producer connected","service":"neural-shop-backend","timestamp":"2026-04-03 15:40:21.656"}
{"level":"info","message":"Database URL mongodb://admin:admin@localhost:27017/neural_shop?authSource=admin","service":"neural-shop-backend","timestamp":"2026-04-03 15:40:26.518"}
{"environment":"development","level":"info","message":"🚀 Server is running on port 8000","port":8000,"service":"neural-shop-backend","timestamp":"2026-04-03 15:40:26.733"}
{"category":"database","level":"info","message":"🗄️  MongoDB connected","service":"neural-shop-backend","timestamp":"2026-04-03 15:40:26.735"}
{"level":"info","message":"✅ Redis Connected","service":"neural-shop-backend","timestamp":"2026-04-03 15:40:26.780"}
{"level":"info","message":"🚀 Redis Ready","service":"neural-shop-backend","timestamp":"2026-04-03 15:40:26.825"}
{"level":"info","message":"🚀 Redis connected","service":"neural-shop-backend","timestamp":"2026-04-03 15:40:26.828"}
{"category":"database","host":"localhost:27017","level":"info","message":"🗄️  Connected successfully","service":"neural-shop-backend","timestamp":"2026-04-03 15:40:26.856"}
{"level":"info","message":"🚀 Kafka producer connected","service":"neural-shop-backend","timestamp":"2026-04-03 15:40:26.883"}
{"level":"info","message":"Database URL mongodb://admin:admin@localhost:27017/neural_shop?authSource=admin","service":"neural-shop-backend","timestamp":"2026-04-03 15:40:35.500"}
{"environment":"development","level":"info","message":"🚀 Server is running on port 8000","port":8000,"service":"neural-shop-backend","timestamp":"2026-04-03 15:40:35.633"}
{"category":"database","level":"info","message":"🗄️  MongoDB connected","service":"neural-shop-backend","timestamp":"2026-04-03 15:40:35.634"}
{"level":"info","message":"✅ Redis Connected","service":"neural-shop-backend","timestamp":"2026-04-03 15:40:35.655"}
{"level":"info","message":"🚀 Redis Ready","service":"neural-shop-backend","timestamp":"2026-04-03 15:40:35.695"}
{"level":"info","message":"🚀 Redis connected","service":"neural-shop-backend","timestamp":"2026-04-03 15:40:35.696"}
{"category":"database","host":"localhost:27017","level":"info","message":"🗄️  Connected successfully","service":"neural-shop-backend","timestamp":"2026-04-03 15:40:35.734"}
{"level":"info","message":"🚀 Kafka producer connected","service":"neural-shop-backend","timestamp":"2026-04-03 15:40:35.747"}
{"category":"http","ip":"::1","level":"info","message":"→ POST /login [400]","service":"neural-shop-backend","timestamp":"2026-04-03 15:40:53.100","userAgent":"PostmanRuntime/7.53.0"}
{"level":"info","message":"Database URL mongodb://admin:admin@localhost:27017/neural_shop?authSource=admin","service":"neural-shop-backend","timestamp":"2026-04-03 15:41:10.586"}
{"environment":"development","level":"info","message":"🚀 Server is running on port 8000","port":8000,"service":"neural-shop-backend","timestamp":"2026-04-03 15:41:10.697"}
{"category":"database","level":"info","message":"🗄️  MongoDB connected","service":"neural-shop-backend","timestamp":"2026-04-03 15:41:10.699"}
{"level":"info","message":"✅ Redis Connected","service":"neural-shop-backend","timestamp":"2026-04-03 15:41:10.731"}
{"level":"info","message":"🚀 Redis Ready","service":"neural-shop-backend","timestamp":"2026-04-03 15:41:10.766"}
{"level":"info","message":"🚀 Redis connected","service":"neural-shop-backend","timestamp":"2026-04-03 15:41:10.770"}
{"category":"database","host":"localhost:27017","level":"info","message":"🗄️  Connected successfully","service":"neural-shop-backend","timestamp":"2026-04-03 15:41:10.797"}
{"level":"info","message":"🚀 Kafka producer connected","service":"neural-shop-backend","timestamp":"2026-04-03 15:41:10.809"}
{"level":"info","message":"Database URL mongodb://admin:admin@localhost:27017/neural_shop?authSource=admin","service":"neural-shop-backend","timestamp":"2026-04-03 15:41:28.592"}
{"environment":"development","level":"info","message":"🚀 Server is running on port 8000","port":8000,"service":"neural-shop-backend","timestamp":"2026-04-03 15:41:28.718"}
{"category":"database","level":"info","message":"🗄️  MongoDB connected","service":"neural-shop-backend","timestamp":"2026-04-03 15:41:28.719"}
{"level":"info","message":"✅ Redis Connected","service":"neural-shop-backend","timestamp":"2026-04-03 15:41:28.741"}
{"level":"info","message":"🚀 Redis Ready","service":"neural-shop-backend","timestamp":"2026-04-03 15:41:28.785"}
{"level":"info","message":"🚀 Redis connected","service":"neural-shop-backend","timestamp":"2026-04-03 15:41:28.787"}
{"category":"database","host":"localhost:27017","level":"info","message":"🗄️  Connected successfully","service":"neural-shop-backend","timestamp":"2026-04-03 15:41:28.797"}
{"level":"info","message":"🚀 Kafka producer connected","service":"neural-shop-backend","timestamp":"2026-04-03 15:41:28.826"}
{"category":"http","ip":"::1","level":"info","message":"→ POST /login [400]","service":"neural-shop-backend","timestamp":"2026-04-03 15:41:31.838","userAgent":"PostmanRuntime/7.53.0"}
{"level":"info","message":"🚀 Kafka consumers started","service":"neural-shop-backend","timestamp":"2026-04-03 15:41:40.890"}
{"level":"info","message":"Database URL mongodb://admin:admin@localhost:27017/neural_shop?authSource=admin","service":"neural-shop-backend","timestamp":"2026-04-03 15:44:15.464"}
{"environment":"development","level":"info","message":"🚀 Server is running on port 8000","port":8000,"service":"neural-shop-backend","timestamp":"2026-04-03 15:44:15.595"}
{"category":"database","level":"info","message":"🗄️  MongoDB connected","service":"neural-shop-backend","timestamp":"2026-04-03 15:44:15.596"}
{"level":"info","message":"✅ Redis Connected","service":"neural-shop-backend","timestamp":"2026-04-03 15:44:15.609"}
{"level":"info","message":"🚀 Redis Ready","service":"neural-shop-backend","timestamp":"2026-04-03 15:44:15.652"}
{"level":"info","message":"🚀 Redis connected","service":"neural-shop-backend","timestamp":"2026-04-03 15:44:15.653"}
{"category":"database","host":"localhost:27017","level":"info","message":"🗄️  Connected successfully","service":"neural-shop-backend","timestamp":"2026-04-03 15:44:15.662"}
{"level":"info","message":"🚀 Kafka producer connected","service":"neural-shop-backend","timestamp":"2026-04-03 15:44:15.727"}
{"level":"info","message":"Database URL mongodb://admin:admin@localhost:27017/neural_shop?authSource=admin","service":"neural-shop-backend","timestamp":"2026-04-03 15:44:22.585"}
{"environment":"development","level":"info","message":"🚀 Server is running on port 8000","port":8000,"service":"neural-shop-backend","timestamp":"2026-04-03 15:44:22.709"}
{"category":"database","level":"info","message":"🗄️  MongoDB connected","service":"neural-shop-backend","timestamp":"2026-04-03 15:44:22.710"}
{"level":"info","message":"✅ Redis Connected","service":"neural-shop-backend","timestamp":"2026-04-03 15:44:22.734"}
{"level":"info","message":"🚀 Redis Ready","service":"neural-shop-backend","timestamp":"2026-04-03 15:44:22.780"}
{"level":"info","message":"🚀 Redis connected","service":"neural-shop-backend","timestamp":"2026-04-03 15:44:22.782"}
{"category":"database","host":"localhost:27017","level":"info","message":"🗄️  Connected successfully","service":"neural-shop-backend","timestamp":"2026-04-03 15:44:22.789"}
{"level":"info","message":"🚀 Kafka producer connected","service":"neural-shop-backend","timestamp":"2026-04-03 15:44:22.816"}
{"category":"http","ip":"::1","level":"info","message":"→ POST /login [400]","service":"neural-shop-backend","timestamp":"2026-04-03 15:44:32.136","userAgent":"PostmanRuntime/7.53.0"}
{"level":"info","message":"🚀 Kafka consumers started","service":"neural-shop-backend","timestamp":"2026-04-03 15:45:11.433"}
{"level":"info","message":"Database URL mongodb://admin:admin@localhost:27017/neural_shop?authSource=admin","service":"neural-shop-backend","timestamp":"2026-04-03 15:46:25.005"}
{"environment":"development","level":"info","message":"🚀 Server is running on port 8000","port":8000,"service":"neural-shop-backend","timestamp":"2026-04-03 15:46:25.131"}
{"category":"database","level":"info","message":"🗄️  MongoDB connected","service":"neural-shop-backend","timestamp":"2026-04-03 15:46:25.134"}
{"level":"info","message":"✅ Redis Connected","service":"neural-shop-backend","timestamp":"2026-04-03 15:46:25.164"}
{"level":"info","message":"🚀 Redis Ready","service":"neural-shop-backend","timestamp":"2026-04-03 15:46:25.205"}
{"level":"info","message":"🚀 Redis connected","service":"neural-shop-backend","timestamp":"2026-04-03 15:46:25.218"}
{"category":"database","host":"localhost:27017","level":"info","message":"🗄️  Connected successfully","service":"neural-shop-backend","timestamp":"2026-04-03 15:46:25.229"}
{"level":"info","message":"🚀 Kafka producer connected","service":"neural-shop-backend","timestamp":"2026-04-03 15:46:25.255"}
{"level":"info","message":"Database URL mongodb://admin:admin@localhost:27017/neural_shop?authSource=admin","service":"neural-shop-backend","timestamp":"2026-04-03 15:46:26.972"}
{"environment":"development","level":"info","message":"🚀 Server is running on port 8000","port":8000,"service":"neural-shop-backend","timestamp":"2026-04-03 15:46:27.081"}
{"category":"database","level":"info","message":"🗄️  MongoDB connected","service":"neural-shop-backend","timestamp":"2026-04-03 15:46:27.082"}
{"level":"info","message":"✅ Redis Connected","service":"neural-shop-backend","timestamp":"2026-04-03 15:46:27.105"}
{"level":"info","message":"🚀 Redis Ready","service":"neural-shop-backend","timestamp":"2026-04-03 15:46:27.139"}
{"level":"info","message":"🚀 Redis connected","service":"neural-shop-backend","timestamp":"2026-04-03 15:46:27.141"}
{"category":"database","host":"localhost:27017","level":"info","message":"🗄️  Connected successfully","service":"neural-shop-backend","timestamp":"2026-04-03 15:46:27.169"}
{"level":"info","message":"🚀 Kafka producer connected","service":"neural-shop-backend","timestamp":"2026-04-03 15:46:27.179"}
{"category":"http","ip":"::1","level":"info","message":"→ POST /login [200]","service":"neural-shop-backend","timestamp":"2026-04-03 15:46:34.315","userAgent":"PostmanRuntime/7.53.0"}
{"level":"info","message":"Database URL mongodb://admin:admin@localhost:27017/neural_shop?authSource=admin","service":"neural-shop-backend","timestamp":"2026-04-03 15:47:03.033"}
{"environment":"development","level":"info","message":"🚀 Server is running on port 8000","port":8000,"service":"neural-shop-backend","timestamp":"2026-04-03 15:47:03.148"}
{"category":"database","level":"info","message":"🗄️  MongoDB connected","service":"neural-shop-backend","timestamp":"2026-04-03 15:47:03.149"}
{"level":"info","message":"✅ Redis Connected","service":"neural-shop-backend","timestamp":"2026-04-03 15:47:03.170"}
{"level":"info","message":"🚀 Redis Ready","service":"neural-shop-backend","timestamp":"2026-04-03 15:47:03.206"}
{"level":"info","message":"🚀 Redis connected","service":"neural-shop-backend","timestamp":"2026-04-03 15:47:03.210"}
{"category":"database","host":"localhost:27017","level":"info","message":"🗄️  Connected successfully","service":"neural-shop-backend","timestamp":"2026-04-03 15:47:03.239"}
{"level":"info","message":"🚀 Kafka producer connected","service":"neural-shop-backend","timestamp":"2026-04-03 15:47:03.250"}
{"category":"http","ip":"::1","level":"info","message":"→ POST /login [200]","service":"neural-shop-backend","timestamp":"2026-04-03 15:47:06.508","userAgent":"PostmanRuntime/7.53.0"}
{"level":"info","message":"Database URL mongodb://admin:admin@localhost:27017/neural_shop?authSource=admin","service":"neural-shop-backend","timestamp":"2026-04-03 15:47:42.913"}
{"environment":"development","level":"info","message":"🚀 Server is running on port 8000","port":8000,"service":"neural-shop-backend","timestamp":"2026-04-03 15:47:43.063"}
{"category":"database","level":"info","message":"🗄️  MongoDB connected","service":"neural-shop-backend","timestamp":"2026-04-03 15:47:43.064"}
{"level":"info","message":"✅ Redis Connected","service":"neural-shop-backend","timestamp":"2026-04-03 15:47:43.086"}
{"level":"info","message":"🚀 Redis Ready","service":"neural-shop-backend","timestamp":"2026-04-03 15:47:43.130"}
{"level":"info","message":"🚀 Redis connected","service":"neural-shop-backend","timestamp":"2026-04-03 15:47:43.133"}
{"category":"database","host":"localhost:27017","level":"info","message":"🗄️  Connected successfully","service":"neural-shop-backend","timestamp":"2026-04-03 15:47:43.140"}
{"level":"info","message":"🚀 Kafka producer connected","service":"neural-shop-backend","timestamp":"2026-04-03 15:47:43.188"}
{"level":"info","message":"Database URL mongodb://admin:admin@localhost:27017/neural_shop?authSource=admin","service":"neural-shop-backend","timestamp":"2026-04-03 15:47:45.206"}
{"environment":"development","level":"info","message":"🚀 Server is running on port 8000","port":8000,"service":"neural-shop-backend","timestamp":"2026-04-03 15:47:45.360"}
{"category":"database","level":"info","message":"🗄️  MongoDB connected","service":"neural-shop-backend","timestamp":"2026-04-03 15:47:45.361"}
{"level":"info","message":"✅ Redis Connected","service":"neural-shop-backend","timestamp":"2026-04-03 15:47:45.372"}
{"level":"info","message":"🚀 Redis Ready","service":"neural-shop-backend","timestamp":"2026-04-03 15:47:45.407"}
{"level":"info","message":"🚀 Redis connected","service":"neural-shop-backend","timestamp":"2026-04-03 15:47:45.409"}
{"category":"database","host":"localhost:27017","level":"info","message":"🗄️  Connected successfully","service":"neural-shop-backend","timestamp":"2026-04-03 15:47:45.416"}
{"level":"info","message":"🚀 Kafka producer connected","service":"neural-shop-backend","timestamp":"2026-04-03 15:47:45.447"}
{"category":"http","ip":"::1","level":"info","message":"→ POST /login [400]","service":"neural-shop-backend","timestamp":"2026-04-03 15:47:50.857","userAgent":"PostmanRuntime/7.53.0"}
{"level":"info","message":"Database URL mongodb://admin:admin@localhost:27017/neural_shop?authSource=admin","service":"neural-shop-backend","timestamp":"2026-04-03 15:48:02.657"}
{"environment":"development","level":"info","message":"🚀 Server is running on port 8000","port":8000,"service":"neural-shop-backend","timestamp":"2026-04-03 15:48:02.790"}
{"category":"database","level":"info","message":"🗄️  MongoDB connected","service":"neural-shop-backend","timestamp":"2026-04-03 15:48:02.791"}
{"level":"info","message":"✅ Redis Connected","service":"neural-shop-backend","timestamp":"2026-04-03 15:48:02.819"}
{"level":"info","message":"🚀 Redis Ready","service":"neural-shop-backend","timestamp":"2026-04-03 15:48:02.868"}
{"level":"info","message":"🚀 Redis connected","service":"neural-shop-backend","timestamp":"2026-04-03 15:48:02.869"}
{"category":"database","host":"localhost:27017","level":"info","message":"🗄️  Connected successfully","service":"neural-shop-backend","timestamp":"2026-04-03 15:48:02.901"}
{"level":"info","message":"🚀 Kafka producer connected","service":"neural-shop-backend","timestamp":"2026-04-03 15:48:02.914"}
{"level":"info","message":"Database URL mongodb://admin:admin@localhost:27017/neural_shop?authSource=admin","service":"neural-shop-backend","timestamp":"2026-04-03 15:48:07.970"}
{"environment":"development","level":"info","message":"🚀 Server is running on port 8000","port":8000,"service":"neural-shop-backend","timestamp":"2026-04-03 15:48:08.093"}
{"category":"database","level":"info","message":"🗄️  MongoDB connected","service":"neural-shop-backend","timestamp":"2026-04-03 15:48:08.094"}
{"level":"info","message":"✅ Redis Connected","service":"neural-shop-backend","timestamp":"2026-04-03 15:48:08.117"}
{"level":"info","message":"🚀 Redis Ready","service":"neural-shop-backend","timestamp":"2026-04-03 15:48:08.156"}
{"level":"info","message":"🚀 Redis connected","service":"neural-shop-backend","timestamp":"2026-04-03 15:48:08.158"}
{"level":"info","message":"🚀 Kafka producer connected","service":"neural-shop-backend","timestamp":"2026-04-03 15:48:08.184"}
{"category":"database","host":"localhost:27017","level":"info","message":"🗄️  Connected successfully","service":"neural-shop-backend","timestamp":"2026-04-03 15:48:08.190"}
{"level":"info","message":"Database URL mongodb://admin:admin@localhost:27017/neural_shop?authSource=admin","service":"neural-shop-backend","timestamp":"2026-04-03 15:48:19.946"}
{"environment":"development","level":"info","message":"🚀 Server is running on port 8000","port":8000,"service":"neural-shop-backend","timestamp":"2026-04-03 15:48:20.066"}
{"category":"database","level":"info","message":"🗄️  MongoDB connected","service":"neural-shop-backend","timestamp":"2026-04-03 15:48:20.067"}
{"level":"info","message":"✅ Redis Connected","service":"neural-shop-backend","timestamp":"2026-04-03 15:48:20.084"}
{"level":"info","message":"🚀 Redis Ready","service":"neural-shop-backend","timestamp":"2026-04-03 15:48:20.124"}
{"level":"info","message":"🚀 Redis connected","service":"neural-shop-backend","timestamp":"2026-04-03 15:48:20.126"}
{"category":"database","host":"localhost:27017","level":"info","message":"🗄️  Connected successfully","service":"neural-shop-backend","timestamp":"2026-04-03 15:48:20.133"}
{"level":"info","message":"🚀 Kafka producer connected","service":"neural-shop-backend","timestamp":"2026-04-03 15:48:20.158"}
{"category":"http","ip":"::1","level":"info","message":"→ POST /login [200]","service":"neural-shop-backend","timestamp":"2026-04-03 15:48:25.014","userAgent":"PostmanRuntime/7.53.0"}
{"level":"info","message":"Database URL mongodb://admin:admin@localhost:27017/neural_shop?authSource=admin","service":"neural-shop-backend","timestamp":"2026-04-03 15:48:38.954"}
{"environment":"development","level":"info","message":"🚀 Server is running on port 8000","port":8000,"service":"neural-shop-backend","timestamp":"2026-04-03 15:48:39.108"}
{"category":"database","level":"info","message":"🗄️  MongoDB connected","service":"neural-shop-backend","timestamp":"2026-04-03 15:48:39.109"}
{"level":"info","message":"✅ Redis Connected","service":"neural-shop-backend","timestamp":"2026-04-03 15:48:39.139"}
{"level":"info","message":"🚀 Redis Ready","service":"neural-shop-backend","timestamp":"2026-04-03 15:48:39.181"}
{"level":"info","message":"🚀 Redis connected","service":"neural-shop-backend","timestamp":"2026-04-03 15:48:39.183"}
{"category":"database","host":"localhost:27017","level":"info","message":"🗄️  Connected successfully","service":"neural-shop-backend","timestamp":"2026-04-03 15:48:39.207"}
{"level":"info","message":"🚀 Kafka producer connected","service":"neural-shop-backend","timestamp":"2026-04-03 15:48:39.235"}
{"level":"info","message":"Database URL mongodb://admin:admin@localhost:27017/neural_shop?authSource=admin","service":"neural-shop-backend","timestamp":"2026-04-03 15:48:42.693"}
{"environment":"development","level":"info","message":"🚀 Server is running on port 8000","port":8000,"service":"neural-shop-backend","timestamp":"2026-04-03 15:48:42.809"}
{"category":"database","level":"info","message":"🗄️  MongoDB connected","service":"neural-shop-backend","timestamp":"2026-04-03 15:48:42.810"}
{"level":"info","message":"✅ Redis Connected","service":"neural-shop-backend","timestamp":"2026-04-03 15:48:42.827"}
{"level":"info","message":"🚀 Redis Ready","service":"neural-shop-backend","timestamp":"2026-04-03 15:48:42.862"}
{"level":"info","message":"🚀 Redis connected","service":"neural-shop-backend","timestamp":"2026-04-03 15:48:42.864"}
{"category":"database","host":"localhost:27017","level":"info","message":"🗄️  Connected successfully","service":"neural-shop-backend","timestamp":"2026-04-03 15:48:42.888"}
{"level":"info","message":"🚀 Kafka producer connected","service":"neural-shop-backend","timestamp":"2026-04-03 15:48:42.897"}
{"category":"http","ip":"::1","level":"info","message":"→ POST /login [200]","service":"neural-shop-backend","timestamp":"2026-04-03 15:48:45.029","userAgent":"PostmanRuntime/7.53.0"}
{"level":"info","message":"Database URL mongodb://admin:admin@localhost:27017/neural_shop?authSource=admin","service":"neural-shop-backend","timestamp":"2026-04-03 15:54:21.066"}
{"environment":"development","level":"info","message":"🚀 Server is running on port 8000","port":8000,"service":"neural-shop-backend","timestamp":"2026-04-03 15:54:21.203"}
{"category":"database","level":"info","message":"🗄️  MongoDB connected","service":"neural-shop-backend","timestamp":"2026-04-03 15:54:21.205"}
{"level":"info","message":"✅ Redis Connected","service":"neural-shop-backend","timestamp":"2026-04-03 15:54:21.244"}
{"level":"info","message":"🚀 Redis Ready","service":"neural-shop-backend","timestamp":"2026-04-03 15:54:21.271"}
{"level":"info","message":"🚀 Redis connected","service":"neural-shop-backend","timestamp":"2026-04-03 15:54:21.273"}
{"category":"database","host":"localhost:27017","level":"info","message":"🗄️  Connected successfully","service":"neural-shop-backend","timestamp":"2026-04-03 15:54:21.303"}
{"level":"info","message":"🚀 Kafka producer connected","service":"neural-shop-backend","timestamp":"2026-04-03 15:54:21.314"}
{"level":"info","message":"🚀 Kafka consumers started","service":"neural-shop-backend","timestamp":"2026-04-03 15:54:24.398"}
{"level":"info","message":"Database URL mongodb://admin:admin@localhost:27017/neural_shop?authSource=admin","service":"neural-shop-backend","timestamp":"2026-04-03 15:54:26.283"}
{"environment":"development","level":"info","message":"🚀 Server is running on port 8000","port":8000,"service":"neural-shop-backend","timestamp":"2026-04-03 15:54:26.413"}
{"category":"database","level":"info","message":"🗄️  MongoDB connected","service":"neural-shop-backend","timestamp":"2026-04-03 15:54:26.413"}
{"level":"info","message":"✅ Redis Connected","service":"neural-shop-backend","timestamp":"2026-04-03 15:54:26.438"}
{"level":"info","message":"🚀 Redis Ready","service":"neural-shop-backend","timestamp":"2026-04-03 15:54:26.476"}
{"level":"info","message":"🚀 Redis connected","service":"neural-shop-backend","timestamp":"2026-04-03 15:54:26.478"}
{"category":"database","host":"localhost:27017","level":"info","message":"🗄️  Connected successfully","service":"neural-shop-backend","timestamp":"2026-04-03 15:54:26.506"}
{"level":"info","message":"🚀 Kafka producer connected","service":"neural-shop-backend","timestamp":"2026-04-03 15:54:26.517"}
{"category":"http","ip":"::1","level":"info","message":"→ POST /login [400]","service":"neural-shop-backend","timestamp":"2026-04-03 15:54:36.494","userAgent":"PostmanRuntime/7.53.0"}
{"level":"info","message":"Database URL mongodb://admin:admin@localhost:27017/neural_shop?authSource=admin","service":"neural-shop-backend","timestamp":"2026-04-03 15:54:54.088"}
{"environment":"development","level":"info","message":"🚀 Server is running on port 8000","port":8000,"service":"neural-shop-backend","timestamp":"2026-04-03 15:54:54.234"}
{"category":"database","level":"info","message":"🗄️  MongoDB connected","service":"neural-shop-backend","timestamp":"2026-04-03 15:54:54.235"}
{"level":"info","message":"✅ Redis Connected","service":"neural-shop-backend","timestamp":"2026-04-03 15:54:54.256"}
{"level":"info","message":"🚀 Redis Ready","service":"neural-shop-backend","timestamp":"2026-04-03 15:54:54.303"}
{"level":"info","message":"🚀 Redis connected","service":"neural-shop-backend","timestamp":"2026-04-03 15:54:54.304"}
{"category":"database","host":"localhost:27017","level":"info","message":"🗄️  Connected successfully","service":"neural-shop-backend","timestamp":"2026-04-03 15:54:54.312"}
{"level":"info","message":"🚀 Kafka producer connected","service":"neural-shop-backend","timestamp":"2026-04-03 15:54:54.342"}
{"category":"http","ip":"::1","level":"info","message":"→ POST /login [400]","service":"neural-shop-backend","timestamp":"2026-04-03 15:54:56.811","userAgent":"PostmanRuntime/7.53.0"}
{"level":"info","message":"🚀 Kafka consumers started","service":"neural-shop-backend","timestamp":"2026-04-03 15:55:24.393"}
{"level":"info","message":"Database URL mongodb://admin:admin@localhost:27017/neural_shop?authSource=admin","service":"neural-shop-backend","timestamp":"2026-04-03 15:55:43.195"}
{"environment":"development","level":"info","message":"🚀 Server is running on port 8000","port":8000,"service":"neural-shop-backend","timestamp":"2026-04-03 15:55:43.326"}
{"category":"database","level":"info","message":"🗄️  MongoDB connected","service":"neural-shop-backend","timestamp":"2026-04-03 15:55:43.327"}
{"level":"info","message":"✅ Redis Connected","service":"neural-shop-backend","timestamp":"2026-04-03 15:55:43.352"}
{"level":"info","message":"🚀 Redis Ready","service":"neural-shop-backend","timestamp":"2026-04-03 15:55:43.389"}
{"level":"info","message":"🚀 Redis connected","service":"neural-shop-backend","timestamp":"2026-04-03 15:55:43.402"}
{"category":"database","host":"localhost:27017","level":"info","message":"🗄️  Connected successfully","service":"neural-shop-backend","timestamp":"2026-04-03 15:55:43.414"}
{"level":"info","message":"🚀 Kafka producer connected","service":"neural-shop-backend","timestamp":"2026-04-03 15:55:43.441"}
{"level":"info","message":"Database URL mongodb://admin:admin@localhost:27017/neural_shop?authSource=admin","service":"neural-shop-backend","timestamp":"2026-04-03 15:55:48.973"}
{"environment":"development","level":"info","message":"🚀 Server is running on port 8000","port":8000,"service":"neural-shop-backend","timestamp":"2026-04-03 15:55:49.101"}
{"category":"database","level":"info","message":"🗄️  MongoDB connected","service":"neural-shop-backend","timestamp":"2026-04-03 15:55:49.103"}
{"level":"info","message":"✅ Redis Connected","service":"neural-shop-backend","timestamp":"2026-04-03 15:55:49.133"}
{"level":"info","message":"🚀 Redis Ready","service":"neural-shop-backend","timestamp":"2026-04-03 15:55:49.173"}
{"level":"info","message":"🚀 Redis connected","service":"neural-shop-backend","timestamp":"2026-04-03 15:55:49.176"}
{"category":"database","host":"localhost:27017","level":"info","message":"🗄️  Connected successfully","service":"neural-shop-backend","timestamp":"2026-04-03 15:55:49.196"}
{"level":"info","message":"🚀 Kafka producer connected","service":"neural-shop-backend","timestamp":"2026-04-03 15:55:49.221"}
{"level":"info","message":"Database URL mongodb://admin:admin@localhost:27017/neural_shop?authSource=admin","service":"neural-shop-backend","timestamp":"2026-04-03 15:55:52.446"}
{"environment":"development","level":"info","message":"🚀 Server is running on port 8000","port":8000,"service":"neural-shop-backend","timestamp":"2026-04-03 15:55:52.579"}
{"category":"database","level":"info","message":"🗄️  MongoDB connected","service":"neural-shop-backend","timestamp":"2026-04-03 15:55:52.580"}
{"level":"info","message":"✅ Redis Connected","service":"neural-shop-backend","timestamp":"2026-04-03 15:55:52.610"}
{"level":"info","message":"🚀 Redis Ready","service":"neural-shop-backend","timestamp":"2026-04-03 15:55:52.638"}
{"level":"info","message":"🚀 Redis connected","service":"neural-shop-backend","timestamp":"2026-04-03 15:55:52.639"}
{"category":"database","host":"localhost:27017","level":"info","message":"🗄️  Connected successfully","service":"neural-shop-backend","timestamp":"2026-04-03 15:55:52.666"}
{"level":"info","message":"🚀 Kafka producer connected","service":"neural-shop-backend","timestamp":"2026-04-03 15:55:52.676"}
{"level":"info","message":"Database URL mongodb://admin:admin@localhost:27017/neural_shop?authSource=admin","service":"neural-shop-backend","timestamp":"2026-04-03 15:55:56.575"}
{"environment":"development","level":"info","message":"🚀 Server is running on port 8000","port":8000,"service":"neural-shop-backend","timestamp":"2026-04-03 15:55:56.710"}
{"category":"database","level":"info","message":"🗄️  MongoDB connected","service":"neural-shop-backend","timestamp":"2026-04-03 15:55:56.712"}
{"level":"info","message":"✅ Redis Connected","service":"neural-shop-backend","timestamp":"2026-04-03 15:55:56.735"}
{"level":"info","message":"🚀 Redis Ready","service":"neural-shop-backend","timestamp":"2026-04-03 15:55:56.776"}
{"level":"info","message":"🚀 Redis connected","service":"neural-shop-backend","timestamp":"2026-04-03 15:55:56.778"}
{"category":"database","host":"localhost:27017","level":"info","message":"🗄️  Connected successfully","service":"neural-shop-backend","timestamp":"2026-04-03 15:55:56.806"}
{"level":"info","message":"🚀 Kafka producer connected","service":"neural-shop-backend","timestamp":"2026-04-03 15:55:56.819"}
{"category":"http","ip":"::1","level":"info","message":"→ POST /login [200]","service":"neural-shop-backend","timestamp":"2026-04-03 15:55:59.965","userAgent":"PostmanRuntime/7.53.0"}
{"level":"info","message":"Database URL mongodb://admin:admin@localhost:27017/neural_shop?authSource=admin","service":"neural-shop-backend","timestamp":"2026-04-03 15:56:10.811"}
{"environment":"development","level":"info","message":"🚀 Server is running on port 8000","port":8000,"service":"neural-shop-backend","timestamp":"2026-04-03 15:56:11.019"}
{"category":"database","level":"info","message":"🗄️  MongoDB connected","service":"neural-shop-backend","timestamp":"2026-04-03 15:56:11.021"}
{"level":"info","message":"✅ Redis Connected","service":"neural-shop-backend","timestamp":"2026-04-03 15:56:11.060"}
{"level":"info","message":"🚀 Redis Ready","service":"neural-shop-backend","timestamp":"2026-04-03 15:56:11.101"}
{"level":"info","message":"🚀 Redis connected","service":"neural-shop-backend","timestamp":"2026-04-03 15:56:11.102"}
{"category":"database","host":"localhost:27017","level":"info","message":"🗄️  Connected successfully","service":"neural-shop-backend","timestamp":"2026-04-03 15:56:11.135"}
{"level":"info","message":"🚀 Kafka producer connected","service":"neural-shop-backend","timestamp":"2026-04-03 15:56:11.147"}
{"level":"info","message":"Database URL mongodb://admin:admin@localhost:27017/neural_shop?authSource=admin","service":"neural-shop-backend","timestamp":"2026-04-03 15:56:32.425"}
{"environment":"development","level":"info","message":"🚀 Server is running on port 8000","port":8000,"service":"neural-shop-backend","timestamp":"2026-04-03 15:56:32.559"}
{"category":"database","level":"info","message":"🗄️  MongoDB connected","service":"neural-shop-backend","timestamp":"2026-04-03 15:56:32.560"}
{"level":"info","message":"✅ Redis Connected","service":"neural-shop-backend","timestamp":"2026-04-03 15:56:32.580"}
{"level":"info","message":"🚀 Redis Ready","service":"neural-shop-backend","timestamp":"2026-04-03 15:56:32.613"}
{"level":"info","message":"🚀 Redis connected","service":"neural-shop-backend","timestamp":"2026-04-03 15:56:32.615"}
{"category":"database","host":"localhost:27017","level":"info","message":"🗄️  Connected successfully","service":"neural-shop-backend","timestamp":"2026-04-03 15:56:32.645"}
{"level":"info","message":"🚀 Kafka producer connected","service":"neural-shop-backend","timestamp":"2026-04-03 15:56:32.656"}
{"level":"info","message":"Database URL mongodb://admin:admin@localhost:27017/neural_shop?authSource=admin","service":"neural-shop-backend","timestamp":"2026-04-03 15:56:44.041"}
{"environment":"development","level":"info","message":"🚀 Server is running on port 8000","port":8000,"service":"neural-shop-backend","timestamp":"2026-04-03 15:56:44.178"}
{"category":"database","level":"info","message":"🗄️  MongoDB connected","service":"neural-shop-backend","timestamp":"2026-04-03 15:56:44.179"}
{"level":"info","message":"✅ Redis Connected","service":"neural-shop-backend","timestamp":"2026-04-03 15:56:44.207"}
{"level":"info","message":"🚀 Redis Ready","service":"neural-shop-backend","timestamp":"2026-04-03 15:56:44.248"}
{"level":"info","message":"🚀 Redis connected","service":"neural-shop-backend","timestamp":"2026-04-03 15:56:44.250"}
{"category":"database","host":"localhost:27017","level":"info","message":"🗄️  Connected successfully","service":"neural-shop-backend","timestamp":"2026-04-03 15:56:44.284"}
{"level":"info","message":"🚀 Kafka producer connected","service":"neural-shop-backend","timestamp":"2026-04-03 15:56:44.297"}
{"level":"info","message":"Database URL mongodb://admin:admin@localhost:27017/neural_shop?authSource=admin","service":"neural-shop-backend","timestamp":"2026-04-03 15:56:47.760"}
{"environment":"development","level":"info","message":"🚀 Server is running on port 8000","port":8000,"service":"neural-shop-backend","timestamp":"2026-04-03 15:56:47.919"}
{"category":"database","level":"info","message":"🗄️  MongoDB connected","service":"neural-shop-backend","timestamp":"2026-04-03 15:56:47.923"}
{"level":"info","message":"✅ Redis Connected","service":"neural-shop-backend","timestamp":"2026-04-03 15:56:47.946"}
{"level":"info","message":"🚀 Redis Ready","service":"neural-shop-backend","timestamp":"2026-04-03 15:56:47.984"}
{"level":"info","message":"🚀 Redis connected","service":"neural-shop-backend","timestamp":"2026-04-03 15:56:47.986"}
{"category":"database","host":"localhost:27017","level":"info","message":"🗄️  Connected successfully","service":"neural-shop-backend","timestamp":"2026-04-03 15:56:48.023"}
{"level":"info","message":"🚀 Kafka producer connected","service":"neural-shop-backend","timestamp":"2026-04-03 15:56:48.034"}
{"level":"info","message":"Database URL mongodb://admin:admin@localhost:27017/neural_shop?authSource=admin","service":"neural-shop-backend","timestamp":"2026-04-03 15:56:55.048"}
{"environment":"development","level":"info","message":"🚀 Server is running on port 8000","port":8000,"service":"neural-shop-backend","timestamp":"2026-04-03 15:56:55.190"}
{"category":"database","level":"info","message":"🗄️  MongoDB connected","service":"neural-shop-backend","timestamp":"2026-04-03 15:56:55.192"}
{"level":"info","message":"✅ Redis Connected","service":"neural-shop-backend","timestamp":"2026-04-03 15:56:55.221"}
{"level":"info","message":"🚀 Redis Ready","service":"neural-shop-backend","timestamp":"2026-04-03 15:56:55.269"}
{"category":"database","host":"localhost:27017","level":"info","message":"🗄️  Connected successfully","service":"neural-shop-backend","timestamp":"2026-04-03 15:56:55.274"}
{"level":"info","message":"🚀 Redis connected","service":"neural-shop-backend","timestamp":"2026-04-03 15:56:55.281"}
{"level":"info","message":"🚀 Kafka producer connected","service":"neural-shop-backend","timestamp":"2026-04-03 15:56:55.308"}
{"category":"http","ip":"::1","level":"info","message":"→ POST /login [400]","service":"neural-shop-backend","timestamp":"2026-04-03 15:57:01.593","userAgent":"PostmanRuntime/7.53.0"}
{"category":"http","ip":"::1","level":"info","message":"→ POST /login [400]","service":"neural-shop-backend","timestamp":"2026-04-03 15:57:06.477","userAgent":"PostmanRuntime/7.53.0"}
{"level":"info","message":"🚀 Kafka consumers started","service":"neural-shop-backend","timestamp":"2026-04-03 15:57:09.465"}
{"level":"info","message":"Database URL mongodb://admin:admin@localhost:27017/neural_shop?authSource=admin","service":"neural-shop-backend","timestamp":"2026-04-03 15:57:32.586"}
{"environment":"development","level":"info","message":"🚀 Server is running on port 8000","port":8000,"service":"neural-shop-backend","timestamp":"2026-04-03 15:57:32.738"}
{"category":"database","level":"info","message":"🗄️  MongoDB connected","service":"neural-shop-backend","timestamp":"2026-04-03 15:57:32.739"}
{"level":"info","message":"✅ Redis Connected","service":"neural-shop-backend","timestamp":"2026-04-03 15:57:32.779"}
{"level":"info","message":"🚀 Redis Ready","service":"neural-shop-backend","timestamp":"2026-04-03 15:57:32.852"}
{"level":"info","message":"🚀 Redis connected","service":"neural-shop-backend","timestamp":"2026-04-03 15:57:32.856"}
{"category":"database","host":"localhost:27017","level":"info","message":"🗄️  Connected successfully","service":"neural-shop-backend","timestamp":"2026-04-03 15:57:32.867"}
{"level":"info","message":"🚀 Kafka producer connected","service":"neural-shop-backend","timestamp":"2026-04-03 15:57:32.897"}
{"level":"info","message":"🚀 Kafka consumers started","service":"neural-shop-backend","timestamp":"2026-04-03 15:57:59.565"}
{"level":"info","message":"Database URL mongodb://admin:admin@localhost:27017/neural_shop?authSource=admin","service":"neural-shop-backend","timestamp":"2026-04-03 15:58:16.102"}
{"environment":"development","level":"info","message":"🚀 Server is running on port 8000","port":8000,"service":"neural-shop-backend","timestamp":"2026-04-03 15:58:16.245"}
{"category":"database","level":"info","message":"🗄️  MongoDB connected","service":"neural-shop-backend","timestamp":"2026-04-03 15:58:16.246"}
{"level":"info","message":"✅ Redis Connected","service":"neural-shop-backend","timestamp":"2026-04-03 15:58:16.261"}
{"level":"info","message":"🚀 Redis Ready","service":"neural-shop-backend","timestamp":"2026-04-03 15:58:16.292"}
{"level":"info","message":"🚀 Redis connected","service":"neural-shop-backend","timestamp":"2026-04-03 15:58:16.294"}
{"category":"database","host":"localhost:27017","level":"info","message":"🗄️  Connected successfully","service":"neural-shop-backend","timestamp":"2026-04-03 15:58:16.326"}
{"level":"info","message":"🚀 Kafka producer connected","service":"neural-shop-backend","timestamp":"2026-04-03 15:58:16.336"}
{"level":"info","message":"Database URL mongodb://admin:admin@localhost:27017/neural_shop?authSource=admin","service":"neural-shop-backend","timestamp":"2026-04-03 15:58:20.553"}
{"environment":"development","level":"info","message":"🚀 Server is running on port 8000","port":8000,"service":"neural-shop-backend","timestamp":"2026-04-03 15:58:20.689"}
{"category":"database","level":"info","message":"🗄️  MongoDB connected","service":"neural-shop-backend","timestamp":"2026-04-03 15:58:20.691"}
{"level":"info","message":"✅ Redis Connected","service":"neural-shop-backend","timestamp":"2026-04-03 15:58:20.712"}
{"level":"info","message":"🚀 Redis Ready","service":"neural-shop-backend","timestamp":"2026-04-03 15:58:20.749"}
{"level":"info","message":"🚀 Redis connected","service":"neural-shop-backend","timestamp":"2026-04-03 15:58:20.751"}
{"category":"database","host":"localhost:27017","level":"info","message":"🗄️  Connected successfully","service":"neural-shop-backend","timestamp":"2026-04-03 15:58:20.780"}
{"level":"info","message":"🚀 Kafka producer connected","service":"neural-shop-backend","timestamp":"2026-04-03 15:58:20.790"}
{"level":"info","message":"Database URL mongodb://admin:admin@localhost:27017/neural_shop?authSource=admin","service":"neural-shop-backend","timestamp":"2026-04-03 15:58:26.420"}
{"environment":"development","level":"info","message":"🚀 Server is running on port 8000","port":8000,"service":"neural-shop-backend","timestamp":"2026-04-03 15:58:26.562"}
{"category":"database","level":"info","message":"🗄️  MongoDB connected","service":"neural-shop-backend","timestamp":"2026-04-03 15:58:26.564"}
{"level":"info","message":"✅ Redis Connected","service":"neural-shop-backend","timestamp":"2026-04-03 15:58:26.582"}
{"level":"info","message":"🚀 Redis Ready","service":"neural-shop-backend","timestamp":"2026-04-03 15:58:26.626"}
{"level":"info","message":"🚀 Redis connected","service":"neural-shop-backend","timestamp":"2026-04-03 15:58:26.628"}
{"category":"database","host":"localhost:27017","level":"info","message":"🗄️  Connected successfully","service":"neural-shop-backend","timestamp":"2026-04-03 15:58:26.640"}
{"level":"info","message":"🚀 Kafka producer connected","service":"neural-shop-backend","timestamp":"2026-04-03 15:58:26.673"}
{"level":"info","message":"Database URL mongodb://admin:admin@localhost:27017/neural_shop?authSource=admin","service":"neural-shop-backend","timestamp":"2026-04-03 15:58:33.352"}
{"environment":"development","level":"info","message":"🚀 Server is running on port 8000","port":8000,"service":"neural-shop-backend","timestamp":"2026-04-03 15:58:33.506"}
{"category":"database","level":"info","message":"🗄️  MongoDB connected","service":"neural-shop-backend","timestamp":"2026-04-03 15:58:33.507"}
{"level":"info","message":"✅ Redis Connected","service":"neural-shop-backend","timestamp":"2026-04-03 15:58:33.532"}
{"level":"info","message":"🚀 Redis Ready","service":"neural-shop-backend","timestamp":"2026-04-03 15:58:33.592"}
{"level":"info","message":"🚀 Redis connected","service":"neural-shop-backend","timestamp":"2026-04-03 15:58:33.594"}
{"category":"database","host":"localhost:27017","level":"info","message":"🗄️  Connected successfully","service":"neural-shop-backend","timestamp":"2026-04-03 15:58:33.605"}
{"level":"info","message":"🚀 Kafka producer connected","service":"neural-shop-backend","timestamp":"2026-04-03 15:58:33.640"}
{"level":"info","message":"🚀 Kafka consumers started","service":"neural-shop-backend","timestamp":"2026-04-03 15:58:39.649"}
{"category":"http","ip":"::1","level":"info","message":"→ GET /logout [500]","service":"neural-shop-backend","timestamp":"2026-04-03 15:59:16.520","userAgent":"PostmanRuntime/7.53.0"}
{"level":"info","message":"Database URL mongodb://admin:admin@localhost:27017/neural_shop?authSource=admin","service":"neural-shop-backend","timestamp":"2026-04-03 15:59:30.165"}
{"environment":"development","level":"info","message":"🚀 Server is running on port 8000","port":8000,"service":"neural-shop-backend","timestamp":"2026-04-03 15:59:30.295"}
{"category":"database","level":"info","message":"🗄️  MongoDB connected","service":"neural-shop-backend","timestamp":"2026-04-03 15:59:30.296"}
{"level":"info","message":"✅ Redis Connected","service":"neural-shop-backend","timestamp":"2026-04-03 15:59:30.318"}
{"level":"info","message":"🚀 Redis Ready","service":"neural-shop-backend","timestamp":"2026-04-03 15:59:30.372"}
{"level":"info","message":"🚀 Redis connected","service":"neural-shop-backend","timestamp":"2026-04-03 15:59:30.373"}
{"category":"database","host":"localhost:27017","level":"info","message":"🗄️  Connected successfully","service":"neural-shop-backend","timestamp":"2026-04-03 15:59:30.402"}
{"level":"info","message":"🚀 Kafka producer connected","service":"neural-shop-backend","timestamp":"2026-04-03 15:59:30.434"}
{"category":"http","ip":"::1","level":"info","message":"→ GET /logout [500]","service":"neural-shop-backend","timestamp":"2026-04-03 15:59:36.331","userAgent":"PostmanRuntime/7.53.0"}
{"level":"info","message":"🚀 Kafka consumers started","service":"neural-shop-backend","timestamp":"2026-04-03 15:59:49.864"}
{"level":"info","message":"Database URL mongodb://admin:admin@localhost:27017/neural_shop?authSource=admin","service":"neural-shop-backend","timestamp":"2026-04-03 16:00:59.606"}
{"environment":"development","level":"info","message":"🚀 Server is running on port 8000","port":8000,"service":"neural-shop-backend","timestamp":"2026-04-03 16:00:59.738"}
{"category":"database","level":"info","message":"🗄️  MongoDB connected","service":"neural-shop-backend","timestamp":"2026-04-03 16:00:59.739"}
{"level":"info","message":"✅ Redis Connected","service":"neural-shop-backend","timestamp":"2026-04-03 16:00:59.758"}
{"level":"info","message":"🚀 Redis Ready","service":"neural-shop-backend","timestamp":"2026-04-03 16:00:59.793"}
{"level":"info","message":"🚀 Redis connected","service":"neural-shop-backend","timestamp":"2026-04-03 16:00:59.805"}
{"category":"database","host":"localhost:27017","level":"info","message":"🗄️  Connected successfully","service":"neural-shop-backend","timestamp":"2026-04-03 16:00:59.817"}
{"level":"info","message":"🚀 Kafka producer connected","service":"neural-shop-backend","timestamp":"2026-04-03 16:00:59.849"}
{"level":"info","message":"Database URL mongodb://admin:admin@localhost:27017/neural_shop?authSource=admin","service":"neural-shop-backend","timestamp":"2026-04-03 16:01:08.724"}
{"environment":"development","level":"info","message":"🚀 Server is running on port 8000","port":8000,"service":"neural-shop-backend","timestamp":"2026-04-03 16:01:08.871"}
{"category":"database","level":"info","message":"🗄️  MongoDB connected","service":"neural-shop-backend","timestamp":"2026-04-03 16:01:08.873"}
{"level":"info","message":"✅ Redis Connected","service":"neural-shop-backend","timestamp":"2026-04-03 16:01:08.899"}
{"level":"info","message":"🚀 Redis Ready","service":"neural-shop-backend","timestamp":"2026-04-03 16:01:08.952"}
{"level":"info","message":"🚀 Redis connected","service":"neural-shop-backend","timestamp":"2026-04-03 16:01:08.963"}
{"category":"database","host":"localhost:27017","level":"info","message":"🗄️  Connected successfully","service":"neural-shop-backend","timestamp":"2026-04-03 16:01:08.975"}
{"level":"info","message":"🚀 Kafka producer connected","service":"neural-shop-backend","timestamp":"2026-04-03 16:01:09.004"}
{"level":"info","message":"Database URL mongodb://admin:admin@localhost:27017/neural_shop?authSource=admin","service":"neural-shop-backend","timestamp":"2026-04-03 16:01:21.343"}
{"environment":"development","level":"info","message":"🚀 Server is running on port 8000","port":8000,"service":"neural-shop-backend","timestamp":"2026-04-03 16:01:21.506"}
{"category":"database","level":"info","message":"🗄️  MongoDB connected","service":"neural-shop-backend","timestamp":"2026-04-03 16:01:21.507"}
{"level":"info","message":"✅ Redis Connected","service":"neural-shop-backend","timestamp":"2026-04-03 16:01:21.529"}
{"level":"info","message":"🚀 Redis Ready","service":"neural-shop-backend","timestamp":"2026-04-03 16:01:21.565"}
{"level":"info","message":"🚀 Redis connected","service":"neural-shop-backend","timestamp":"2026-04-03 16:01:21.567"}
{"category":"database","host":"localhost:27017","level":"info","message":"🗄️  Connected successfully","service":"neural-shop-backend","timestamp":"2026-04-03 16:01:21.612"}
{"level":"info","message":"🚀 Kafka producer connected","service":"neural-shop-backend","timestamp":"2026-04-03 16:01:21.629"}
{"level":"info","message":"Database URL mongodb://admin:admin@localhost:27017/neural_shop?authSource=admin","service":"neural-shop-backend","timestamp":"2026-04-03 16:01:23.639"}
{"environment":"development","level":"info","message":"🚀 Server is running on port 8000","port":8000,"service":"neural-shop-backend","timestamp":"2026-04-03 16:01:23.782"}
{"category":"database","level":"info","message":"🗄️  MongoDB connected","service":"neural-shop-backend","timestamp":"2026-04-03 16:01:23.785"}
{"level":"info","message":"✅ Redis Connected","service":"neural-shop-backend","timestamp":"2026-04-03 16:01:23.819"}
{"level":"info","message":"🚀 Redis Ready","service":"neural-shop-backend","timestamp":"2026-04-03 16:01:23.860"}
{"level":"info","message":"🚀 Redis connected","service":"neural-shop-backend","timestamp":"2026-04-03 16:01:23.862"}
{"level":"info","message":"🚀 Kafka producer connected","service":"neural-shop-backend","timestamp":"2026-04-03 16:01:23.900"}
{"category":"database","host":"localhost:27017","level":"info","message":"🗄️  Connected successfully","service":"neural-shop-backend","timestamp":"2026-04-03 16:01:23.906"}
{"level":"info","message":"Database URL mongodb://admin:admin@localhost:27017/neural_shop?authSource=admin","service":"neural-shop-backend","timestamp":"2026-04-03 16:01:27.420"}
{"environment":"development","level":"info","message":"🚀 Server is running on port 8000","port":8000,"service":"neural-shop-backend","timestamp":"2026-04-03 16:01:27.613"}
{"category":"database","level":"info","message":"🗄️  MongoDB connected","service":"neural-shop-backend","timestamp":"2026-04-03 16:01:27.615"}
{"level":"info","message":"✅ Redis Connected","service":"neural-shop-backend","timestamp":"2026-04-03 16:01:27.642"}
{"level":"info","message":"Database URL mongodb://admin:admin@localhost:27017/neural_shop?authSource=admin","service":"neural-shop-backend","timestamp":"2026-04-03 16:01:29.446"}
{"environment":"development","level":"info","message":"🚀 Server is running on port 8000","port":8000,"service":"neural-shop-backend","timestamp":"2026-04-03 16:01:29.583"}
{"category":"database","level":"info","message":"🗄️  MongoDB connected","service":"neural-shop-backend","timestamp":"2026-04-03 16:01:29.586"}
{"level":"info","message":"✅ Redis Connected","service":"neural-shop-backend","timestamp":"2026-04-03 16:01:29.604"}
{"level":"info","message":"🚀 Redis Ready","service":"neural-shop-backend","timestamp":"2026-04-03 16:01:29.652"}
{"level":"info","message":"🚀 Redis connected","service":"neural-shop-backend","timestamp":"2026-04-03 16:01:29.653"}
{"category":"database","host":"localhost:27017","level":"info","message":"🗄️  Connected successfully","service":"neural-shop-backend","timestamp":"2026-04-03 16:01:29.661"}
{"level":"info","message":"🚀 Kafka producer connected","service":"neural-shop-backend","timestamp":"2026-04-03 16:01:29.689"}
{"level":"info","message":"Database URL mongodb://admin:admin@localhost:27017/neural_shop?authSource=admin","service":"neural-shop-backend","timestamp":"2026-04-03 16:01:34.395"}
{"environment":"development","level":"info","message":"🚀 Server is running on port 8000","port":8000,"service":"neural-shop-backend","timestamp":"2026-04-03 16:01:34.538"}
{"category":"database","level":"info","message":"🗄️  MongoDB connected","service":"neural-shop-backend","timestamp":"2026-04-03 16:01:34.540"}
{"level":"info","message":"✅ Redis Connected","service":"neural-shop-backend","timestamp":"2026-04-03 16:01:34.561"}
{"level":"info","message":"🚀 Redis Ready","service":"neural-shop-backend","timestamp":"2026-04-03 16:01:34.607"}
{"level":"info","message":"🚀 Redis connected","service":"neural-shop-backend","timestamp":"2026-04-03 16:01:34.614"}
{"category":"database","host":"localhost:27017","level":"info","message":"🗄️  Connected successfully","service":"neural-shop-backend","timestamp":"2026-04-03 16:01:34.647"}
{"level":"info","message":"🚀 Kafka producer connected","service":"neural-shop-backend","timestamp":"2026-04-03 16:01:34.661"}
{"level":"info","message":"Database URL mongodb://admin:admin@localhost:27017/neural_shop?authSource=admin","service":"neural-shop-backend","timestamp":"2026-04-03 16:02:11.817"}
{"environment":"development","level":"info","message":"🚀 Server is running on port 8000","port":8000,"service":"neural-shop-backend","timestamp":"2026-04-03 16:02:11.978"}
{"category":"database","level":"info","message":"🗄️  MongoDB connected","service":"neural-shop-backend","timestamp":"2026-04-03 16:02:11.979"}
{"level":"info","message":"✅ Redis Connected","service":"neural-shop-backend","timestamp":"2026-04-03 16:02:11.998"}
{"level":"info","message":"🚀 Redis Ready","service":"neural-shop-backend","timestamp":"2026-04-03 16:02:12.045"}
{"category":"database","host":"localhost:27017","level":"info","message":"🗄️  Connected successfully","service":"neural-shop-backend","timestamp":"2026-04-03 16:02:12.051"}
{"level":"info","message":"🚀 Redis connected","service":"neural-shop-backend","timestamp":"2026-04-03 16:02:12.058"}
{"level":"info","message":"🚀 Kafka producer connected","service":"neural-shop-backend","timestamp":"2026-04-03 16:02:12.088"}
{"level":"info","message":"Database URL mongodb://admin:admin@localhost:27017/neural_shop?authSource=admin","service":"neural-shop-backend","timestamp":"2026-04-03 16:02:14.084"}
{"environment":"development","level":"info","message":"🚀 Server is running on port 8000","port":8000,"service":"neural-shop-backend","timestamp":"2026-04-03 16:02:14.211"}
{"category":"database","level":"info","message":"🗄️  MongoDB connected","service":"neural-shop-backend","timestamp":"2026-04-03 16:02:14.213"}
{"level":"info","message":"✅ Redis Connected","service":"neural-shop-backend","timestamp":"2026-04-03 16:02:14.234"}
{"level":"info","message":"🚀 Redis Ready","service":"neural-shop-backend","timestamp":"2026-04-03 16:02:14.275"}
{"level":"info","message":"🚀 Redis connected","service":"neural-shop-backend","timestamp":"2026-04-03 16:02:14.276"}
{"category":"database","host":"localhost:27017","level":"info","message":"🗄️  Connected successfully","service":"neural-shop-backend","timestamp":"2026-04-03 16:02:14.306"}
{"level":"info","message":"🚀 Kafka producer connected","service":"neural-shop-backend","timestamp":"2026-04-03 16:02:14.316"}
{"level":"info","message":"Database URL mongodb://admin:admin@localhost:27017/neural_shop?authSource=admin","service":"neural-shop-backend","timestamp":"2026-04-03 16:02:18.757"}
{"environment":"development","level":"info","message":"🚀 Server is running on port 8000","port":8000,"service":"neural-shop-backend","timestamp":"2026-04-03 16:02:18.897"}
{"category":"database","level":"info","message":"🗄️  MongoDB connected","service":"neural-shop-backend","timestamp":"2026-04-03 16:02:18.899"}
{"level":"info","message":"✅ Redis Connected","service":"neural-shop-backend","timestamp":"2026-04-03 16:02:18.926"}
{"level":"info","message":"🚀 Redis Ready","service":"neural-shop-backend","timestamp":"2026-04-03 16:02:18.978"}
{"level":"info","message":"🚀 Redis connected","service":"neural-shop-backend","timestamp":"2026-04-03 16:02:18.980"}
{"category":"database","host":"localhost:27017","level":"info","message":"🗄️  Connected successfully","service":"neural-shop-backend","timestamp":"2026-04-03 16:02:19.022"}
{"level":"info","message":"🚀 Kafka producer connected","service":"neural-shop-backend","timestamp":"2026-04-03 16:02:19.035"}
{"level":"info","message":"Database URL mongodb://admin:admin@localhost:27017/neural_shop?authSource=admin","service":"neural-shop-backend","timestamp":"2026-04-03 16:02:20.853"}
{"environment":"development","level":"info","message":"🚀 Server is running on port 8000","port":8000,"service":"neural-shop-backend","timestamp":"2026-04-03 16:02:20.992"}
{"category":"database","level":"info","message":"🗄️  MongoDB connected","service":"neural-shop-backend","timestamp":"2026-04-03 16:02:20.993"}
{"level":"info","message":"✅ Redis Connected","service":"neural-shop-backend","timestamp":"2026-04-03 16:02:21.020"}
{"level":"info","message":"🚀 Redis Ready","service":"neural-shop-backend","timestamp":"2026-04-03 16:02:21.058"}
{"level":"info","message":"🚀 Redis connected","service":"neural-shop-backend","timestamp":"2026-04-03 16:02:21.070"}
{"category":"database","host":"localhost:27017","level":"info","message":"🗄️  Connected successfully","service":"neural-shop-backend","timestamp":"2026-04-03 16:02:21.078"}
{"level":"info","message":"🚀 Kafka producer connected","service":"neural-shop-backend","timestamp":"2026-04-03 16:02:21.105"}
{"level":"info","message":"Database URL mongodb://admin:admin@localhost:27017/neural_shop?authSource=admin","service":"neural-shop-backend","timestamp":"2026-04-03 16:02:23.622"}
{"environment":"development","level":"info","message":"🚀 Server is running on port 8000","port":8000,"service":"neural-shop-backend","timestamp":"2026-04-03 16:02:23.790"}
{"category":"database","level":"info","message":"🗄️  MongoDB connected","service":"neural-shop-backend","timestamp":"2026-04-03 16:02:23.792"}
{"level":"info","message":"✅ Redis Connected","service":"neural-shop-backend","timestamp":"2026-04-03 16:02:23.809"}
{"level":"info","message":"🚀 Redis Ready","service":"neural-shop-backend","timestamp":"2026-04-03 16:02:23.866"}
{"level":"info","message":"🚀 Redis connected","service":"neural-shop-backend","timestamp":"2026-04-03 16:02:23.868"}
{"category":"database","host":"localhost:27017","level":"info","message":"🗄️  Connected successfully","service":"neural-shop-backend","timestamp":"2026-04-03 16:02:23.879"}
{"level":"info","message":"🚀 Kafka producer connected","service":"neural-shop-backend","timestamp":"2026-04-03 16:02:23.930"}
{"category":"http","ip":"::1","level":"info","message":"→ GET /logout [200]","service":"neural-shop-backend","timestamp":"2026-04-03 16:02:26.013","userAgent":"PostmanRuntime/7.53.0"}
{"level":"info","message":"🚀 Kafka consumers started","service":"neural-shop-backend","timestamp":"2026-04-03 16:03:12.474"}
{"level":"info","message":"Database URL mongodb://admin:admin@localhost:27017/neural_shop?authSource=admin","service":"neural-shop-backend","timestamp":"2026-04-03 16:03:52.051"}
{"environment":"development","level":"info","message":"🚀 Server is running on port 8000","port":8000,"service":"neural-shop-backend","timestamp":"2026-04-03 16:03:52.190"}
{"category":"database","level":"info","message":"🗄️  MongoDB connected","service":"neural-shop-backend","timestamp":"2026-04-03 16:03:52.191"}
{"level":"info","message":"✅ Redis Connected","service":"neural-shop-backend","timestamp":"2026-04-03 16:03:52.212"}
{"level":"info","message":"🚀 Redis Ready","service":"neural-shop-backend","timestamp":"2026-04-03 16:03:52.247"}
{"level":"info","message":"🚀 Redis connected","service":"neural-shop-backend","timestamp":"2026-04-03 16:03:52.249"}
{"level":"info","message":"🚀 Kafka producer connected","service":"neural-shop-backend","timestamp":"2026-04-03 16:03:52.281"}
{"category":"database","host":"localhost:27017","level":"info","message":"🗄️  Connected successfully","service":"neural-shop-backend","timestamp":"2026-04-03 16:03:52.288"}
{"level":"info","message":"Database URL mongodb://admin:admin@localhost:27017/neural_shop?authSource=admin","service":"neural-shop-backend","timestamp":"2026-04-03 16:03:59.906"}
{"environment":"development","level":"info","message":"🚀 Server is running on port 8000","port":8000,"service":"neural-shop-backend","timestamp":"2026-04-03 16:04:00.070"}
{"category":"database","level":"info","message":"🗄️  MongoDB connected","service":"neural-shop-backend","timestamp":"2026-04-03 16:04:00.073"}
{"level":"info","message":"✅ Redis Connected","service":"neural-shop-backend","timestamp":"2026-04-03 16:04:00.122"}
{"level":"info","message":"🚀 Redis Ready","service":"neural-shop-backend","timestamp":"2026-04-03 16:04:00.190"}
{"level":"info","message":"🚀 Redis connected","service":"neural-shop-backend","timestamp":"2026-04-03 16:04:00.193"}
{"category":"database","host":"localhost:27017","level":"info","message":"🗄️  Connected successfully","service":"neural-shop-backend","timestamp":"2026-04-03 16:04:00.239"}
{"level":"info","message":"🚀 Kafka producer connected","service":"neural-shop-backend","timestamp":"2026-04-03 16:04:00.279"}
{"level":"info","message":"🚀 Kafka consumers started","service":"neural-shop-backend","timestamp":"2026-04-03 16:04:47.933"}
{"category":"http","ip":"::1","level":"info","message":"→ POST /registration [201]","service":"neural-shop-backend","timestamp":"2026-04-03 16:05:24.667","userAgent":"PostmanRuntime/7.53.0"}
{"category":"http","ip":"::1","level":"info","message":"→ POST /adminregister [201]","service":"neural-shop-backend","timestamp":"2026-04-03 16:05:57.429","userAgent":"PostmanRuntime/7.53.0"}
{"level":"info","message":"Database URL mongodb://admin:admin@localhost:27017/neural_shop?authSource=admin","service":"neural-shop-backend","timestamp":"2026-04-03 16:06:48.615"}
{"environment":"development","level":"info","message":"🚀 Server is running on port 8000","port":8000,"service":"neural-shop-backend","timestamp":"2026-04-03 16:06:48.771"}
{"category":"database","level":"info","message":"🗄️  MongoDB connected","service":"neural-shop-backend","timestamp":"2026-04-03 16:06:48.773"}
{"level":"info","message":"✅ Redis Connected","service":"neural-shop-backend","timestamp":"2026-04-03 16:06:48.792"}
{"level":"info","message":"🚀 Redis Ready","service":"neural-shop-backend","timestamp":"2026-04-03 16:06:48.826"}
{"level":"info","message":"🚀 Redis connected","service":"neural-shop-backend","timestamp":"2026-04-03 16:06:48.827"}
{"category":"database","host":"localhost:27017","level":"info","message":"🗄️  Connected successfully","service":"neural-shop-backend","timestamp":"2026-04-03 16:06:48.853"}
{"level":"info","message":"🚀 Kafka producer connected","service":"neural-shop-backend","timestamp":"2026-04-03 16:06:48.863"}
{"level":"info","message":"🚀 Kafka consumers started","service":"neural-shop-backend","timestamp":"2026-04-03 16:06:52.392"}
{"level":"info","message":"Database URL mongodb://admin:admin@localhost:27017/neural_shop?authSource=admin","service":"neural-shop-backend","timestamp":"2026-04-03 16:06:57.531"}
{"environment":"development","level":"info","message":"🚀 Server is running on port 8000","port":8000,"service":"neural-shop-backend","timestamp":"2026-04-03 16:06:57.650"}
{"category":"database","level":"info","message":"🗄️  MongoDB connected","service":"neural-shop-backend","timestamp":"2026-04-03 16:06:57.651"}
{"level":"info","message":"✅ Redis Connected","service":"neural-shop-backend","timestamp":"2026-04-03 16:06:57.671"}
{"level":"info","message":"🚀 Redis Ready","service":"neural-shop-backend","timestamp":"2026-04-03 16:06:57.706"}
{"level":"info","message":"🚀 Redis connected","service":"neural-shop-backend","timestamp":"2026-04-03 16:06:57.717"}
{"category":"database","host":"localhost:27017","level":"info","message":"🗄️  Connected successfully","service":"neural-shop-backend","timestamp":"2026-04-03 16:06:57.725"}
{"level":"info","message":"🚀 Kafka producer connected","service":"neural-shop-backend","timestamp":"2026-04-03 16:06:57.752"}
{"level":"info","message":"Database URL mongodb://admin:admin@localhost:27017/neural_shop?authSource=admin","service":"neural-shop-backend","timestamp":"2026-04-03 16:07:13.458"}
{"environment":"development","level":"info","message":"🚀 Server is running on port 8000","port":8000,"service":"neural-shop-backend","timestamp":"2026-04-03 16:07:13.588"}
{"category":"database","level":"info","message":"🗄️  MongoDB connected","service":"neural-shop-backend","timestamp":"2026-04-03 16:07:13.589"}
{"level":"info","message":"✅ Redis Connected","service":"neural-shop-backend","timestamp":"2026-04-03 16:07:13.620"}
{"level":"info","message":"🚀 Redis Ready","service":"neural-shop-backend","timestamp":"2026-04-03 16:07:13.655"}
{"level":"info","message":"🚀 Redis connected","service":"neural-shop-backend","timestamp":"2026-04-03 16:07:13.658"}
{"category":"database","host":"localhost:27017","level":"info","message":"🗄️  Connected successfully","service":"neural-shop-backend","timestamp":"2026-04-03 16:07:13.688"}
{"level":"info","message":"🚀 Kafka producer connected","service":"neural-shop-backend","timestamp":"2026-04-03 16:07:13.697"}
{"level":"info","message":"🚀 Kafka consumers started","service":"neural-shop-backend","timestamp":"2026-04-03 16:07:52.700"}
{"level":"info","message":"Database URL mongodb://admin:admin@localhost:27017/neural_shop?authSource=admin","service":"neural-shop-backend","timestamp":"2026-04-03 16:08:07.186"}
{"environment":"development","level":"info","message":"🚀 Server is running on port 8000","port":8000,"service":"neural-shop-backend","timestamp":"2026-04-03 16:08:07.303"}
{"category":"database","level":"info","message":"🗄️  MongoDB connected","service":"neural-shop-backend","timestamp":"2026-04-03 16:08:07.304"}
{"level":"info","message":"✅ Redis Connected","service":"neural-shop-backend","timestamp":"2026-04-03 16:08:07.329"}
{"level":"info","message":"🚀 Redis Ready","service":"neural-shop-backend","timestamp":"2026-04-03 16:08:07.373"}
{"level":"info","message":"🚀 Redis connected","service":"neural-shop-backend","timestamp":"2026-04-03 16:08:07.375"}
{"category":"database","host":"localhost:27017","level":"info","message":"🗄️  Connected successfully","service":"neural-shop-backend","timestamp":"2026-04-03 16:08:07.382"}
{"level":"info","message":"🚀 Kafka producer connected","service":"neural-shop-backend","timestamp":"2026-04-03 16:08:07.415"}
{"level":"info","message":"Database URL mongodb://admin:admin@localhost:27017/neural_shop?authSource=admin","service":"neural-shop-backend","timestamp":"2026-04-03 16:08:20.081"}
{"environment":"development","level":"info","message":"🚀 Server is running on port 8000","port":8000,"service":"neural-shop-backend","timestamp":"2026-04-03 16:08:20.202"}
{"category":"database","level":"info","message":"🗄️  MongoDB connected","service":"neural-shop-backend","timestamp":"2026-04-03 16:08:20.203"}
{"level":"info","message":"✅ Redis Connected","service":"neural-shop-backend","timestamp":"2026-04-03 16:08:20.227"}
{"level":"info","message":"🚀 Redis Ready","service":"neural-shop-backend","timestamp":"2026-04-03 16:08:20.269"}
{"level":"info","message":"🚀 Redis connected","service":"neural-shop-backend","timestamp":"2026-04-03 16:08:20.271"}
{"category":"database","host":"localhost:27017","level":"info","message":"🗄️  Connected successfully","service":"neural-shop-backend","timestamp":"2026-04-03 16:08:20.279"}
{"level":"info","message":"🚀 Kafka producer connected","service":"neural-shop-backend","timestamp":"2026-04-03 16:08:20.304"}
{"level":"info","message":"Database URL mongodb://admin:admin@localhost:27017/neural_shop?authSource=admin","service":"neural-shop-backend","timestamp":"2026-04-03 16:08:32.639"}
{"environment":"development","level":"info","message":"🚀 Server is running on port 8000","port":8000,"service":"neural-shop-backend","timestamp":"2026-04-03 16:08:32.773"}
{"category":"database","level":"info","message":"🗄️  MongoDB connected","service":"neural-shop-backend","timestamp":"2026-04-03 16:08:32.774"}
{"level":"info","message":"✅ Redis Connected","service":"neural-shop-backend","timestamp":"2026-04-03 16:08:32.798"}
{"level":"info","message":"🚀 Redis Ready","service":"neural-shop-backend","timestamp":"2026-04-03 16:08:32.841"}
{"level":"info","message":"🚀 Redis connected","service":"neural-shop-backend","timestamp":"2026-04-03 16:08:32.843"}
{"category":"database","host":"localhost:27017","level":"info","message":"🗄️  Connected successfully","service":"neural-shop-backend","timestamp":"2026-04-03 16:08:32.850"}
{"level":"info","message":"🚀 Kafka producer connected","service":"neural-shop-backend","timestamp":"2026-04-03 16:08:32.874"}
{"level":"info","message":"Database URL mongodb://admin:admin@localhost:27017/neural_shop?authSource=admin","service":"neural-shop-backend","timestamp":"2026-04-03 16:08:53.859"}
{"environment":"development","level":"info","message":"🚀 Server is running on port 8000","port":8000,"service":"neural-shop-backend","timestamp":"2026-04-03 16:08:53.975"}
{"category":"database","level":"info","message":"🗄️  MongoDB connected","service":"neural-shop-backend","timestamp":"2026-04-03 16:08:53.976"}
{"level":"info","message":"✅ Redis Connected","service":"neural-shop-backend","timestamp":"2026-04-03 16:08:53.996"}
{"level":"info","message":"🚀 Redis Ready","service":"neural-shop-backend","timestamp":"2026-04-03 16:08:54.042"}
{"level":"info","message":"🚀 Redis connected","service":"neural-shop-backend","timestamp":"2026-04-03 16:08:54.044"}
{"category":"database","host":"localhost:27017","level":"info","message":"🗄️  Connected successfully","service":"neural-shop-backend","timestamp":"2026-04-03 16:08:54.052"}
{"level":"info","message":"🚀 Kafka producer connected","service":"neural-shop-backend","timestamp":"2026-04-03 16:08:54.078"}
{"category":"http","ip":"::1","level":"info","message":"→ POST /adminregister [400]","service":"neural-shop-backend","timestamp":"2026-04-03 16:09:05.487","userAgent":"PostmanRuntime/7.53.0"}
{"category":"http","ip":"::1","level":"info","message":"→ POST /adminregister [201]","service":"neural-shop-backend","timestamp":"2026-04-03 16:09:23.264","userAgent":"PostmanRuntime/7.53.0"}
{"level":"info","message":"🚀 Kafka consumers started","service":"neural-shop-backend","timestamp":"2026-04-03 16:09:33.000"}
{"errors":[{"location":"body","msg":"Name is required","path":"name","type":"field","value":""},{"location":"body","msg":"Name must be at least 2 characters","path":"name","type":"field","value":""}],"level":"warn","message":"Validation error","method":"POST","path":"/registration","service":"neural-shop-backend","timestamp":"2026-04-03 16:10:09.114"}
{"category":"http","ip":"::1","level":"info","message":"→ POST /registration [400]","service":"neural-shop-backend","timestamp":"2026-04-03 16:10:09.115","userAgent":"PostmanRuntime/7.53.0"}
{"errors":[{"location":"body","msg":"OTP is required","path":"otp","type":"field"},{"location":"body","msg":"OTP must be 6 digits","path":"otp","type":"field"},{"location":"body","msg":"OTP must be numeric","path":"otp","type":"field"}],"level":"warn","message":"Validation error","method":"POST","path":"/verify-email","service":"neural-shop-backend","timestamp":"2026-04-03 16:10:54.302"}
{"category":"http","ip":"::1","level":"info","message":"→ POST /verify-email [400]","service":"neural-shop-backend","timestamp":"2026-04-03 16:10:54.303","userAgent":"PostmanRuntime/7.53.0"}
{"level":"info","message":"Database URL mongodb://admin:admin@localhost:27017/neural_shop?authSource=admin","service":"neural-shop-backend","timestamp":"2026-04-03 16:12:35.952"}
{"environment":"development","level":"info","message":"🚀 Server is running on port 8000","port":8000,"service":"neural-shop-backend","timestamp":"2026-04-03 16:12:36.063"}
{"category":"database","level":"info","message":"🗄️  MongoDB connected","service":"neural-shop-backend","timestamp":"2026-04-03 16:12:36.064"}
{"level":"info","message":"✅ Redis Connected","service":"neural-shop-backend","timestamp":"2026-04-03 16:12:36.090"}
{"level":"info","message":"🚀 Redis Ready","service":"neural-shop-backend","timestamp":"2026-04-03 16:12:36.126"}
{"level":"info","message":"🚀 Redis connected","service":"neural-shop-backend","timestamp":"2026-04-03 16:12:36.127"}
{"category":"database","host":"localhost:27017","level":"info","message":"🗄️  Connected successfully","service":"neural-shop-backend","timestamp":"2026-04-03 16:12:36.150"}
{"level":"info","message":"🚀 Kafka producer connected","service":"neural-shop-backend","timestamp":"2026-04-03 16:12:36.182"}
{"level":"info","message":"🚀 Kafka consumers started","service":"neural-shop-backend","timestamp":"2026-04-03 16:12:39.246"}
{"category":"http","ip":"::1","level":"info","message":"→ POST /adminregister [201]","service":"neural-shop-backend","timestamp":"2026-04-03 16:12:52.727","userAgent":"PostmanRuntime/7.53.0"}
{"category":"http","ip":"::1","level":"info","message":"→ POST /verify-email [400]","service":"neural-shop-backend","timestamp":"2026-04-03 16:13:33.070","userAgent":"PostmanRuntime/7.53.0"}
{"level":"info","message":"Database URL mongodb://admin:admin@localhost:27017/neural_shop?authSource=admin","service":"neural-shop-backend","timestamp":"2026-04-03 16:14:39.779"}
{"environment":"development","level":"info","message":"🚀 Server is running on port 8000","port":8000,"service":"neural-shop-backend","timestamp":"2026-04-03 16:14:39.942"}
{"category":"database","level":"info","message":"🗄️  MongoDB connected","service":"neural-shop-backend","timestamp":"2026-04-03 16:14:39.946"}
{"level":"info","message":"✅ Redis Connected","service":"neural-shop-backend","timestamp":"2026-04-03 16:14:39.970"}
{"level":"info","message":"🚀 Redis Ready","service":"neural-shop-backend","timestamp":"2026-04-03 16:14:40.011"}
{"level":"info","message":"🚀 Redis connected","service":"neural-shop-backend","timestamp":"2026-04-03 16:14:40.013"}
{"category":"database","host":"localhost:27017","level":"info","message":"🗄️  Connected successfully","service":"neural-shop-backend","timestamp":"2026-04-03 16:14:40.040"}
{"level":"info","message":"🚀 Kafka producer connected","service":"neural-shop-backend","timestamp":"2026-04-03 16:14:40.071"}
{"level":"info","message":"Database URL mongodb://admin:admin@localhost:27017/neural_shop?authSource=admin","service":"neural-shop-backend","timestamp":"2026-04-03 16:14:53.976"}
{"environment":"development","level":"info","message":"🚀 Server is running on port 8000","port":8000,"service":"neural-shop-backend","timestamp":"2026-04-03 16:14:54.088"}
{"category":"database","level":"info","message":"🗄️  MongoDB connected","service":"neural-shop-backend","timestamp":"2026-04-03 16:14:54.089"}
{"level":"info","message":"✅ Redis Connected","service":"neural-shop-backend","timestamp":"2026-04-03 16:14:54.114"}
{"level":"info","message":"🚀 Redis Ready","service":"neural-shop-backend","timestamp":"2026-04-03 16:14:54.151"}
{"level":"info","message":"🚀 Redis connected","service":"neural-shop-backend","timestamp":"2026-04-03 16:14:54.153"}
{"category":"database","host":"localhost:27017","level":"info","message":"🗄️  Connected successfully","service":"neural-shop-backend","timestamp":"2026-04-03 16:14:54.176"}
{"level":"info","message":"🚀 Kafka producer connected","service":"neural-shop-backend","timestamp":"2026-04-03 16:14:54.186"}
{"level":"info","message":"Database URL mongodb://admin:admin@localhost:27017/neural_shop?authSource=admin","service":"neural-shop-backend","timestamp":"2026-04-03 16:15:03.145"}
{"environment":"development","level":"info","message":"🚀 Server is running on port 8000","port":8000,"service":"neural-shop-backend","timestamp":"2026-04-03 16:15:03.274"}
{"category":"database","level":"info","message":"🗄️  MongoDB connected","service":"neural-shop-backend","timestamp":"2026-04-03 16:15:03.275"}
{"level":"info","message":"✅ Redis Connected","service":"neural-shop-backend","timestamp":"2026-04-03 16:15:03.297"}
{"level":"info","message":"🚀 Redis Ready","service":"neural-shop-backend","timestamp":"2026-04-03 16:15:03.336"}
{"level":"info","message":"🚀 Redis connected","service":"neural-shop-backend","timestamp":"2026-04-03 16:15:03.337"}
{"category":"database","host":"localhost:27017","level":"info","message":"🗄️  Connected successfully","service":"neural-shop-backend","timestamp":"2026-04-03 16:15:03.365"}
{"level":"info","message":"🚀 Kafka producer connected","service":"neural-shop-backend","timestamp":"2026-04-03 16:15:03.376"}
{"level":"info","message":"Database URL mongodb://admin:admin@localhost:27017/neural_shop?authSource=admin","service":"neural-shop-backend","timestamp":"2026-04-03 16:15:16.285"}
{"environment":"development","level":"info","message":"🚀 Server is running on port 8000","port":8000,"service":"neural-shop-backend","timestamp":"2026-04-03 16:15:16.405"}
{"category":"database","level":"info","message":"🗄️  MongoDB connected","service":"neural-shop-backend","timestamp":"2026-04-03 16:15:16.406"}
{"level":"info","message":"✅ Redis Connected","service":"neural-shop-backend","timestamp":"2026-04-03 16:15:16.433"}
{"level":"info","message":"🚀 Redis Ready","service":"neural-shop-backend","timestamp":"2026-04-03 16:15:16.477"}
{"level":"info","message":"🚀 Redis connected","service":"neural-shop-backend","timestamp":"2026-04-03 16:15:16.479"}
{"category":"database","host":"localhost:27017","level":"info","message":"🗄️  Connected successfully","service":"neural-shop-backend","timestamp":"2026-04-03 16:15:16.508"}
{"level":"info","message":"🚀 Kafka producer connected","service":"neural-shop-backend","timestamp":"2026-04-03 16:15:16.541"}
{"level":"info","message":"Database URL mongodb://admin:admin@localhost:27017/neural_shop?authSource=admin","service":"neural-shop-backend","timestamp":"2026-04-03 16:15:45.133"}
{"environment":"development","level":"info","message":"🚀 Server is running on port 8000","port":8000,"service":"neural-shop-backend","timestamp":"2026-04-03 16:15:45.288"}
{"category":"database","level":"info","message":"🗄️  MongoDB connected","service":"neural-shop-backend","timestamp":"2026-04-03 16:15:45.289"}
{"level":"info","message":"✅ Redis Connected","service":"neural-shop-backend","timestamp":"2026-04-03 16:15:45.303"}
{"level":"info","message":"🚀 Redis Ready","service":"neural-shop-backend","timestamp":"2026-04-03 16:15:45.330"}
{"level":"info","message":"🚀 Redis connected","service":"neural-shop-backend","timestamp":"2026-04-03 16:15:45.332"}
{"level":"info","message":"🚀 Kafka producer connected","service":"neural-shop-backend","timestamp":"2026-04-03 16:15:45.362"}
{"category":"database","host":"localhost:27017","level":"info","message":"🗄️  Connected successfully","service":"neural-shop-backend","timestamp":"2026-04-03 16:15:45.367"}
{"level":"info","message":"Database URL mongodb://admin:admin@localhost:27017/neural_shop?authSource=admin","service":"neural-shop-backend","timestamp":"2026-04-03 16:15:50.341"}
{"environment":"development","level":"info","message":"🚀 Server is running on port 8000","port":8000,"service":"neural-shop-backend","timestamp":"2026-04-03 16:15:50.457"}
{"category":"database","level":"info","message":"🗄️  MongoDB connected","service":"neural-shop-backend","timestamp":"2026-04-03 16:15:50.459"}
{"level":"info","message":"✅ Redis Connected","service":"neural-shop-backend","timestamp":"2026-04-03 16:15:50.481"}
{"level":"info","message":"🚀 Redis Ready","service":"neural-shop-backend","timestamp":"2026-04-03 16:15:50.533"}
{"level":"info","message":"🚀 Redis connected","service":"neural-shop-backend","timestamp":"2026-04-03 16:15:50.535"}
{"category":"database","host":"localhost:27017","level":"info","message":"🗄️  Connected successfully","service":"neural-shop-backend","timestamp":"2026-04-03 16:15:50.543"}
{"level":"info","message":"🚀 Kafka producer connected","service":"neural-shop-backend","timestamp":"2026-04-03 16:15:50.571"}
{"level":"info","message":"Database URL mongodb://admin:admin@localhost:27017/neural_shop?authSource=admin","service":"neural-shop-backend","timestamp":"2026-04-03 16:15:59.426"}
{"environment":"development","level":"info","message":"🚀 Server is running on port 8000","port":8000,"service":"neural-shop-backend","timestamp":"2026-04-03 16:15:59.582"}
{"category":"database","level":"info","message":"🗄️  MongoDB connected","service":"neural-shop-backend","timestamp":"2026-04-03 16:15:59.584"}
{"level":"info","message":"✅ Redis Connected","service":"neural-shop-backend","timestamp":"2026-04-03 16:15:59.612"}
{"level":"info","message":"🚀 Redis Ready","service":"neural-shop-backend","timestamp":"2026-04-03 16:15:59.645"}
{"level":"info","message":"🚀 Redis connected","service":"neural-shop-backend","timestamp":"2026-04-03 16:15:59.647"}
{"category":"database","host":"localhost:27017","level":"info","message":"🗄️  Connected successfully","service":"neural-shop-backend","timestamp":"2026-04-03 16:15:59.673"}
{"level":"info","message":"🚀 Kafka producer connected","service":"neural-shop-backend","timestamp":"2026-04-03 16:15:59.682"}
{"level":"info","message":"🚀 Kafka consumers started","service":"neural-shop-backend","timestamp":"2026-04-03 16:16:20.623"}
{"level":"info","message":"Database URL mongodb://admin:admin@localhost:27017/neural_shop?authSource=admin","service":"neural-shop-backend","timestamp":"2026-04-03 16:16:46.095"}
{"environment":"development","level":"info","message":"🚀 Server is running on port 8000","port":8000,"service":"neural-shop-backend","timestamp":"2026-04-03 16:16:46.221"}
{"category":"database","level":"info","message":"🗄️  MongoDB connected","service":"neural-shop-backend","timestamp":"2026-04-03 16:16:46.222"}
{"level":"info","message":"✅ Redis Connected","service":"neural-shop-backend","timestamp":"2026-04-03 16:16:46.240"}
{"level":"info","message":"🚀 Redis Ready","service":"neural-shop-backend","timestamp":"2026-04-03 16:16:46.283"}
{"level":"info","message":"🚀 Redis connected","service":"neural-shop-backend","timestamp":"2026-04-03 16:16:46.284"}
{"category":"database","host":"localhost:27017","level":"info","message":"🗄️  Connected successfully","service":"neural-shop-backend","timestamp":"2026-04-03 16:16:46.292"}
{"level":"info","message":"🚀 Kafka producer connected","service":"neural-shop-backend","timestamp":"2026-04-03 16:16:46.318"}
{"level":"info","message":"🚀 Kafka consumers started","service":"neural-shop-backend","timestamp":"2026-04-03 16:17:00.673"}
{"level":"info","message":"Database URL mongodb://admin:admin@localhost:27017/neural_shop?authSource=admin","service":"neural-shop-backend","timestamp":"2026-04-03 16:17:26.840"}
{"environment":"development","level":"info","message":"🚀 Server is running on port 8000","port":8000,"service":"neural-shop-backend","timestamp":"2026-04-03 16:17:26.974"}
{"category":"database","level":"info","message":"🗄️  MongoDB connected","service":"neural-shop-backend","timestamp":"2026-04-03 16:17:26.975"}
{"level":"info","message":"✅ Redis Connected","service":"neural-shop-backend","timestamp":"2026-04-03 16:17:26.995"}
{"level":"info","message":"🚀 Redis Ready","service":"neural-shop-backend","timestamp":"2026-04-03 16:17:27.040"}
{"category":"database","host":"localhost:27017","level":"info","message":"🗄️  Connected successfully","service":"neural-shop-backend","timestamp":"2026-04-03 16:17:27.045"}
{"level":"info","message":"🚀 Redis connected","service":"neural-shop-backend","timestamp":"2026-04-03 16:17:27.052"}
{"level":"info","message":"🚀 Kafka producer connected","service":"neural-shop-backend","timestamp":"2026-04-03 16:17:27.083"}
{"level":"info","message":"Database URL mongodb://admin:admin@localhost:27017/neural_shop?authSource=admin","service":"neural-shop-backend","timestamp":"2026-04-03 16:17:52.193"}
{"environment":"development","level":"info","message":"🚀 Server is running on port 8000","port":8000,"service":"neural-shop-backend","timestamp":"2026-04-03 16:17:52.317"}
{"category":"database","level":"info","message":"🗄️  MongoDB connected","service":"neural-shop-backend","timestamp":"2026-04-03 16:17:52.320"}
{"level":"info","message":"✅ Redis Connected","service":"neural-shop-backend","timestamp":"2026-04-03 16:17:52.342"}
{"level":"info","message":"🚀 Redis Ready","service":"neural-shop-backend","timestamp":"2026-04-03 16:17:52.375"}
{"level":"info","message":"🚀 Redis connected","service":"neural-shop-backend","timestamp":"2026-04-03 16:17:52.377"}
{"level":"info","message":"🚀 Kafka producer connected","service":"neural-shop-backend","timestamp":"2026-04-03 16:17:52.403"}
{"category":"database","host":"localhost:27017","level":"info","message":"🗄️  Connected successfully","service":"neural-shop-backend","timestamp":"2026-04-03 16:17:52.408"}
{"level":"info","message":"Database URL mongodb://admin:admin@localhost:27017/neural_shop?authSource=admin","service":"neural-shop-backend","timestamp":"2026-04-03 16:18:01.200"}
{"environment":"development","level":"info","message":"🚀 Server is running on port 8000","port":8000,"service":"neural-shop-backend","timestamp":"2026-04-03 16:18:01.321"}
{"category":"database","level":"info","message":"🗄️  MongoDB connected","service":"neural-shop-backend","timestamp":"2026-04-03 16:18:01.322"}
{"level":"info","message":"✅ Redis Connected","service":"neural-shop-backend","timestamp":"2026-04-03 16:18:01.348"}
{"level":"info","message":"🚀 Redis Ready","service":"neural-shop-backend","timestamp":"2026-04-03 16:18:01.390"}
{"level":"info","message":"🚀 Redis connected","service":"neural-shop-backend","timestamp":"2026-04-03 16:18:01.392"}
{"category":"database","host":"localhost:27017","level":"info","message":"🗄️  Connected successfully","service":"neural-shop-backend","timestamp":"2026-04-03 16:18:01.416"}
{"level":"info","message":"🚀 Kafka producer connected","service":"neural-shop-backend","timestamp":"2026-04-03 16:18:01.444"}
{"level":"info","message":"🚀 Kafka consumers started","service":"neural-shop-backend","timestamp":"2026-04-03 16:18:51.034"}
{"level":"info","message":"Database URL mongodb://admin:admin@localhost:27017/neural_shop?authSource=admin","service":"neural-shop-backend","timestamp":"2026-04-03 16:29:04.482"}
{"environment":"development","level":"info","message":"🚀 Server is running on port 8000","port":8000,"service":"neural-shop-backend","timestamp":"2026-04-03 16:29:04.621"}
{"category":"database","level":"info","message":"🗄️  MongoDB connected","service":"neural-shop-backend","timestamp":"2026-04-03 16:29:04.622"}
{"level":"info","message":"✅ Redis Connected","service":"neural-shop-backend","timestamp":"2026-04-03 16:29:04.641"}
{"level":"info","message":"🚀 Redis Ready","service":"neural-shop-backend","timestamp":"2026-04-03 16:29:04.673"}
{"level":"info","message":"🚀 Redis connected","service":"neural-shop-backend","timestamp":"2026-04-03 16:29:04.675"}
{"category":"database","host":"localhost:27017","level":"info","message":"🗄️  Connected successfully","service":"neural-shop-backend","timestamp":"2026-04-03 16:29:04.702"}
{"level":"info","message":"🚀 Kafka producer connected","service":"neural-shop-backend","timestamp":"2026-04-03 16:29:04.712"}
{"level":"info","message":"Database URL mongodb://admin:admin@localhost:27017/neural_shop?authSource=admin","service":"neural-shop-backend","timestamp":"2026-04-03 16:29:12.408"}
{"environment":"development","level":"info","message":"🚀 Server is running on port 8000","port":8000,"service":"neural-shop-backend","timestamp":"2026-04-03 16:29:12.525"}
{"category":"database","level":"info","message":"🗄️  MongoDB connected","service":"neural-shop-backend","timestamp":"2026-04-03 16:29:12.526"}
{"level":"info","message":"✅ Redis Connected","service":"neural-shop-backend","timestamp":"2026-04-03 16:29:12.544"}
{"level":"info","message":"🚀 Redis Ready","service":"neural-shop-backend","timestamp":"2026-04-03 16:29:12.585"}
{"level":"info","message":"🚀 Redis connected","service":"neural-shop-backend","timestamp":"2026-04-03 16:29:12.587"}
{"category":"database","host":"localhost:27017","level":"info","message":"🗄️  Connected successfully","service":"neural-shop-backend","timestamp":"2026-04-03 16:29:12.593"}
{"level":"info","message":"🚀 Kafka producer connected","service":"neural-shop-backend","timestamp":"2026-04-03 16:29:12.621"}
{"level":"info","message":"🚀 Kafka consumers started","service":"neural-shop-backend","timestamp":"2026-04-03 16:30:01.935"}
{"level":"info","message":"Database URL mongodb://admin:admin@localhost:27017/neural_shop?authSource=admin","service":"neural-shop-backend","timestamp":"2026-04-03 16:30:51.201"}
{"environment":"development","level":"info","message":"🚀 Server is running on port 8000","port":8000,"service":"neural-shop-backend","timestamp":"2026-04-03 16:30:51.353"}
{"category":"database","level":"info","message":"🗄️  MongoDB connected","service":"neural-shop-backend","timestamp":"2026-04-03 16:30:51.354"}
{"level":"info","message":"✅ Redis Connected","service":"neural-shop-backend","timestamp":"2026-04-03 16:30:51.375"}
{"level":"info","message":"🚀 Redis Ready","service":"neural-shop-backend","timestamp":"2026-04-03 16:30:51.408"}
{"level":"info","message":"🚀 Redis connected","service":"neural-shop-backend","timestamp":"2026-04-03 16:30:51.410"}
{"category":"database","host":"localhost:27017","level":"info","message":"🗄️  Connected successfully","service":"neural-shop-backend","timestamp":"2026-04-03 16:30:51.434"}
{"level":"info","message":"🚀 Kafka producer connected","service":"neural-shop-backend","timestamp":"2026-04-03 16:30:51.444"}
{"level":"info","message":"Database URL mongodb://admin:admin@localhost:27017/neural_shop?authSource=admin","service":"neural-shop-backend","timestamp":"2026-04-03 16:30:54.534"}
{"environment":"development","level":"info","message":"🚀 Server is running on port 8000","port":8000,"service":"neural-shop-backend","timestamp":"2026-04-03 16:30:54.650"}
{"category":"database","level":"info","message":"🗄️  MongoDB connected","service":"neural-shop-backend","timestamp":"2026-04-03 16:30:54.651"}
{"level":"info","message":"✅ Redis Connected","service":"neural-shop-backend","timestamp":"2026-04-03 16:30:54.669"}
{"level":"info","message":"🚀 Redis Ready","service":"neural-shop-backend","timestamp":"2026-04-03 16:30:54.704"}
{"level":"info","message":"🚀 Redis connected","service":"neural-shop-backend","timestamp":"2026-04-03 16:30:54.705"}
{"category":"database","host":"localhost:27017","level":"info","message":"🗄️  Connected successfully","service":"neural-shop-backend","timestamp":"2026-04-03 16:30:54.729"}
{"level":"info","message":"🚀 Kafka producer connected","service":"neural-shop-backend","timestamp":"2026-04-03 16:30:54.739"}
{"level":"info","message":"Database URL mongodb://admin:admin@localhost:27017/neural_shop?authSource=admin","service":"neural-shop-backend","timestamp":"2026-04-03 16:31:10.628"}
{"environment":"development","level":"info","message":"🚀 Server is running on port 8000","port":8000,"service":"neural-shop-backend","timestamp":"2026-04-03 16:31:10.769"}
{"category":"database","level":"info","message":"🗄️  MongoDB connected","service":"neural-shop-backend","timestamp":"2026-04-03 16:31:10.772"}
{"level":"info","message":"✅ Redis Connected","service":"neural-shop-backend","timestamp":"2026-04-03 16:31:10.792"}
{"level":"info","message":"🚀 Redis Ready","service":"neural-shop-backend","timestamp":"2026-04-03 16:31:10.847"}
{"level":"info","message":"🚀 Redis connected","service":"neural-shop-backend","timestamp":"2026-04-03 16:31:10.848"}
{"category":"database","host":"localhost:27017","level":"info","message":"🗄️  Connected successfully","service":"neural-shop-backend","timestamp":"2026-04-03 16:31:10.857"}
{"level":"info","message":"🚀 Kafka producer connected","service":"neural-shop-backend","timestamp":"2026-04-03 16:31:10.887"}
{"level":"info","message":"Database URL mongodb://admin:admin@localhost:27017/neural_shop?authSource=admin","service":"neural-shop-backend","timestamp":"2026-04-03 16:31:20.963"}
{"environment":"development","level":"info","message":"🚀 Server is running on port 8000","port":8000,"service":"neural-shop-backend","timestamp":"2026-04-03 16:31:21.097"}
{"category":"database","level":"info","message":"🗄️  MongoDB connected","service":"neural-shop-backend","timestamp":"2026-04-03 16:31:21.098"}
{"level":"info","message":"✅ Redis Connected","service":"neural-shop-backend","timestamp":"2026-04-03 16:31:21.118"}
{"level":"info","message":"🚀 Redis Ready","service":"neural-shop-backend","timestamp":"2026-04-03 16:31:21.161"}
{"level":"info","message":"🚀 Redis connected","service":"neural-shop-backend","timestamp":"2026-04-03 16:31:21.163"}
{"category":"database","host":"localhost:27017","level":"info","message":"🗄️  Connected successfully","service":"neural-shop-backend","timestamp":"2026-04-03 16:31:21.171"}
{"level":"info","message":"🚀 Kafka producer connected","service":"neural-shop-backend","timestamp":"2026-04-03 16:31:21.196"}
{"level":"info","message":"Database URL mongodb://admin:admin@localhost:27017/neural_shop?authSource=admin","service":"neural-shop-backend","timestamp":"2026-04-03 16:31:26.520"}
{"environment":"development","level":"info","message":"🚀 Server is running on port 8000","port":8000,"service":"neural-shop-backend","timestamp":"2026-04-03 16:31:26.638"}
{"category":"database","level":"info","message":"🗄️  MongoDB connected","service":"neural-shop-backend","timestamp":"2026-04-03 16:31:26.638"}
{"level":"info","message":"✅ Redis Connected","service":"neural-shop-backend","timestamp":"2026-04-03 16:31:26.665"}
{"level":"info","message":"🚀 Redis Ready","service":"neural-shop-backend","timestamp":"2026-04-03 16:31:26.692"}
{"level":"info","message":"🚀 Redis connected","service":"neural-shop-backend","timestamp":"2026-04-03 16:31:26.702"}
{"category":"database","host":"localhost:27017","level":"info","message":"🗄️  Connected successfully","service":"neural-shop-backend","timestamp":"2026-04-03 16:31:26.711"}
{"level":"info","message":"🚀 Kafka producer connected","service":"neural-shop-backend","timestamp":"2026-04-03 16:31:26.741"}
{"level":"info","message":"Database URL mongodb://admin:admin@localhost:27017/neural_shop?authSource=admin","service":"neural-shop-backend","timestamp":"2026-04-03 16:31:29.757"}
{"environment":"development","level":"info","message":"🚀 Server is running on port 8000","port":8000,"service":"neural-shop-backend","timestamp":"2026-04-03 16:31:29.870"}
{"category":"database","level":"info","message":"🗄️  MongoDB connected","service":"neural-shop-backend","timestamp":"2026-04-03 16:31:29.871"}
{"level":"info","message":"✅ Redis Connected","service":"neural-shop-backend","timestamp":"2026-04-03 16:31:29.891"}
{"level":"info","message":"🚀 Redis Ready","service":"neural-shop-backend","timestamp":"2026-04-03 16:31:29.917"}
{"level":"info","message":"🚀 Redis connected","service":"neural-shop-backend","timestamp":"2026-04-03 16:31:29.919"}
{"level":"info","message":"Database URL mongodb://admin:admin@localhost:27017/neural_shop?authSource=admin","service":"neural-shop-backend","timestamp":"2026-04-03 16:31:31.421"}
{"environment":"development","level":"info","message":"🚀 Server is running on port 8000","port":8000,"service":"neural-shop-backend","timestamp":"2026-04-03 16:31:31.534"}
{"category":"database","level":"info","message":"🗄️  MongoDB connected","service":"neural-shop-backend","timestamp":"2026-04-03 16:31:31.535"}
{"level":"info","message":"✅ Redis Connected","service":"neural-shop-backend","timestamp":"2026-04-03 16:31:31.559"}
{"level":"info","message":"🚀 Redis Ready","service":"neural-shop-backend","timestamp":"2026-04-03 16:31:31.588"}
{"level":"info","message":"🚀 Redis connected","service":"neural-shop-backend","timestamp":"2026-04-03 16:31:31.590"}
{"category":"database","host":"localhost:27017","level":"info","message":"🗄️  Connected successfully","service":"neural-shop-backend","timestamp":"2026-04-03 16:31:31.614"}
{"level":"info","message":"🚀 Kafka producer connected","service":"neural-shop-backend","timestamp":"2026-04-03 16:31:31.628"}
{"level":"info","message":"Database URL mongodb://admin:admin@localhost:27017/neural_shop?authSource=admin","service":"neural-shop-backend","timestamp":"2026-04-03 16:31:51.953"}
{"environment":"development","level":"info","message":"🚀 Server is running on port 8000","port":8000,"service":"neural-shop-backend","timestamp":"2026-04-03 16:31:52.066"}
{"category":"database","level":"info","message":"🗄️  MongoDB connected","service":"neural-shop-backend","timestamp":"2026-04-03 16:31:52.068"}
{"level":"info","message":"✅ Redis Connected","service":"neural-shop-backend","timestamp":"2026-04-03 16:31:52.092"}
{"level":"info","message":"🚀 Redis Ready","service":"neural-shop-backend","timestamp":"2026-04-03 16:31:52.126"}
{"level":"info","message":"🚀 Redis connected","service":"neural-shop-backend","timestamp":"2026-04-03 16:31:52.127"}
{"category":"database","host":"localhost:27017","level":"info","message":"🗄️  Connected successfully","service":"neural-shop-backend","timestamp":"2026-04-03 16:31:52.153"}
{"level":"info","message":"🚀 Kafka producer connected","service":"neural-shop-backend","timestamp":"2026-04-03 16:31:52.164"}
{"level":"info","message":"🚀 Kafka consumers started","service":"neural-shop-backend","timestamp":"2026-04-03 16:32:21.253"}
{"category":"http","ip":"::1","level":"info","message":"→ POST /adminregister [400]","service":"neural-shop-backend","timestamp":"2026-04-03 16:32:32.493","userAgent":"PostmanRuntime/7.53.0"}
{"level":"info","message":"Database URL mongodb://admin:admin@localhost:27017/neural_shop?authSource=admin","service":"neural-shop-backend","timestamp":"2026-04-03 16:33:42.598"}
{"environment":"development","level":"info","message":"🚀 Server is running on port 8000","port":8000,"service":"neural-shop-backend","timestamp":"2026-04-03 16:33:42.740"}
{"category":"database","level":"info","message":"🗄️  MongoDB connected","service":"neural-shop-backend","timestamp":"2026-04-03 16:33:42.740"}
{"level":"info","message":"✅ Redis Connected","service":"neural-shop-backend","timestamp":"2026-04-03 16:33:42.764"}
{"level":"info","message":"🚀 Redis Ready","service":"neural-shop-backend","timestamp":"2026-04-03 16:33:42.798"}
{"level":"info","message":"🚀 Redis connected","service":"neural-shop-backend","timestamp":"2026-04-03 16:33:42.800"}
{"category":"database","host":"localhost:27017","level":"info","message":"🗄️  Connected successfully","service":"neural-shop-backend","timestamp":"2026-04-03 16:33:42.830"}
{"level":"info","message":"🚀 Kafka producer connected","service":"neural-shop-backend","timestamp":"2026-04-03 16:33:42.840"}
{"level":"info","message":"Database URL mongodb://admin:admin@localhost:27017/neural_shop?authSource=admin","service":"neural-shop-backend","timestamp":"2026-04-03 16:33:53.120"}
{"environment":"development","level":"info","message":"🚀 Server is running on port 8000","port":8000,"service":"neural-shop-backend","timestamp":"2026-04-03 16:33:53.233"}
{"category":"database","level":"info","message":"🗄️  MongoDB connected","service":"neural-shop-backend","timestamp":"2026-04-03 16:33:53.233"}
{"level":"info","message":"✅ Redis Connected","service":"neural-shop-backend","timestamp":"2026-04-03 16:33:53.264"}
{"level":"info","message":"🚀 Redis Ready","service":"neural-shop-backend","timestamp":"2026-04-03 16:33:53.290"}
{"level":"info","message":"🚀 Redis connected","service":"neural-shop-backend","timestamp":"2026-04-03 16:33:53.291"}
{"category":"database","host":"localhost:27017","level":"info","message":"🗄️  Connected successfully","service":"neural-shop-backend","timestamp":"2026-04-03 16:33:53.321"}
{"level":"info","message":"🚀 Kafka producer connected","service":"neural-shop-backend","timestamp":"2026-04-03 16:33:53.331"}
{"level":"info","message":"Database URL mongodb://admin:admin@localhost:27017/neural_shop?authSource=admin","service":"neural-shop-backend","timestamp":"2026-04-03 16:33:59.073"}
{"environment":"development","level":"info","message":"🚀 Server is running on port 8000","port":8000,"service":"neural-shop-backend","timestamp":"2026-04-03 16:33:59.192"}
{"category":"database","level":"info","message":"🗄️  MongoDB connected","service":"neural-shop-backend","timestamp":"2026-04-03 16:33:59.193"}
{"level":"info","message":"✅ Redis Connected","service":"neural-shop-backend","timestamp":"2026-04-03 16:33:59.215"}
{"level":"info","message":"🚀 Redis Ready","service":"neural-shop-backend","timestamp":"2026-04-03 16:33:59.257"}
{"level":"info","message":"🚀 Redis connected","service":"neural-shop-backend","timestamp":"2026-04-03 16:33:59.259"}
{"category":"database","host":"localhost:27017","level":"info","message":"🗄️  Connected successfully","service":"neural-shop-backend","timestamp":"2026-04-03 16:33:59.287"}
{"level":"info","message":"🚀 Kafka producer connected","service":"neural-shop-backend","timestamp":"2026-04-03 16:33:59.296"}
{"level":"info","message":"Database URL mongodb://admin:admin@localhost:27017/neural_shop?authSource=admin","service":"neural-shop-backend","timestamp":"2026-04-03 16:34:09.674"}
{"environment":"development","level":"info","message":"🚀 Server is running on port 8000","port":8000,"service":"neural-shop-backend","timestamp":"2026-04-03 16:34:09.856"}
{"category":"database","level":"info","message":"🗄️  MongoDB connected","service":"neural-shop-backend","timestamp":"2026-04-03 16:34:09.857"}
{"level":"info","message":"✅ Redis Connected","service":"neural-shop-backend","timestamp":"2026-04-03 16:34:09.876"}
{"level":"info","message":"🚀 Redis Ready","service":"neural-shop-backend","timestamp":"2026-04-03 16:34:09.930"}
{"level":"info","message":"🚀 Redis connected","service":"neural-shop-backend","timestamp":"2026-04-03 16:34:09.931"}
{"category":"database","host":"localhost:27017","level":"info","message":"🗄️  Connected successfully","service":"neural-shop-backend","timestamp":"2026-04-03 16:34:09.939"}
{"level":"info","message":"🚀 Kafka producer connected","service":"neural-shop-backend","timestamp":"2026-04-03 16:34:09.969"}
{"level":"info","message":"Database URL mongodb://admin:admin@localhost:27017/neural_shop?authSource=admin","service":"neural-shop-backend","timestamp":"2026-04-03 16:34:14.167"}
{"environment":"development","level":"info","message":"🚀 Server is running on port 8000","port":8000,"service":"neural-shop-backend","timestamp":"2026-04-03 16:34:14.277"}
{"category":"database","level":"info","message":"🗄️  MongoDB connected","service":"neural-shop-backend","timestamp":"2026-04-03 16:34:14.278"}
{"level":"info","message":"✅ Redis Connected","service":"neural-shop-backend","timestamp":"2026-04-03 16:34:14.295"}
{"level":"info","message":"🚀 Redis Ready","service":"neural-shop-backend","timestamp":"2026-04-03 16:34:14.321"}
{"level":"info","message":"🚀 Redis connected","service":"neural-shop-backend","timestamp":"2026-04-03 16:34:14.323"}
{"category":"database","host":"localhost:27017","level":"info","message":"🗄️  Connected successfully","service":"neural-shop-backend","timestamp":"2026-04-03 16:34:14.351"}
{"level":"info","message":"🚀 Kafka producer connected","service":"neural-shop-backend","timestamp":"2026-04-03 16:34:14.360"}
{"level":"info","message":"Database URL mongodb://admin:admin@localhost:27017/neural_shop?authSource=admin","service":"neural-shop-backend","timestamp":"2026-04-03 16:34:17.366"}
{"environment":"development","level":"info","message":"🚀 Server is running on port 8000","port":8000,"service":"neural-shop-backend","timestamp":"2026-04-03 16:34:17.478"}
{"category":"database","level":"info","message":"🗄️  MongoDB connected","service":"neural-shop-backend","timestamp":"2026-04-03 16:34:17.480"}
{"level":"info","message":"✅ Redis Connected","service":"neural-shop-backend","timestamp":"2026-04-03 16:34:17.508"}
{"level":"info","message":"🚀 Redis Ready","service":"neural-shop-backend","timestamp":"2026-04-03 16:34:17.547"}
{"level":"info","message":"🚀 Redis connected","service":"neural-shop-backend","timestamp":"2026-04-03 16:34:17.549"}
{"category":"database","host":"localhost:27017","level":"info","message":"🗄️  Connected successfully","service":"neural-shop-backend","timestamp":"2026-04-03 16:34:17.556"}
{"level":"info","message":"🚀 Kafka producer connected","service":"neural-shop-backend","timestamp":"2026-04-03 16:34:17.579"}
{"level":"info","message":"Database URL mongodb://admin:admin@localhost:27017/neural_shop?authSource=admin","service":"neural-shop-backend","timestamp":"2026-04-03 16:34:33.715"}
{"environment":"development","level":"info","message":"🚀 Server is running on port 8000","port":8000,"service":"neural-shop-backend","timestamp":"2026-04-03 16:34:33.869"}
{"category":"database","level":"info","message":"🗄️  MongoDB connected","service":"neural-shop-backend","timestamp":"2026-04-03 16:34:33.870"}
{"level":"info","message":"✅ Redis Connected","service":"neural-shop-backend","timestamp":"2026-04-03 16:34:33.903"}
{"level":"info","message":"🚀 Redis Ready","service":"neural-shop-backend","timestamp":"2026-04-03 16:34:33.942"}
{"level":"info","message":"🚀 Redis connected","service":"neural-shop-backend","timestamp":"2026-04-03 16:34:33.945"}
{"category":"database","host":"localhost:27017","level":"info","message":"🗄️  Connected successfully","service":"neural-shop-backend","timestamp":"2026-04-03 16:34:33.969"}
{"level":"info","message":"🚀 Kafka producer connected","service":"neural-shop-backend","timestamp":"2026-04-03 16:34:33.998"}
{"level":"info","message":"Database URL mongodb://admin:admin@localhost:27017/neural_shop?authSource=admin","service":"neural-shop-backend","timestamp":"2026-04-03 16:34:53.655"}
{"environment":"development","level":"info","message":"🚀 Server is running on port 8000","port":8000,"service":"neural-shop-backend","timestamp":"2026-04-03 16:34:53.774"}
{"category":"database","level":"info","message":"🗄️  MongoDB connected","service":"neural-shop-backend","timestamp":"2026-04-03 16:34:53.775"}
{"level":"info","message":"✅ Redis Connected","service":"neural-shop-backend","timestamp":"2026-04-03 16:34:53.796"}
{"level":"info","message":"🚀 Redis Ready","service":"neural-shop-backend","timestamp":"2026-04-03 16:34:53.840"}
{"level":"info","message":"🚀 Redis connected","service":"neural-shop-backend","timestamp":"2026-04-03 16:34:53.841"}
{"category":"database","host":"localhost:27017","level":"info","message":"🗄️  Connected successfully","service":"neural-shop-backend","timestamp":"2026-04-03 16:34:53.848"}
{"level":"info","message":"🚀 Kafka producer connected","service":"neural-shop-backend","timestamp":"2026-04-03 16:34:53.873"}
{"level":"info","message":"Database URL mongodb://admin:admin@localhost:27017/neural_shop?authSource=admin","service":"neural-shop-backend","timestamp":"2026-04-03 16:34:56.861"}
{"environment":"development","level":"info","message":"🚀 Server is running on port 8000","port":8000,"service":"neural-shop-backend","timestamp":"2026-04-03 16:34:56.969"}
{"category":"database","level":"info","message":"🗄️  MongoDB connected","service":"neural-shop-backend","timestamp":"2026-04-03 16:34:56.970"}
{"level":"info","message":"✅ Redis Connected","service":"neural-shop-backend","timestamp":"2026-04-03 16:34:56.991"}
{"level":"info","message":"🚀 Redis Ready","service":"neural-shop-backend","timestamp":"2026-04-03 16:34:57.035"}
{"level":"info","message":"🚀 Redis connected","service":"neural-shop-backend","timestamp":"2026-04-03 16:34:57.036"}
{"category":"database","host":"localhost:27017","level":"info","message":"🗄️  Connected successfully","service":"neural-shop-backend","timestamp":"2026-04-03 16:34:57.042"}
{"level":"info","message":"🚀 Kafka producer connected","service":"neural-shop-backend","timestamp":"2026-04-03 16:34:57.065"}
{"level":"info","message":"Database URL mongodb://admin:admin@localhost:27017/neural_shop?authSource=admin","service":"neural-shop-backend","timestamp":"2026-04-03 16:35:10.527"}
{"environment":"development","level":"info","message":"🚀 Server is running on port 8000","port":8000,"service":"neural-shop-backend","timestamp":"2026-04-03 16:35:10.635"}
{"category":"database","level":"info","message":"🗄️  MongoDB connected","service":"neural-shop-backend","timestamp":"2026-04-03 16:35:10.636"}
{"level":"info","message":"✅ Redis Connected","service":"neural-shop-backend","timestamp":"2026-04-03 16:35:10.656"}
{"level":"info","message":"🚀 Redis Ready","service":"neural-shop-backend","timestamp":"2026-04-03 16:35:10.685"}
{"level":"info","message":"🚀 Redis connected","service":"neural-shop-backend","timestamp":"2026-04-03 16:35:10.687"}
{"level":"info","message":"🚀 Kafka producer connected","service":"neural-shop-backend","timestamp":"2026-04-03 16:35:10.713"}
{"category":"database","host":"localhost:27017","level":"info","message":"🗄️  Connected successfully","service":"neural-shop-backend","timestamp":"2026-04-03 16:35:10.720"}
{"level":"info","message":"Database URL mongodb://admin:admin@localhost:27017/neural_shop?authSource=admin","service":"neural-shop-backend","timestamp":"2026-04-03 16:35:14.833"}
{"environment":"development","level":"info","message":"🚀 Server is running on port 8000","port":8000,"service":"neural-shop-backend","timestamp":"2026-04-03 16:35:14.977"}
{"category":"database","level":"info","message":"🗄️  MongoDB connected","service":"neural-shop-backend","timestamp":"2026-04-03 16:35:14.979"}
{"level":"info","message":"✅ Redis Connected","service":"neural-shop-backend","timestamp":"2026-04-03 16:35:14.996"}
{"level":"info","message":"🚀 Redis Ready","service":"neural-shop-backend","timestamp":"2026-04-03 16:35:15.025"}
{"level":"info","message":"🚀 Redis connected","service":"neural-shop-backend","timestamp":"2026-04-03 16:35:15.027"}
{"level":"info","message":"🚀 Kafka producer connected","service":"neural-shop-backend","timestamp":"2026-04-03 16:35:15.061"}
{"category":"database","host":"localhost:27017","level":"info","message":"🗄️  Connected successfully","service":"neural-shop-backend","timestamp":"2026-04-03 16:35:15.069"}
{"level":"info","message":"Database URL mongodb://admin:admin@localhost:27017/neural_shop?authSource=admin","service":"neural-shop-backend","timestamp":"2026-04-03 16:35:46.663"}
{"environment":"development","level":"info","message":"🚀 Server is running on port 8000","port":8000,"service":"neural-shop-backend","timestamp":"2026-04-03 16:35:46.812"}
{"category":"database","level":"info","message":"🗄️  MongoDB connected","service":"neural-shop-backend","timestamp":"2026-04-03 16:35:46.814"}
{"level":"info","message":"✅ Redis Connected","service":"neural-shop-backend","timestamp":"2026-04-03 16:35:46.833"}
{"level":"info","message":"🚀 Redis Ready","service":"neural-shop-backend","timestamp":"2026-04-03 16:35:46.874"}
{"category":"database","host":"localhost:27017","level":"info","message":"🗄️  Connected successfully","service":"neural-shop-backend","timestamp":"2026-04-03 16:35:46.881"}
{"level":"info","message":"🚀 Redis connected","service":"neural-shop-backend","timestamp":"2026-04-03 16:35:46.888"}
{"level":"info","message":"🚀 Kafka producer connected","service":"neural-shop-backend","timestamp":"2026-04-03 16:35:46.915"}
{"level":"info","message":"Database URL mongodb://admin:admin@localhost:27017/neural_shop?authSource=admin","service":"neural-shop-backend","timestamp":"2026-04-03 16:36:18.483"}
{"environment":"development","level":"info","message":"🚀 Server is running on port 8000","port":8000,"service":"neural-shop-backend","timestamp":"2026-04-03 16:36:18.627"}
{"category":"database","level":"info","message":"🗄️  MongoDB connected","service":"neural-shop-backend","timestamp":"2026-04-03 16:36:18.628"}
{"level":"info","message":"✅ Redis Connected","service":"neural-shop-backend","timestamp":"2026-04-03 16:36:18.642"}
{"level":"info","message":"🚀 Redis Ready","service":"neural-shop-backend","timestamp":"2026-04-03 16:36:18.668"}
{"level":"info","message":"🚀 Redis connected","service":"neural-shop-backend","timestamp":"2026-04-03 16:36:18.679"}
{"category":"database","host":"localhost:27017","level":"info","message":"🗄️  Connected successfully","service":"neural-shop-backend","timestamp":"2026-04-03 16:36:18.731"}
{"level":"info","message":"🚀 Kafka producer connected","service":"neural-shop-backend","timestamp":"2026-04-03 16:36:18.772"}
{"level":"info","message":"Database URL mongodb://admin:admin@localhost:27017/neural_shop?authSource=admin","service":"neural-shop-backend","timestamp":"2026-04-03 16:36:21.523"}
{"environment":"development","level":"info","message":"🚀 Server is running on port 8000","port":8000,"service":"neural-shop-backend","timestamp":"2026-04-03 16:36:21.643"}
{"category":"database","level":"info","message":"🗄️  MongoDB connected","service":"neural-shop-backend","timestamp":"2026-04-03 16:36:21.644"}
{"level":"info","message":"✅ Redis Connected","service":"neural-shop-backend","timestamp":"2026-04-03 16:36:21.664"}
{"level":"info","message":"🚀 Redis Ready","service":"neural-shop-backend","timestamp":"2026-04-03 16:36:21.714"}
{"level":"info","message":"🚀 Redis connected","service":"neural-shop-backend","timestamp":"2026-04-03 16:36:21.715"}
{"category":"database","host":"localhost:27017","level":"info","message":"🗄️  Connected successfully","service":"neural-shop-backend","timestamp":"2026-04-03 16:36:21.722"}
{"level":"info","message":"🚀 Kafka producer connected","service":"neural-shop-backend","timestamp":"2026-04-03 16:36:21.746"}
{"level":"info","message":"Database URL mongodb://admin:admin@localhost:27017/neural_shop?authSource=admin","service":"neural-shop-backend","timestamp":"2026-04-03 16:36:25.751"}
{"environment":"development","level":"info","message":"🚀 Server is running on port 8000","port":8000,"service":"neural-shop-backend","timestamp":"2026-04-03 16:36:25.876"}
{"category":"database","level":"info","message":"🗄️  MongoDB connected","service":"neural-shop-backend","timestamp":"2026-04-03 16:36:25.878"}
{"level":"info","message":"✅ Redis Connected","service":"neural-shop-backend","timestamp":"2026-04-03 16:36:25.903"}
{"level":"info","message":"🚀 Redis Ready","service":"neural-shop-backend","timestamp":"2026-04-03 16:36:25.937"}
{"level":"info","message":"🚀 Redis connected","service":"neural-shop-backend","timestamp":"2026-04-03 16:36:25.939"}
{"level":"info","message":"🚀 Kafka producer connected","service":"neural-shop-backend","timestamp":"2026-04-03 16:36:25.967"}
{"category":"database","host":"localhost:27017","level":"info","message":"🗄️  Connected successfully","service":"neural-shop-backend","timestamp":"2026-04-03 16:36:25.973"}
{"level":"info","message":"Database URL mongodb://admin:admin@localhost:27017/neural_shop?authSource=admin","service":"neural-shop-backend","timestamp":"2026-04-03 16:36:46.263"}
{"environment":"development","level":"info","message":"🚀 Server is running on port 8000","port":8000,"service":"neural-shop-backend","timestamp":"2026-04-03 16:36:46.389"}
{"category":"database","level":"info","message":"🗄️  MongoDB connected","service":"neural-shop-backend","timestamp":"2026-04-03 16:36:46.390"}
{"level":"info","message":"✅ Redis Connected","service":"neural-shop-backend","timestamp":"2026-04-03 16:36:46.411"}
{"level":"info","message":"🚀 Redis Ready","service":"neural-shop-backend","timestamp":"2026-04-03 16:36:46.472"}
{"level":"info","message":"🚀 Redis connected","service":"neural-shop-backend","timestamp":"2026-04-03 16:36:46.476"}
{"category":"database","host":"localhost:27017","level":"info","message":"🗄️  Connected successfully","service":"neural-shop-backend","timestamp":"2026-04-03 16:36:46.506"}
{"level":"info","message":"🚀 Kafka producer connected","service":"neural-shop-backend","timestamp":"2026-04-03 16:36:46.537"}
{"level":"info","message":"Database URL mongodb://admin:admin@localhost:27017/neural_shop?authSource=admin","service":"neural-shop-backend","timestamp":"2026-04-03 16:36:56.674"}
{"environment":"development","level":"info","message":"🚀 Server is running on port 8000","port":8000,"service":"neural-shop-backend","timestamp":"2026-04-03 16:36:56.798"}
{"category":"database","level":"info","message":"🗄️  MongoDB connected","service":"neural-shop-backend","timestamp":"2026-04-03 16:36:56.800"}
{"level":"info","message":"✅ Redis Connected","service":"neural-shop-backend","timestamp":"2026-04-03 16:36:56.821"}
{"level":"info","message":"🚀 Redis Ready","service":"neural-shop-backend","timestamp":"2026-04-03 16:36:56.858"}
{"level":"info","message":"🚀 Redis connected","service":"neural-shop-backend","timestamp":"2026-04-03 16:36:56.859"}
{"category":"database","host":"localhost:27017","level":"info","message":"🗄️  Connected successfully","service":"neural-shop-backend","timestamp":"2026-04-03 16:36:56.882"}
{"level":"info","message":"🚀 Kafka producer connected","service":"neural-shop-backend","timestamp":"2026-04-03 16:36:56.913"}
{"level":"info","message":"Database URL mongodb://admin:admin@localhost:27017/neural_shop?authSource=admin","service":"neural-shop-backend","timestamp":"2026-04-03 16:37:02.331"}
{"environment":"development","level":"info","message":"🚀 Server is running on port 8000","port":8000,"service":"neural-shop-backend","timestamp":"2026-04-03 16:37:02.480"}
{"category":"database","level":"info","message":"🗄️  MongoDB connected","service":"neural-shop-backend","timestamp":"2026-04-03 16:37:02.481"}
{"level":"info","message":"✅ Redis Connected","service":"neural-shop-backend","timestamp":"2026-04-03 16:37:02.509"}
{"level":"info","message":"🚀 Redis Ready","service":"neural-shop-backend","timestamp":"2026-04-03 16:37:02.543"}
{"level":"info","message":"🚀 Redis connected","service":"neural-shop-backend","timestamp":"2026-04-03 16:37:02.545"}
{"category":"database","host":"localhost:27017","level":"info","message":"🗄️  Connected successfully","service":"neural-shop-backend","timestamp":"2026-04-03 16:37:02.576"}
{"level":"info","message":"🚀 Kafka producer connected","service":"neural-shop-backend","timestamp":"2026-04-03 16:37:02.585"}
{"level":"info","message":"🚀 Kafka consumers started","service":"neural-shop-backend","timestamp":"2026-04-03 16:37:26.976"}
{"level":"info","message":"Database URL mongodb://admin:admin@localhost:27017/neural_shop?authSource=admin","service":"neural-shop-backend","timestamp":"2026-04-03 16:37:31.243"}
{"environment":"development","level":"info","message":"🚀 Server is running on port 8000","port":8000,"service":"neural-shop-backend","timestamp":"2026-04-03 16:37:31.360"}
{"category":"database","level":"info","message":"🗄️  MongoDB connected","service":"neural-shop-backend","timestamp":"2026-04-03 16:37:31.361"}
{"level":"info","message":"✅ Redis Connected","service":"neural-shop-backend","timestamp":"2026-04-03 16:37:31.379"}
{"level":"info","message":"🚀 Redis Ready","service":"neural-shop-backend","timestamp":"2026-04-03 16:37:31.412"}
{"level":"info","message":"🚀 Redis connected","service":"neural-shop-backend","timestamp":"2026-04-03 16:37:31.414"}
{"category":"database","host":"localhost:27017","level":"info","message":"🗄️  Connected successfully","service":"neural-shop-backend","timestamp":"2026-04-03 16:37:31.448"}
{"level":"info","message":"🚀 Kafka producer connected","service":"neural-shop-backend","timestamp":"2026-04-03 16:37:31.459"}
{"level":"info","message":"Database URL mongodb://admin:admin@localhost:27017/neural_shop?authSource=admin","service":"neural-shop-backend","timestamp":"2026-04-03 16:37:42.206"}
{"environment":"development","level":"info","message":"🚀 Server is running on port 8000","port":8000,"service":"neural-shop-backend","timestamp":"2026-04-03 16:37:42.350"}
{"category":"database","level":"info","message":"🗄️  MongoDB connected","service":"neural-shop-backend","timestamp":"2026-04-03 16:37:42.352"}
{"level":"info","message":"✅ Redis Connected","service":"neural-shop-backend","timestamp":"2026-04-03 16:37:42.393"}
{"level":"info","message":"🚀 Redis Ready","service":"neural-shop-backend","timestamp":"2026-04-03 16:37:42.429"}
{"level":"info","message":"🚀 Redis connected","service":"neural-shop-backend","timestamp":"2026-04-03 16:37:42.431"}
{"category":"database","host":"localhost:27017","level":"info","message":"🗄️  Connected successfully","service":"neural-shop-backend","timestamp":"2026-04-03 16:37:42.462"}
{"level":"info","message":"🚀 Kafka producer connected","service":"neural-shop-backend","timestamp":"2026-04-03 16:37:42.474"}
{"level":"info","message":"🚀 Kafka consumers started","service":"neural-shop-backend","timestamp":"2026-04-03 16:38:27.241"}
{"level":"info","message":"Database URL mongodb://admin:admin@localhost:27017/neural_shop?authSource=admin","service":"neural-shop-backend","timestamp":"2026-04-03 16:38:36.387"}
{"environment":"development","level":"info","message":"🚀 Server is running on port 8000","port":8000,"service":"neural-shop-backend","timestamp":"2026-04-03 16:38:36.510"}
{"category":"database","level":"info","message":"🗄️  MongoDB connected","service":"neural-shop-backend","timestamp":"2026-04-03 16:38:36.511"}
{"level":"info","message":"✅ Redis Connected","service":"neural-shop-backend","timestamp":"2026-04-03 16:38:36.532"}
{"level":"info","message":"🚀 Redis Ready","service":"neural-shop-backend","timestamp":"2026-04-03 16:38:36.564"}
{"level":"info","message":"🚀 Redis connected","service":"neural-shop-backend","timestamp":"2026-04-03 16:38:36.566"}
{"category":"database","host":"localhost:27017","level":"info","message":"🗄️  Connected successfully","service":"neural-shop-backend","timestamp":"2026-04-03 16:38:36.590"}
{"level":"info","message":"🚀 Kafka producer connected","service":"neural-shop-backend","timestamp":"2026-04-03 16:38:36.598"}
{"level":"info","message":"Database URL mongodb://admin:admin@localhost:27017/neural_shop?authSource=admin","service":"neural-shop-backend","timestamp":"2026-04-03 16:38:39.316"}
{"environment":"development","level":"info","message":"🚀 Server is running on port 8000","port":8000,"service":"neural-shop-backend","timestamp":"2026-04-03 16:38:39.433"}
{"category":"database","level":"info","message":"🗄️  MongoDB connected","service":"neural-shop-backend","timestamp":"2026-04-03 16:38:39.434"}
{"level":"info","message":"✅ Redis Connected","service":"neural-shop-backend","timestamp":"2026-04-03 16:38:39.454"}
{"level":"info","message":"🚀 Redis Ready","service":"neural-shop-backend","timestamp":"2026-04-03 16:38:39.483"}
{"level":"info","message":"🚀 Redis connected","service":"neural-shop-backend","timestamp":"2026-04-03 16:38:39.484"}
{"category":"database","host":"localhost:27017","level":"info","message":"🗄️  Connected successfully","service":"neural-shop-backend","timestamp":"2026-04-03 16:38:39.509"}
{"level":"info","message":"🚀 Kafka producer connected","service":"neural-shop-backend","timestamp":"2026-04-03 16:38:39.518"}
{"level":"info","message":"🚀 Kafka consumers started","service":"neural-shop-backend","timestamp":"2026-04-03 16:39:02.284"}
{"level":"info","message":"Database URL mongodb://admin:admin@localhost:27017/neural_shop?authSource=admin","service":"neural-shop-backend","timestamp":"2026-04-03 16:39:51.398"}
{"environment":"development","level":"info","message":"🚀 Server is running on port 8000","port":8000,"service":"neural-shop-backend","timestamp":"2026-04-03 16:39:51.513"}
{"category":"database","level":"info","message":"🗄️  MongoDB connected","service":"neural-shop-backend","timestamp":"2026-04-03 16:39:51.515"}
{"level":"info","message":"✅ Redis Connected","service":"neural-shop-backend","timestamp":"2026-04-03 16:39:51.546"}
{"level":"info","message":"🚀 Redis Ready","service":"neural-shop-backend","timestamp":"2026-04-03 16:39:51.594"}
{"level":"info","message":"🚀 Redis connected","service":"neural-shop-backend","timestamp":"2026-04-03 16:39:51.595"}
{"category":"database","host":"localhost:27017","level":"info","message":"🗄️  Connected successfully","service":"neural-shop-backend","timestamp":"2026-04-03 16:39:51.603"}
{"level":"info","message":"🚀 Kafka producer connected","service":"neural-shop-backend","timestamp":"2026-04-03 16:39:51.631"}
{"level":"info","message":"Database URL mongodb://admin:admin@localhost:27017/neural_shop?authSource=admin","service":"neural-shop-backend","timestamp":"2026-04-03 16:39:57.538"}
{"environment":"development","level":"info","message":"🚀 Server is running on port 8000","port":8000,"service":"neural-shop-backend","timestamp":"2026-04-03 16:39:57.666"}
{"category":"database","level":"info","message":"🗄️  MongoDB connected","service":"neural-shop-backend","timestamp":"2026-04-03 16:39:57.667"}
{"level":"info","message":"✅ Redis Connected","service":"neural-shop-backend","timestamp":"2026-04-03 16:39:57.688"}
{"level":"info","message":"🚀 Redis Ready","service":"neural-shop-backend","timestamp":"2026-04-03 16:39:57.733"}
{"level":"info","message":"🚀 Redis connected","service":"neural-shop-backend","timestamp":"2026-04-03 16:39:57.735"}
{"category":"database","host":"localhost:27017","level":"info","message":"🗄️  Connected successfully","service":"neural-shop-backend","timestamp":"2026-04-03 16:39:57.743"}
{"level":"info","message":"🚀 Kafka producer connected","service":"neural-shop-backend","timestamp":"2026-04-03 16:39:57.776"}
{"level":"info","message":"🚀 Kafka consumers started","service":"neural-shop-backend","timestamp":"2026-04-03 16:40:42.666"}
{"level":"info","message":"Database URL mongodb://admin:admin@localhost:27017/neural_shop?authSource=admin","service":"neural-shop-backend","timestamp":"2026-04-03 16:44:35.218"}
{"environment":"development","level":"info","message":"🚀 Server is running on port 8000","port":8000,"service":"neural-shop-backend","timestamp":"2026-04-03 16:44:35.369"}
{"category":"database","level":"info","message":"🗄️  MongoDB connected","service":"neural-shop-backend","timestamp":"2026-04-03 16:44:35.370"}
{"level":"info","message":"✅ Redis Connected","service":"neural-shop-backend","timestamp":"2026-04-03 16:44:35.397"}
{"level":"info","message":"🚀 Redis Ready","service":"neural-shop-backend","timestamp":"2026-04-03 16:44:35.446"}
{"level":"info","message":"🚀 Redis connected","service":"neural-shop-backend","timestamp":"2026-04-03 16:44:35.448"}
{"category":"database","host":"localhost:27017","level":"info","message":"🗄️  Connected successfully","service":"neural-shop-backend","timestamp":"2026-04-03 16:44:35.457"}
{"level":"info","message":"🚀 Kafka producer connected","service":"neural-shop-backend","timestamp":"2026-04-03 16:44:35.487"}
{"level":"info","message":"Database URL mongodb://admin:admin@localhost:27017/neural_shop?authSource=admin","service":"neural-shop-backend","timestamp":"2026-04-03 16:44:58.182"}
{"environment":"development","level":"info","message":"🚀 Server is running on port 8000","port":8000,"service":"neural-shop-backend","timestamp":"2026-04-03 16:44:58.313"}
{"category":"database","level":"info","message":"🗄️  MongoDB connected","service":"neural-shop-backend","timestamp":"2026-04-03 16:44:58.314"}
{"level":"info","message":"✅ Redis Connected","service":"neural-shop-backend","timestamp":"2026-04-03 16:44:58.335"}
{"level":"info","message":"🚀 Redis Ready","service":"neural-shop-backend","timestamp":"2026-04-03 16:44:58.376"}
{"level":"info","message":"🚀 Redis connected","service":"neural-shop-backend","timestamp":"2026-04-03 16:44:58.378"}
{"category":"database","host":"localhost:27017","level":"info","message":"🗄️  Connected successfully","service":"neural-shop-backend","timestamp":"2026-04-03 16:44:58.385"}
{"level":"info","message":"🚀 Kafka producer connected","service":"neural-shop-backend","timestamp":"2026-04-03 16:44:58.414"}
{"level":"info","message":"🚀 Kafka consumers started","service":"neural-shop-backend","timestamp":"2026-04-03 16:45:24.291"}
{"level":"info","message":"Database URL mongodb://admin:admin@localhost:27017/neural_shop?authSource=admin","service":"neural-shop-backend","timestamp":"2026-04-03 16:45:37.303"}
{"environment":"development","level":"info","message":"🚀 Server is running on port 8000","port":8000,"service":"neural-shop-backend","timestamp":"2026-04-03 16:45:37.426"}
{"category":"database","level":"info","message":"🗄️  MongoDB connected","service":"neural-shop-backend","timestamp":"2026-04-03 16:45:37.428"}
{"level":"info","message":"✅ Redis Connected","service":"neural-shop-backend","timestamp":"2026-04-03 16:45:37.446"}
{"level":"info","message":"🚀 Redis Ready","service":"neural-shop-backend","timestamp":"2026-04-03 16:45:37.479"}
{"level":"info","message":"🚀 Redis connected","service":"neural-shop-backend","timestamp":"2026-04-03 16:45:37.481"}
{"category":"database","host":"localhost:27017","level":"info","message":"🗄️  Connected successfully","service":"neural-shop-backend","timestamp":"2026-04-03 16:45:37.505"}
{"level":"info","message":"🚀 Kafka producer connected","service":"neural-shop-backend","timestamp":"2026-04-03 16:45:37.515"}
{"level":"info","message":"Database URL mongodb://admin:admin@localhost:27017/neural_shop?authSource=admin","service":"neural-shop-backend","timestamp":"2026-04-03 16:45:40.806"}
{"environment":"development","level":"info","message":"🚀 Server is running on port 8000","port":8000,"service":"neural-shop-backend","timestamp":"2026-04-03 16:45:40.946"}
{"category":"database","level":"info","message":"🗄️  MongoDB connected","service":"neural-shop-backend","timestamp":"2026-04-03 16:45:40.947"}
{"level":"info","message":"✅ Redis Connected","service":"neural-shop-backend","timestamp":"2026-04-03 16:45:40.965"}
{"level":"info","message":"🚀 Redis Ready","service":"neural-shop-backend","timestamp":"2026-04-03 16:45:41.007"}
{"level":"info","message":"🚀 Redis connected","service":"neural-shop-backend","timestamp":"2026-04-03 16:45:41.012"}
{"category":"database","host":"localhost:27017","level":"info","message":"🗄️  Connected successfully","service":"neural-shop-backend","timestamp":"2026-04-03 16:45:41.043"}
{"level":"info","message":"🚀 Kafka producer connected","service":"neural-shop-backend","timestamp":"2026-04-03 16:45:41.056"}
{"level":"info","message":"Database URL mongodb://admin:admin@localhost:27017/neural_shop?authSource=admin","service":"neural-shop-backend","timestamp":"2026-04-03 16:45:43.082"}
{"environment":"development","level":"info","message":"🚀 Server is running on port 8000","port":8000,"service":"neural-shop-backend","timestamp":"2026-04-03 16:45:43.207"}
{"category":"database","level":"info","message":"🗄️  MongoDB connected","service":"neural-shop-backend","timestamp":"2026-04-03 16:45:43.209"}
{"level":"info","message":"✅ Redis Connected","service":"neural-shop-backend","timestamp":"2026-04-03 16:45:43.228"}
{"level":"info","message":"🚀 Redis Ready","service":"neural-shop-backend","timestamp":"2026-04-03 16:45:43.263"}
{"level":"info","message":"🚀 Redis connected","service":"neural-shop-backend","timestamp":"2026-04-03 16:45:43.275"}
{"category":"database","host":"localhost:27017","level":"info","message":"🗄️  Connected successfully","service":"neural-shop-backend","timestamp":"2026-04-03 16:45:43.283"}
{"level":"info","message":"🚀 Kafka producer connected","service":"neural-shop-backend","timestamp":"2026-04-03 16:45:43.311"}
{"level":"info","message":"🚀 Kafka consumers started","service":"neural-shop-backend","timestamp":"2026-04-03 16:46:29.318"}
{"level":"info","message":"Database URL mongodb://admin:admin@localhost:27017/neural_shop?authSource=admin","service":"neural-shop-backend","timestamp":"2026-04-03 16:46:36.355"}
{"environment":"development","level":"info","message":"🚀 Server is running on port 8000","port":8000,"service":"neural-shop-backend","timestamp":"2026-04-03 16:46:36.474"}
{"category":"database","level":"info","message":"🗄️  MongoDB connected","service":"neural-shop-backend","timestamp":"2026-04-03 16:46:36.476"}
{"level":"info","message":"✅ Redis Connected","service":"neural-shop-backend","timestamp":"2026-04-03 16:46:36.506"}
{"level":"info","message":"🚀 Redis Ready","service":"neural-shop-backend","timestamp":"2026-04-03 16:46:36.541"}
{"level":"info","message":"🚀 Redis connected","service":"neural-shop-backend","timestamp":"2026-04-03 16:46:36.543"}
{"level":"info","message":"🚀 Kafka producer connected","service":"neural-shop-backend","timestamp":"2026-04-03 16:46:36.566"}
{"category":"database","host":"localhost:27017","level":"info","message":"🗄️  Connected successfully","service":"neural-shop-backend","timestamp":"2026-04-03 16:46:36.587"}
{"level":"info","message":"🚀 Kafka consumers started","service":"neural-shop-backend","timestamp":"2026-04-03 16:47:01.700"}
{"level":"info","message":"Database URL mongodb://admin:admin@localhost:27017/neural_shop?authSource=admin","service":"neural-shop-backend","timestamp":"2026-04-03 16:48:33.180"}
{"environment":"development","level":"info","message":"🚀 Server is running on port 8000","port":8000,"service":"neural-shop-backend","timestamp":"2026-04-03 16:48:33.296"}
{"category":"database","level":"info","message":"🗄️  MongoDB connected","service":"neural-shop-backend","timestamp":"2026-04-03 16:48:33.297"}
{"level":"info","message":"✅ Redis Connected","service":"neural-shop-backend","timestamp":"2026-04-03 16:48:33.320"}
{"level":"info","message":"🚀 Redis Ready","service":"neural-shop-backend","timestamp":"2026-04-03 16:48:33.363"}
{"level":"info","message":"🚀 Redis connected","service":"neural-shop-backend","timestamp":"2026-04-03 16:48:33.365"}
{"category":"database","host":"localhost:27017","level":"info","message":"🗄️  Connected successfully","service":"neural-shop-backend","timestamp":"2026-04-03 16:48:33.374"}
{"level":"info","message":"🚀 Kafka producer connected","service":"neural-shop-backend","timestamp":"2026-04-03 16:48:33.410"}
{"level":"info","message":"Database URL mongodb://admin:admin@localhost:27017/neural_shop?authSource=admin","service":"neural-shop-backend","timestamp":"2026-04-03 16:48:37.674"}
{"environment":"development","level":"info","message":"🚀 Server is running on port 8000","port":8000,"service":"neural-shop-backend","timestamp":"2026-04-03 16:48:37.786"}
{"category":"database","level":"info","message":"🗄️  MongoDB connected","service":"neural-shop-backend","timestamp":"2026-04-03 16:48:37.788"}
{"level":"info","message":"✅ Redis Connected","service":"neural-shop-backend","timestamp":"2026-04-03 16:48:37.811"}
{"level":"info","message":"🚀 Redis Ready","service":"neural-shop-backend","timestamp":"2026-04-03 16:48:37.845"}
{"level":"info","message":"🚀 Redis connected","service":"neural-shop-backend","timestamp":"2026-04-03 16:48:37.847"}
{"category":"database","host":"localhost:27017","level":"info","message":"🗄️  Connected successfully","service":"neural-shop-backend","timestamp":"2026-04-03 16:48:37.874"}
{"level":"info","message":"🚀 Kafka producer connected","service":"neural-shop-backend","timestamp":"2026-04-03 16:48:37.884"}
{"level":"info","message":"Database URL mongodb://admin:admin@localhost:27017/neural_shop?authSource=admin","service":"neural-shop-backend","timestamp":"2026-04-03 16:48:45.557"}
{"environment":"development","level":"info","message":"🚀 Server is running on port 8000","port":8000,"service":"neural-shop-backend","timestamp":"2026-04-03 16:48:45.668"}
{"category":"database","level":"info","message":"🗄️  MongoDB connected","service":"neural-shop-backend","timestamp":"2026-04-03 16:48:45.669"}
{"level":"info","message":"✅ Redis Connected","service":"neural-shop-backend","timestamp":"2026-04-03 16:48:45.691"}
{"level":"info","message":"🚀 Redis Ready","service":"neural-shop-backend","timestamp":"2026-04-03 16:48:45.730"}
{"level":"info","message":"🚀 Redis connected","service":"neural-shop-backend","timestamp":"2026-04-03 16:48:45.731"}
{"category":"database","host":"localhost:27017","level":"info","message":"🗄️  Connected successfully","service":"neural-shop-backend","timestamp":"2026-04-03 16:48:45.738"}
{"level":"info","message":"🚀 Kafka producer connected","service":"neural-shop-backend","timestamp":"2026-04-03 16:48:45.764"}
{"level":"info","message":"Database URL mongodb://admin:admin@localhost:27017/neural_shop?authSource=admin","service":"neural-shop-backend","timestamp":"2026-04-03 16:49:00.257"}
{"environment":"development","level":"info","message":"🚀 Server is running on port 8000","port":8000,"service":"neural-shop-backend","timestamp":"2026-04-03 16:49:00.455"}
{"category":"database","level":"info","message":"🗄️  MongoDB connected","service":"neural-shop-backend","timestamp":"2026-04-03 16:49:00.457"}
{"level":"info","message":"✅ Redis Connected","service":"neural-shop-backend","timestamp":"2026-04-03 16:49:00.483"}
{"level":"info","message":"🚀 Redis Ready","service":"neural-shop-backend","timestamp":"2026-04-03 16:49:00.542"}
{"level":"info","message":"🚀 Redis connected","service":"neural-shop-backend","timestamp":"2026-04-03 16:49:00.544"}
{"category":"database","host":"localhost:27017","level":"info","message":"🗄️  Connected successfully","service":"neural-shop-backend","timestamp":"2026-04-03 16:49:00.555"}
{"level":"info","message":"🚀 Kafka producer connected","service":"neural-shop-backend","timestamp":"2026-04-03 16:49:00.592"}
{"level":"info","message":"🚀 Kafka consumers started","service":"neural-shop-backend","timestamp":"2026-04-03 16:49:28.718"}
{"level":"info","message":"Database URL mongodb://admin:admin@localhost:27017/neural_shop?authSource=admin","service":"neural-shop-backend","timestamp":"2026-04-03 16:50:11.271"}
{"environment":"development","level":"info","message":"🚀 Server is running on port 8000","port":8000,"service":"neural-shop-backend","timestamp":"2026-04-03 16:50:11.419"}
{"category":"database","level":"info","message":"🗄️  MongoDB connected","service":"neural-shop-backend","timestamp":"2026-04-03 16:50:11.421"}
{"level":"info","message":"✅ Redis Connected","service":"neural-shop-backend","timestamp":"2026-04-03 16:50:11.441"}
{"level":"info","message":"🚀 Redis Ready","service":"neural-shop-backend","timestamp":"2026-04-03 16:50:11.478"}
{"level":"info","message":"🚀 Redis connected","service":"neural-shop-backend","timestamp":"2026-04-03 16:50:11.479"}
{"category":"database","host":"localhost:27017","level":"info","message":"🗄️  Connected successfully","service":"neural-shop-backend","timestamp":"2026-04-03 16:50:11.508"}
{"level":"info","message":"🚀 Kafka producer connected","service":"neural-shop-backend","timestamp":"2026-04-03 16:50:11.518"}
{"level":"info","message":"Database URL mongodb://admin:admin@localhost:27017/neural_shop?authSource=admin","service":"neural-shop-backend","timestamp":"2026-04-03 16:50:19.404"}
{"environment":"development","level":"info","message":"🚀 Server is running on port 8000","port":8000,"service":"neural-shop-backend","timestamp":"2026-04-03 16:50:19.538"}
{"category":"database","level":"info","message":"🗄️  MongoDB connected","service":"neural-shop-backend","timestamp":"2026-04-03 16:50:19.540"}
{"level":"info","message":"✅ Redis Connected","service":"neural-shop-backend","timestamp":"2026-04-03 16:50:19.574"}
{"level":"info","message":"🚀 Redis Ready","service":"neural-shop-backend","timestamp":"2026-04-03 16:50:19.634"}
{"level":"info","message":"🚀 Redis connected","service":"neural-shop-backend","timestamp":"2026-04-03 16:50:19.636"}
{"category":"database","host":"localhost:27017","level":"info","message":"🗄️  Connected successfully","service":"neural-shop-backend","timestamp":"2026-04-03 16:50:19.670"}
{"level":"info","message":"🚀 Kafka producer connected","service":"neural-shop-backend","timestamp":"2026-04-03 16:50:19.705"}
{"level":"info","message":"Database URL mongodb://admin:admin@localhost:27017/neural_shop?authSource=admin","service":"neural-shop-backend","timestamp":"2026-04-03 16:50:29.318"}
{"environment":"development","level":"info","message":"🚀 Server is running on port 8000","port":8000,"service":"neural-shop-backend","timestamp":"2026-04-03 16:50:29.441"}
{"category":"database","level":"info","message":"🗄️  MongoDB connected","service":"neural-shop-backend","timestamp":"2026-04-03 16:50:29.442"}
{"level":"info","message":"✅ Redis Connected","service":"neural-shop-backend","timestamp":"2026-04-03 16:50:29.464"}
{"level":"info","message":"🚀 Redis Ready","service":"neural-shop-backend","timestamp":"2026-04-03 16:50:29.502"}
{"category":"database","host":"localhost:27017","level":"info","message":"🗄️  Connected successfully","service":"neural-shop-backend","timestamp":"2026-04-03 16:50:29.507"}
{"level":"info","message":"🚀 Redis connected","service":"neural-shop-backend","timestamp":"2026-04-03 16:50:29.514"}
{"level":"info","message":"🚀 Kafka producer connected","service":"neural-shop-backend","timestamp":"2026-04-03 16:50:29.545"}
{"level":"info","message":"Database URL mongodb://admin:admin@localhost:27017/neural_shop?authSource=admin","service":"neural-shop-backend","timestamp":"2026-04-03 16:50:31.687"}
{"environment":"development","level":"info","message":"🚀 Server is running on port 8000","port":8000,"service":"neural-shop-backend","timestamp":"2026-04-03 16:50:31.801"}
{"category":"database","level":"info","message":"🗄️  MongoDB connected","service":"neural-shop-backend","timestamp":"2026-04-03 16:50:31.802"}
{"level":"info","message":"✅ Redis Connected","service":"neural-shop-backend","timestamp":"2026-04-03 16:50:31.825"}
{"level":"info","message":"🚀 Redis Ready","service":"neural-shop-backend","timestamp":"2026-04-03 16:50:31.858"}
{"level":"info","message":"🚀 Redis connected","service":"neural-shop-backend","timestamp":"2026-04-03 16:50:31.860"}
{"category":"database","host":"localhost:27017","level":"info","message":"🗄️  Connected successfully","service":"neural-shop-backend","timestamp":"2026-04-03 16:50:31.887"}
{"level":"info","message":"🚀 Kafka producer connected","service":"neural-shop-backend","timestamp":"2026-04-03 16:50:31.898"}
{"level":"info","message":"Database URL mongodb://admin:admin@localhost:27017/neural_shop?authSource=admin","service":"neural-shop-backend","timestamp":"2026-04-03 16:50:43.314"}
{"environment":"development","level":"info","message":"🚀 Server is running on port 8000","port":8000,"service":"neural-shop-backend","timestamp":"2026-04-03 16:50:43.435"}
{"category":"database","level":"info","message":"🗄️  MongoDB connected","service":"neural-shop-backend","timestamp":"2026-04-03 16:50:43.436"}
{"level":"info","message":"✅ Redis Connected","service":"neural-shop-backend","timestamp":"2026-04-03 16:50:43.456"}
{"level":"info","message":"🚀 Redis Ready","service":"neural-shop-backend","timestamp":"2026-04-03 16:50:43.495"}
{"level":"info","message":"🚀 Redis connected","service":"neural-shop-backend","timestamp":"2026-04-03 16:50:43.498"}
{"category":"database","host":"localhost:27017","level":"info","message":"🗄️  Connected successfully","service":"neural-shop-backend","timestamp":"2026-04-03 16:50:43.519"}
{"level":"info","message":"🚀 Kafka producer connected","service":"neural-shop-backend","timestamp":"2026-04-03 16:50:43.546"}
{"level":"info","message":"Database URL mongodb://admin:admin@localhost:27017/neural_shop?authSource=admin","service":"neural-shop-backend","timestamp":"2026-04-03 16:50:56.388"}
{"environment":"development","level":"info","message":"🚀 Server is running on port 8000","port":8000,"service":"neural-shop-backend","timestamp":"2026-04-03 16:50:56.535"}
{"category":"database","level":"info","message":"🗄️  MongoDB connected","service":"neural-shop-backend","timestamp":"2026-04-03 16:50:56.537"}
{"level":"info","message":"✅ Redis Connected","service":"neural-shop-backend","timestamp":"2026-04-03 16:50:56.571"}
{"level":"info","message":"🚀 Redis Ready","service":"neural-shop-backend","timestamp":"2026-04-03 16:50:56.649"}
{"level":"info","message":"🚀 Redis connected","service":"neural-shop-backend","timestamp":"2026-04-03 16:50:56.652"}
{"category":"database","host":"localhost:27017","level":"info","message":"🗄️  Connected successfully","service":"neural-shop-backend","timestamp":"2026-04-03 16:50:56.695"}
{"level":"info","message":"🚀 Kafka producer connected","service":"neural-shop-backend","timestamp":"2026-04-03 16:50:56.747"}
{"level":"info","message":"Database URL mongodb://admin:admin@localhost:27017/neural_shop?authSource=admin","service":"neural-shop-backend","timestamp":"2026-04-03 16:51:19.647"}
{"environment":"development","level":"info","message":"🚀 Server is running on port 8000","port":8000,"service":"neural-shop-backend","timestamp":"2026-04-03 16:51:19.789"}
{"category":"database","level":"info","message":"🗄️  MongoDB connected","service":"neural-shop-backend","timestamp":"2026-04-03 16:51:19.790"}
{"level":"info","message":"✅ Redis Connected","service":"neural-shop-backend","timestamp":"2026-04-03 16:51:19.819"}
{"level":"info","message":"🚀 Redis Ready","service":"neural-shop-backend","timestamp":"2026-04-03 16:51:19.866"}
{"level":"info","message":"🚀 Redis connected","service":"neural-shop-backend","timestamp":"2026-04-03 16:51:19.868"}
{"category":"database","host":"localhost:27017","level":"info","message":"🗄️  Connected successfully","service":"neural-shop-backend","timestamp":"2026-04-03 16:51:19.905"}
{"level":"info","message":"🚀 Kafka producer connected","service":"neural-shop-backend","timestamp":"2026-04-03 16:51:19.916"}
{"level":"info","message":"Database URL mongodb://admin:admin@localhost:27017/neural_shop?authSource=admin","service":"neural-shop-backend","timestamp":"2026-04-03 16:51:31.286"}
{"environment":"development","level":"info","message":"🚀 Server is running on port 8000","port":8000,"service":"neural-shop-backend","timestamp":"2026-04-03 16:51:31.430"}
{"category":"database","level":"info","message":"🗄️  MongoDB connected","service":"neural-shop-backend","timestamp":"2026-04-03 16:51:31.432"}
{"level":"info","message":"✅ Redis Connected","service":"neural-shop-backend","timestamp":"2026-04-03 16:51:31.453"}
{"level":"info","message":"🚀 Redis Ready","service":"neural-shop-backend","timestamp":"2026-04-03 16:51:31.502"}
{"level":"info","message":"🚀 Redis connected","service":"neural-shop-backend","timestamp":"2026-04-03 16:51:31.504"}
{"category":"database","host":"localhost:27017","level":"info","message":"🗄️  Connected successfully","service":"neural-shop-backend","timestamp":"2026-04-03 16:51:31.512"}
{"level":"info","message":"🚀 Kafka producer connected","service":"neural-shop-backend","timestamp":"2026-04-03 16:51:31.550"}
{"level":"info","message":"🚀 Kafka consumers started","service":"neural-shop-backend","timestamp":"2026-04-03 16:51:42.657"}
{"level":"info","message":"Database URL mongodb://admin:admin@localhost:27017/neural_shop?authSource=admin","service":"neural-shop-backend","timestamp":"2026-04-03 16:51:46.432"}
{"environment":"development","level":"info","message":"🚀 Server is running on port 8000","port":8000,"service":"neural-shop-backend","timestamp":"2026-04-03 16:51:46.561"}
{"category":"database","level":"info","message":"🗄️  MongoDB connected","service":"neural-shop-backend","timestamp":"2026-04-03 16:51:46.562"}
{"level":"info","message":"✅ Redis Connected","service":"neural-shop-backend","timestamp":"2026-04-03 16:51:46.583"}
{"level":"info","message":"🚀 Redis Ready","service":"neural-shop-backend","timestamp":"2026-04-03 16:51:46.615"}
{"level":"info","message":"🚀 Redis connected","service":"neural-shop-backend","timestamp":"2026-04-03 16:51:46.617"}
{"category":"database","host":"localhost:27017","level":"info","message":"🗄️  Connected successfully","service":"neural-shop-backend","timestamp":"2026-04-03 16:51:46.644"}
{"level":"info","message":"🚀 Kafka producer connected","service":"neural-shop-backend","timestamp":"2026-04-03 16:51:46.656"}
{"level":"info","message":"Database URL mongodb://admin:admin@localhost:27017/neural_shop?authSource=admin","service":"neural-shop-backend","timestamp":"2026-04-03 16:51:49.449"}
{"environment":"development","level":"info","message":"🚀 Server is running on port 8000","port":8000,"service":"neural-shop-backend","timestamp":"2026-04-03 16:51:49.558"}
{"category":"database","level":"info","message":"🗄️  MongoDB connected","service":"neural-shop-backend","timestamp":"2026-04-03 16:51:49.560"}
{"level":"info","message":"✅ Redis Connected","service":"neural-shop-backend","timestamp":"2026-04-03 16:51:49.573"}
{"level":"info","message":"🚀 Redis Ready","service":"neural-shop-backend","timestamp":"2026-04-03 16:51:49.612"}
{"level":"info","message":"🚀 Redis connected","service":"neural-shop-backend","timestamp":"2026-04-03 16:51:49.614"}
{"category":"database","host":"localhost:27017","level":"info","message":"🗄️  Connected successfully","service":"neural-shop-backend","timestamp":"2026-04-03 16:51:49.620"}
{"level":"info","message":"🚀 Kafka producer connected","service":"neural-shop-backend","timestamp":"2026-04-03 16:51:49.645"}
{"level":"info","message":"Database URL mongodb://admin:admin@localhost:27017/neural_shop?authSource=admin","service":"neural-shop-backend","timestamp":"2026-04-03 16:51:52.932"}
{"environment":"development","level":"info","message":"🚀 Server is running on port 8000","port":8000,"service":"neural-shop-backend","timestamp":"2026-04-03 16:51:53.045"}
{"category":"database","level":"info","message":"🗄️  MongoDB connected","service":"neural-shop-backend","timestamp":"2026-04-03 16:51:53.047"}
{"level":"info","message":"✅ Redis Connected","service":"neural-shop-backend","timestamp":"2026-04-03 16:51:53.066"}
{"level":"info","message":"🚀 Redis Ready","service":"neural-shop-backend","timestamp":"2026-04-03 16:51:53.103"}
{"level":"info","message":"🚀 Redis connected","service":"neural-shop-backend","timestamp":"2026-04-03 16:51:53.104"}
{"category":"database","host":"localhost:27017","level":"info","message":"🗄️  Connected successfully","service":"neural-shop-backend","timestamp":"2026-04-03 16:51:53.127"}
{"level":"info","message":"🚀 Kafka producer connected","service":"neural-shop-backend","timestamp":"2026-04-03 16:51:53.139"}
{"level":"info","message":"Database URL mongodb://admin:admin@localhost:27017/neural_shop?authSource=admin","service":"neural-shop-backend","timestamp":"2026-04-03 16:51:57.959"}
{"environment":"development","level":"info","message":"🚀 Server is running on port 8000","port":8000,"service":"neural-shop-backend","timestamp":"2026-04-03 16:51:58.159"}
{"category":"database","level":"info","message":"🗄️  MongoDB connected","service":"neural-shop-backend","timestamp":"2026-04-03 16:51:58.161"}
{"level":"info","message":"✅ Redis Connected","service":"neural-shop-backend","timestamp":"2026-04-03 16:51:58.191"}
{"level":"info","message":"🚀 Redis Ready","service":"neural-shop-backend","timestamp":"2026-04-03 16:51:58.243"}
{"level":"info","message":"🚀 Redis connected","service":"neural-shop-backend","timestamp":"2026-04-03 16:51:58.246"}
{"category":"database","host":"localhost:27017","level":"info","message":"🗄️  Connected successfully","service":"neural-shop-backend","timestamp":"2026-04-03 16:51:58.269"}
{"level":"info","message":"🚀 Kafka producer connected","service":"neural-shop-backend","timestamp":"2026-04-03 16:51:58.309"}
{"level":"info","message":"Database URL mongodb://admin:admin@localhost:27017/neural_shop?authSource=admin","service":"neural-shop-backend","timestamp":"2026-04-03 16:53:56.995"}
{"environment":"development","level":"info","message":"🚀 Server is running on port 8000","port":8000,"service":"neural-shop-backend","timestamp":"2026-04-03 16:53:57.128"}
{"category":"database","level":"info","message":"🗄️  MongoDB connected","service":"neural-shop-backend","timestamp":"2026-04-03 16:53:57.130"}
{"level":"info","message":"✅ Redis Connected","service":"neural-shop-backend","timestamp":"2026-04-03 16:53:57.153"}
{"level":"info","message":"🚀 Redis Ready","service":"neural-shop-backend","timestamp":"2026-04-03 16:53:57.194"}
{"level":"info","message":"🚀 Redis connected","service":"neural-shop-backend","timestamp":"2026-04-03 16:53:57.195"}
{"category":"database","host":"localhost:27017","level":"info","message":"🗄️  Connected successfully","service":"neural-shop-backend","timestamp":"2026-04-03 16:53:57.202"}
{"level":"info","message":"🚀 Kafka producer connected","service":"neural-shop-backend","timestamp":"2026-04-03 16:53:57.227"}
{"level":"info","message":"🚀 Kafka consumers started","service":"neural-shop-backend","timestamp":"2026-04-03 16:54:00.056"}
{"level":"info","message":"Database URL mongodb://admin:admin@localhost:27017/neural_shop?authSource=admin","service":"neural-shop-backend","timestamp":"2026-04-03 16:54:24.394"}
{"environment":"development","level":"info","message":"🚀 Server is running on port 8000","port":8000,"service":"neural-shop-backend","timestamp":"2026-04-03 16:54:24.505"}
{"category":"database","level":"info","message":"🗄️  MongoDB connected","service":"neural-shop-backend","timestamp":"2026-04-03 16:54:24.506"}
{"level":"info","message":"✅ Redis Connected","service":"neural-shop-backend","timestamp":"2026-04-03 16:54:24.522"}
{"level":"info","message":"🚀 Redis Ready","service":"neural-shop-backend","timestamp":"2026-04-03 16:54:24.561"}
{"level":"info","message":"🚀 Redis connected","service":"neural-shop-backend","timestamp":"2026-04-03 16:54:24.562"}
{"category":"database","host":"localhost:27017","level":"info","message":"🗄️  Connected successfully","service":"neural-shop-backend","timestamp":"2026-04-03 16:54:24.569"}
{"level":"info","message":"🚀 Kafka producer connected","service":"neural-shop-backend","timestamp":"2026-04-03 16:54:24.603"}
{"level":"info","message":"Database URL mongodb://admin:admin@localhost:27017/neural_shop?authSource=admin","service":"neural-shop-backend","timestamp":"2026-04-03 16:54:32.348"}
{"environment":"development","level":"info","message":"🚀 Server is running on port 8000","port":8000,"service":"neural-shop-backend","timestamp":"2026-04-03 16:54:32.467"}
{"category":"database","level":"info","message":"🗄️  MongoDB connected","service":"neural-shop-backend","timestamp":"2026-04-03 16:54:32.468"}
{"level":"info","message":"✅ Redis Connected","service":"neural-shop-backend","timestamp":"2026-04-03 16:54:32.500"}
{"level":"info","message":"🚀 Redis Ready","service":"neural-shop-backend","timestamp":"2026-04-03 16:54:32.553"}
{"level":"info","message":"🚀 Redis connected","service":"neural-shop-backend","timestamp":"2026-04-03 16:54:32.555"}
{"category":"database","host":"localhost:27017","level":"info","message":"🗄️  Connected successfully","service":"neural-shop-backend","timestamp":"2026-04-03 16:54:32.563"}
{"level":"info","message":"🚀 Kafka producer connected","service":"neural-shop-backend","timestamp":"2026-04-03 16:54:32.593"}
{"level":"info","message":"Database URL mongodb://admin:admin@localhost:27017/neural_shop?authSource=admin","service":"neural-shop-backend","timestamp":"2026-04-03 16:54:46.893"}
{"environment":"development","level":"info","message":"🚀 Server is running on port 8000","port":8000,"service":"neural-shop-backend","timestamp":"2026-04-03 16:54:47.013"}
{"category":"database","level":"info","message":"🗄️  MongoDB connected","service":"neural-shop-backend","timestamp":"2026-04-03 16:54:47.014"}
{"level":"info","message":"✅ Redis Connected","service":"neural-shop-backend","timestamp":"2026-04-03 16:54:47.050"}
{"level":"info","message":"🚀 Redis Ready","service":"neural-shop-backend","timestamp":"2026-04-03 16:54:47.132"}
{"level":"info","message":"🚀 Redis connected","service":"neural-shop-backend","timestamp":"2026-04-03 16:54:47.147"}
{"category":"database","host":"localhost:27017","level":"info","message":"🗄️  Connected successfully","service":"neural-shop-backend","timestamp":"2026-04-03 16:54:47.156"}
{"level":"info","message":"🚀 Kafka producer connected","service":"neural-shop-backend","timestamp":"2026-04-03 16:54:47.187"}
{"level":"info","message":"Database URL mongodb://admin:admin@localhost:27017/neural_shop?authSource=admin","service":"neural-shop-backend","timestamp":"2026-04-03 16:55:03.003"}
{"environment":"development","level":"info","message":"🚀 Server is running on port 8000","port":8000,"service":"neural-shop-backend","timestamp":"2026-04-03 16:55:03.116"}
{"category":"database","level":"info","message":"🗄️  MongoDB connected","service":"neural-shop-backend","timestamp":"2026-04-03 16:55:03.117"}
{"level":"info","message":"✅ Redis Connected","service":"neural-shop-backend","timestamp":"2026-04-03 16:55:03.140"}
{"level":"info","message":"🚀 Redis Ready","service":"neural-shop-backend","timestamp":"2026-04-03 16:55:03.173"}
{"level":"info","message":"🚀 Redis connected","service":"neural-shop-backend","timestamp":"2026-04-03 16:55:03.183"}
{"category":"database","host":"localhost:27017","level":"info","message":"🗄️  Connected successfully","service":"neural-shop-backend","timestamp":"2026-04-03 16:55:03.192"}
{"level":"info","message":"🚀 Kafka producer connected","service":"neural-shop-backend","timestamp":"2026-04-03 16:55:03.216"}
{"level":"info","message":"🚀 Kafka consumers started","service":"neural-shop-backend","timestamp":"2026-04-03 16:55:41.997"}
{"level":"info","message":"Database URL mongodb://admin:admin@localhost:27017/neural_shop?authSource=admin","service":"neural-shop-backend","timestamp":"2026-04-03 16:55:55.690"}
{"environment":"development","level":"info","message":"🚀 Server is running on port 8000","port":8000,"service":"neural-shop-backend","timestamp":"2026-04-03 16:55:55.818"}
{"category":"database","level":"info","message":"🗄️  MongoDB connected","service":"neural-shop-backend","timestamp":"2026-04-03 16:55:55.818"}
{"level":"info","message":"✅ Redis Connected","service":"neural-shop-backend","timestamp":"2026-04-03 16:55:55.838"}
{"level":"info","message":"🚀 Redis Ready","service":"neural-shop-backend","timestamp":"2026-04-03 16:55:55.872"}
{"level":"info","message":"🚀 Redis connected","service":"neural-shop-backend","timestamp":"2026-04-03 16:55:55.874"}
{"category":"database","host":"localhost:27017","level":"info","message":"🗄️  Connected successfully","service":"neural-shop-backend","timestamp":"2026-04-03 16:55:55.898"}
{"level":"info","message":"🚀 Kafka producer connected","service":"neural-shop-backend","timestamp":"2026-04-03 16:55:55.907"}
{"level":"info","message":"Database URL mongodb://admin:admin@localhost:27017/neural_shop?authSource=admin","service":"neural-shop-backend","timestamp":"2026-04-03 16:55:59.944"}
{"environment":"development","level":"info","message":"🚀 Server is running on port 8000","port":8000,"service":"neural-shop-backend","timestamp":"2026-04-03 16:56:00.059"}
{"category":"database","level":"info","message":"🗄️  MongoDB connected","service":"neural-shop-backend","timestamp":"2026-04-03 16:56:00.059"}
{"level":"info","message":"✅ Redis Connected","service":"neural-shop-backend","timestamp":"2026-04-03 16:56:00.077"}
{"level":"info","message":"🚀 Redis Ready","service":"neural-shop-backend","timestamp":"2026-04-03 16:56:00.110"}
{"level":"info","message":"🚀 Redis connected","service":"neural-shop-backend","timestamp":"2026-04-03 16:56:00.113"}
{"category":"database","host":"localhost:27017","level":"info","message":"🗄️  Connected successfully","service":"neural-shop-backend","timestamp":"2026-04-03 16:56:00.138"}
{"level":"info","message":"🚀 Kafka producer connected","service":"neural-shop-backend","timestamp":"2026-04-03 16:56:00.147"}
{"level":"info","message":"Database URL mongodb://admin:admin@localhost:27017/neural_shop?authSource=admin","service":"neural-shop-backend","timestamp":"2026-04-03 16:56:02.998"}
{"environment":"development","level":"info","message":"🚀 Server is running on port 8000","port":8000,"service":"neural-shop-backend","timestamp":"2026-04-03 16:56:03.127"}
{"category":"database","level":"info","message":"🗄️  MongoDB connected","service":"neural-shop-backend","timestamp":"2026-04-03 16:56:03.129"}
{"level":"info","message":"✅ Redis Connected","service":"neural-shop-backend","timestamp":"2026-04-03 16:56:03.144"}
{"level":"info","message":"🚀 Redis Ready","service":"neural-shop-backend","timestamp":"2026-04-03 16:56:03.179"}
{"level":"info","message":"🚀 Redis connected","service":"neural-shop-backend","timestamp":"2026-04-03 16:56:03.181"}
{"category":"database","host":"localhost:27017","level":"info","message":"🗄️  Connected successfully","service":"neural-shop-backend","timestamp":"2026-04-03 16:56:03.211"}
{"level":"info","message":"🚀 Kafka producer connected","service":"neural-shop-backend","timestamp":"2026-04-03 16:56:03.221"}
{"level":"info","message":"🚀 Kafka consumers started","service":"neural-shop-backend","timestamp":"2026-04-03 16:56:46.955"}
{"level":"info","message":"Database URL mongodb://admin:admin@localhost:27017/neural_shop?authSource=admin","service":"neural-shop-backend","timestamp":"2026-04-03 16:56:56.203"}
{"environment":"development","level":"info","message":"🚀 Server is running on port 8000","port":8000,"service":"neural-shop-backend","timestamp":"2026-04-03 16:56:56.376"}
{"category":"database","level":"info","message":"🗄️  MongoDB connected","service":"neural-shop-backend","timestamp":"2026-04-03 16:56:56.378"}
{"level":"info","message":"✅ Redis Connected","service":"neural-shop-backend","timestamp":"2026-04-03 16:56:56.417"}
{"level":"info","message":"🚀 Redis Ready","service":"neural-shop-backend","timestamp":"2026-04-03 16:56:56.471"}
{"level":"info","message":"🚀 Redis connected","service":"neural-shop-backend","timestamp":"2026-04-03 16:56:56.474"}
{"category":"database","host":"localhost:27017","level":"info","message":"🗄️  Connected successfully","service":"neural-shop-backend","timestamp":"2026-04-03 16:56:56.509"}
{"level":"info","message":"🚀 Kafka producer connected","service":"neural-shop-backend","timestamp":"2026-04-03 16:56:56.523"}
{"level":"info","message":"🚀 Kafka consumers started","service":"neural-shop-backend","timestamp":"2026-04-03 16:57:19.855"}
{"level":"info","message":"Database URL mongodb://admin:admin@localhost:27017/neural_shop?authSource=admin","service":"neural-shop-backend","timestamp":"2026-04-03 17:00:40.536"}
{"environment":"development","level":"info","message":"🚀 Server is running on port 8000","port":8000,"service":"neural-shop-backend","timestamp":"2026-04-03 17:00:40.654"}
{"category":"database","level":"info","message":"🗄️  MongoDB connected","service":"neural-shop-backend","timestamp":"2026-04-03 17:00:40.655"}
{"level":"info","message":"✅ Redis Connected","service":"neural-shop-backend","timestamp":"2026-04-03 17:00:40.684"}
{"level":"info","message":"🚀 Redis Ready","service":"neural-shop-backend","timestamp":"2026-04-03 17:00:40.730"}
{"level":"info","message":"🚀 Redis connected","service":"neural-shop-backend","timestamp":"2026-04-03 17:00:40.732"}
{"category":"database","host":"localhost:27017","level":"info","message":"🗄️  Connected successfully","service":"neural-shop-backend","timestamp":"2026-04-03 17:00:40.766"}
{"level":"info","message":"🚀 Kafka producer connected","service":"neural-shop-backend","timestamp":"2026-04-03 17:00:40.783"}
{"level":"info","message":"🚀 Kafka consumers started","service":"neural-shop-backend","timestamp":"2026-04-03 17:00:43.870"}
{"level":"info","message":"Database URL mongodb://admin:admin@localhost:27017/neural_shop?authSource=admin","service":"neural-shop-backend","timestamp":"2026-04-03 17:00:50.100"}
{"environment":"development","level":"info","message":"🚀 Server is running on port 8000","port":8000,"service":"neural-shop-backend","timestamp":"2026-04-03 17:00:50.221"}
{"category":"database","level":"info","message":"🗄️  MongoDB connected","service":"neural-shop-backend","timestamp":"2026-04-03 17:00:50.223"}
{"level":"info","message":"✅ Redis Connected","service":"neural-shop-backend","timestamp":"2026-04-03 17:00:50.247"}
{"level":"info","message":"🚀 Redis Ready","service":"neural-shop-backend","timestamp":"2026-04-03 17:00:50.283"}
{"level":"info","message":"🚀 Redis connected","service":"neural-shop-backend","timestamp":"2026-04-03 17:00:50.286"}
{"category":"database","host":"localhost:27017","level":"info","message":"🗄️  Connected successfully","service":"neural-shop-backend","timestamp":"2026-04-03 17:00:50.311"}
{"level":"info","message":"🚀 Kafka producer connected","service":"neural-shop-backend","timestamp":"2026-04-03 17:00:50.319"}
{"level":"info","message":"Database URL mongodb://admin:admin@localhost:27017/neural_shop?authSource=admin","service":"neural-shop-backend","timestamp":"2026-04-03 17:01:05.734"}
{"environment":"development","level":"info","message":"🚀 Server is running on port 8000","port":8000,"service":"neural-shop-backend","timestamp":"2026-04-03 17:01:05.870"}
{"category":"database","level":"info","message":"🗄️  MongoDB connected","service":"neural-shop-backend","timestamp":"2026-04-03 17:01:05.871"}
{"level":"info","message":"✅ Redis Connected","service":"neural-shop-backend","timestamp":"2026-04-03 17:01:05.895"}
{"level":"info","message":"🚀 Redis Ready","service":"neural-shop-backend","timestamp":"2026-04-03 17:01:05.940"}
{"level":"info","message":"🚀 Redis connected","service":"neural-shop-backend","timestamp":"2026-04-03 17:01:05.942"}
{"category":"database","host":"localhost:27017","level":"info","message":"🗄️  Connected successfully","service":"neural-shop-backend","timestamp":"2026-04-03 17:01:05.950"}
{"level":"info","message":"🚀 Kafka producer connected","service":"neural-shop-backend","timestamp":"2026-04-03 17:01:05.980"}
{"level":"info","message":"Database URL mongodb://admin:admin@localhost:27017/neural_shop?authSource=admin","service":"neural-shop-backend","timestamp":"2026-04-03 17:01:07.647"}
{"environment":"development","level":"info","message":"🚀 Server is running on port 8000","port":8000,"service":"neural-shop-backend","timestamp":"2026-04-03 17:01:07.786"}
{"category":"database","level":"info","message":"🗄️  MongoDB connected","service":"neural-shop-backend","timestamp":"2026-04-03 17:01:07.787"}
{"level":"info","message":"✅ Redis Connected","service":"neural-shop-backend","timestamp":"2026-04-03 17:01:07.814"}
{"level":"info","message":"🚀 Redis Ready","service":"neural-shop-backend","timestamp":"2026-04-03 17:01:07.869"}
{"level":"info","message":"🚀 Redis connected","service":"neural-shop-backend","timestamp":"2026-04-03 17:01:07.871"}
{"category":"database","host":"localhost:27017","level":"info","message":"🗄️  Connected successfully","service":"neural-shop-backend","timestamp":"2026-04-03 17:01:07.879"}
{"level":"info","message":"🚀 Kafka producer connected","service":"neural-shop-backend","timestamp":"2026-04-03 17:01:07.913"}
{"level":"info","message":"🚀 Kafka consumers started","service":"neural-shop-backend","timestamp":"2026-04-03 17:01:13.873"}
{"category":"http","ip":"::1","level":"info","message":"→ POST /registration [201]","service":"neural-shop-backend","timestamp":"2026-04-03 17:02:18.738","userAgent":"PostmanRuntime/7.53.0"}
{"category":"http","ip":"::1","level":"info","message":"→ POST /resend-otp [200]","service":"neural-shop-backend","timestamp":"2026-04-03 17:05:40.801","userAgent":"PostmanRuntime/7.53.0"}
{"category":"http","ip":"::1","level":"info","message":"→ POST /resend-otp [400]","service":"neural-shop-backend","timestamp":"2026-04-03 17:06:25.370","userAgent":"PostmanRuntime/7.53.0"}
{"category":"http","ip":"::1","level":"info","message":"→ POST /verify-email [200]","service":"neural-shop-backend","timestamp":"2026-04-03 17:06:44.029","userAgent":"PostmanRuntime/7.53.0"}
{"level":"info","message":"Database URL mongodb://admin:admin@localhost:27017/neural_shop?authSource=admin","service":"neural-shop-backend","timestamp":"2026-04-03 17:07:01.887"}
{"environment":"development","level":"info","message":"🚀 Server is running on port 8000","port":8000,"service":"neural-shop-backend","timestamp":"2026-04-03 17:07:02.076"}
{"category":"database","level":"info","message":"🗄️  MongoDB connected","service":"neural-shop-backend","timestamp":"2026-04-03 17:07:02.078"}
{"level":"info","message":"✅ Redis Connected","service":"neural-shop-backend","timestamp":"2026-04-03 17:07:02.109"}
{"level":"info","message":"🚀 Redis Ready","service":"neural-shop-backend","timestamp":"2026-04-03 17:07:02.158"}
{"level":"info","message":"🚀 Redis connected","service":"neural-shop-backend","timestamp":"2026-04-03 17:07:02.160"}
{"category":"database","host":"localhost:27017","level":"info","message":"🗄️  Connected successfully","service":"neural-shop-backend","timestamp":"2026-04-03 17:07:02.188"}
{"level":"info","message":"🚀 Kafka producer connected","service":"neural-shop-backend","timestamp":"2026-04-03 17:07:02.228"}
{"level":"info","message":"Database URL mongodb://admin:admin@localhost:27017/neural_shop?authSource=admin","service":"neural-shop-backend","timestamp":"2026-04-03 17:07:07.863"}
{"environment":"development","level":"info","message":"🚀 Server is running on port 8000","port":8000,"service":"neural-shop-backend","timestamp":"2026-04-03 17:07:07.989"}
{"category":"database","level":"info","message":"🗄️  MongoDB connected","service":"neural-shop-backend","timestamp":"2026-04-03 17:07:07.991"}
{"level":"info","message":"✅ Redis Connected","service":"neural-shop-backend","timestamp":"2026-04-03 17:07:08.009"}
{"level":"info","message":"🚀 Redis Ready","service":"neural-shop-backend","timestamp":"2026-04-03 17:07:08.039"}
{"level":"info","message":"🚀 Redis connected","service":"neural-shop-backend","timestamp":"2026-04-03 17:07:08.040"}
{"category":"database","host":"localhost:27017","level":"info","message":"🗄️  Connected successfully","service":"neural-shop-backend","timestamp":"2026-04-03 17:07:08.069"}
{"level":"info","message":"🚀 Kafka producer connected","service":"neural-shop-backend","timestamp":"2026-04-03 17:07:08.084"}
{"category":"http","ip":"::1","level":"info","message":"→ POST /login [200]","service":"neural-shop-backend","timestamp":"2026-04-03 17:07:22.741","userAgent":"PostmanRuntime/7.53.0"}
{"level":"info","message":"🚀 Kafka consumers started","service":"neural-shop-backend","timestamp":"2026-04-03 17:07:24.203"}
{"category":"http","ip":"::1","level":"info","message":"→ POST /login [400]","service":"neural-shop-backend","timestamp":"2026-04-03 17:07:35.278","userAgent":"PostmanRuntime/7.53.0"}
{"category":"http","ip":"::1","level":"info","message":"→ GET /logout [200]","service":"neural-shop-backend","timestamp":"2026-04-03 17:08:15.793","userAgent":"PostmanRuntime/7.53.0"}
{"category":"http","ip":"::1","level":"info","message":"→ POST /adminregister [201]","service":"neural-shop-backend","timestamp":"2026-04-03 17:08:38.897","userAgent":"PostmanRuntime/7.53.0"}
{"errors":[{"location":"body","msg":"OTP is required","path":"otp","type":"field"},{"location":"body","msg":"OTP must be 6 digits","path":"otp","type":"field"},{"location":"body","msg":"OTP must be numeric","path":"otp","type":"field"}],"level":"warn","message":"Validation error","method":"POST","path":"/verify-admin-email","service":"neural-shop-backend","timestamp":"2026-04-03 17:10:16.111"}
{"category":"http","ip":"::1","level":"info","message":"→ POST /verify-admin-email [400]","service":"neural-shop-backend","timestamp":"2026-04-03 17:10:16.112","userAgent":"PostmanRuntime/7.53.0"}
{"category":"http","ip":"::1","level":"info","message":"→ POST /resend-otp [200]","service":"neural-shop-backend","timestamp":"2026-04-03 17:10:30.068","userAgent":"PostmanRuntime/7.53.0"}
{"category":"http","ip":"::1","level":"info","message":"→ POST /verify-admin-email [200]","service":"neural-shop-backend","timestamp":"2026-04-03 17:11:27.390","userAgent":"PostmanRuntime/7.53.0"}
{"level":"info","message":"Database URL mongodb://admin:admin@localhost:27017/neural_shop?authSource=admin","service":"neural-shop-backend","timestamp":"2026-04-03 17:12:07.592"}
{"environment":"development","level":"info","message":"🚀 Server is running on port 8000","port":8000,"service":"neural-shop-backend","timestamp":"2026-04-03 17:12:07.738"}
{"category":"database","level":"info","message":"🗄️  MongoDB connected","service":"neural-shop-backend","timestamp":"2026-04-03 17:12:07.739"}
{"level":"info","message":"✅ Redis Connected","service":"neural-shop-backend","timestamp":"2026-04-03 17:12:07.753"}
{"level":"info","message":"🚀 Redis Ready","service":"neural-shop-backend","timestamp":"2026-04-03 17:12:07.787"}
{"level":"info","message":"🚀 Redis connected","service":"neural-shop-backend","timestamp":"2026-04-03 17:12:07.790"}
{"level":"info","message":"🚀 Kafka producer connected","service":"neural-shop-backend","timestamp":"2026-04-03 17:12:07.820"}
{"category":"database","host":"localhost:27017","level":"info","message":"🗄️  Connected successfully","service":"neural-shop-backend","timestamp":"2026-04-03 17:12:07.826"}
{"level":"info","message":"Database URL mongodb://admin:admin@localhost:27017/neural_shop?authSource=admin","service":"neural-shop-backend","timestamp":"2026-04-03 17:12:09.401"}
{"environment":"development","level":"info","message":"🚀 Server is running on port 8000","port":8000,"service":"neural-shop-backend","timestamp":"2026-04-03 17:12:09.522"}
{"category":"database","level":"info","message":"🗄️  MongoDB connected","service":"neural-shop-backend","timestamp":"2026-04-03 17:12:09.523"}
{"level":"info","message":"✅ Redis Connected","service":"neural-shop-backend","timestamp":"2026-04-03 17:12:09.554"}
{"level":"info","message":"🚀 Redis Ready","service":"neural-shop-backend","timestamp":"2026-04-03 17:12:09.579"}
{"level":"info","message":"🚀 Redis connected","service":"neural-shop-backend","timestamp":"2026-04-03 17:12:09.589"}
{"category":"database","host":"localhost:27017","level":"info","message":"🗄️  Connected successfully","service":"neural-shop-backend","timestamp":"2026-04-03 17:12:09.597"}
{"level":"info","message":"🚀 Kafka producer connected","service":"neural-shop-backend","timestamp":"2026-04-03 17:12:09.621"}
{"level":"info","message":"Database URL mongodb://admin:admin@localhost:27017/neural_shop?authSource=admin","service":"neural-shop-backend","timestamp":"2026-04-03 17:12:11.811"}
{"environment":"development","level":"info","message":"🚀 Server is running on port 8000","port":8000,"service":"neural-shop-backend","timestamp":"2026-04-03 17:12:11.982"}
{"category":"database","level":"info","message":"🗄️  MongoDB connected","service":"neural-shop-backend","timestamp":"2026-04-03 17:12:11.984"}
{"level":"info","message":"✅ Redis Connected","service":"neural-shop-backend","timestamp":"2026-04-03 17:12:12.003"}
{"level":"info","message":"🚀 Redis Ready","service":"neural-shop-backend","timestamp":"2026-04-03 17:12:12.055"}
{"level":"info","message":"Database URL mongodb://admin:admin@localhost:27017/neural_shop?authSource=admin","service":"neural-shop-backend","timestamp":"2026-04-03 17:12:13.848"}
{"environment":"development","level":"info","message":"🚀 Server is running on port 8000","port":8000,"service":"neural-shop-backend","timestamp":"2026-04-03 17:12:14.052"}
{"category":"database","level":"info","message":"🗄️  MongoDB connected","service":"neural-shop-backend","timestamp":"2026-04-03 17:12:14.054"}
{"level":"info","message":"✅ Redis Connected","service":"neural-shop-backend","timestamp":"2026-04-03 17:12:14.075"}
{"level":"info","message":"🚀 Redis Ready","service":"neural-shop-backend","timestamp":"2026-04-03 17:12:14.114"}
{"level":"info","message":"🚀 Redis connected","service":"neural-shop-backend","timestamp":"2026-04-03 17:12:14.115"}
{"category":"database","host":"localhost:27017","level":"info","message":"🗄️  Connected successfully","service":"neural-shop-backend","timestamp":"2026-04-03 17:12:14.143"}
{"level":"info","message":"🚀 Kafka producer connected","service":"neural-shop-backend","timestamp":"2026-04-03 17:12:14.168"}
{"level":"info","message":"Database URL mongodb://admin:admin@localhost:27017/neural_shop?authSource=admin","service":"neural-shop-backend","timestamp":"2026-04-03 17:12:20.067"}
{"environment":"development","level":"info","message":"🚀 Server is running on port 8000","port":8000,"service":"neural-shop-backend","timestamp":"2026-04-03 17:12:20.177"}
{"category":"database","level":"info","message":"🗄️  MongoDB connected","service":"neural-shop-backend","timestamp":"2026-04-03 17:12:20.180"}
{"level":"info","message":"✅ Redis Connected","service":"neural-shop-backend","timestamp":"2026-04-03 17:12:20.208"}
{"level":"info","message":"🚀 Redis Ready","service":"neural-shop-backend","timestamp":"2026-04-03 17:12:20.246"}
{"level":"info","message":"🚀 Redis connected","service":"neural-shop-backend","timestamp":"2026-04-03 17:12:20.248"}
{"level":"info","message":"🚀 Kafka producer connected","service":"neural-shop-backend","timestamp":"2026-04-03 17:12:20.284"}
{"category":"database","host":"localhost:27017","level":"info","message":"🗄️  Connected successfully","service":"neural-shop-backend","timestamp":"2026-04-03 17:12:20.293"}
{"level":"info","message":"Database URL mongodb://admin:admin@localhost:27017/neural_shop?authSource=admin","service":"neural-shop-backend","timestamp":"2026-04-03 17:12:22.715"}
{"environment":"development","level":"info","message":"🚀 Server is running on port 8000","port":8000,"service":"neural-shop-backend","timestamp":"2026-04-03 17:12:22.876"}
{"category":"database","level":"info","message":"🗄️  MongoDB connected","service":"neural-shop-backend","timestamp":"2026-04-03 17:12:22.877"}
{"level":"info","message":"✅ Redis Connected","service":"neural-shop-backend","timestamp":"2026-04-03 17:12:22.889"}
{"level":"info","message":"🚀 Redis Ready","service":"neural-shop-backend","timestamp":"2026-04-03 17:12:22.918"}
{"level":"info","message":"🚀 Redis connected","service":"neural-shop-backend","timestamp":"2026-04-03 17:12:22.920"}
{"category":"database","host":"localhost:27017","level":"info","message":"🗄️  Connected successfully","service":"neural-shop-backend","timestamp":"2026-04-03 17:12:22.951"}
{"level":"info","message":"🚀 Kafka producer connected","service":"neural-shop-backend","timestamp":"2026-04-03 17:12:22.962"}
{"level":"info","message":"Database URL mongodb://admin:admin@localhost:27017/neural_shop?authSource=admin","service":"neural-shop-backend","timestamp":"2026-04-03 17:12:47.831"}
{"environment":"development","level":"info","message":"🚀 Server is running on port 8000","port":8000,"service":"neural-shop-backend","timestamp":"2026-04-03 17:12:47.944"}
{"category":"database","level":"info","message":"🗄️  MongoDB connected","service":"neural-shop-backend","timestamp":"2026-04-03 17:12:47.945"}
{"level":"info","message":"✅ Redis Connected","service":"neural-shop-backend","timestamp":"2026-04-03 17:12:47.957"}
{"level":"info","message":"🚀 Redis Ready","service":"neural-shop-backend","timestamp":"2026-04-03 17:12:47.984"}
{"level":"info","message":"🚀 Redis connected","service":"neural-shop-backend","timestamp":"2026-04-03 17:12:47.985"}
{"category":"database","host":"localhost:27017","level":"info","message":"🗄️  Connected successfully","service":"neural-shop-backend","timestamp":"2026-04-03 17:12:48.008"}
{"level":"info","message":"🚀 Kafka producer connected","service":"neural-shop-backend","timestamp":"2026-04-03 17:12:48.018"}
{"level":"info","message":"Database URL mongodb://admin:admin@localhost:27017/neural_shop?authSource=admin","service":"neural-shop-backend","timestamp":"2026-04-03 17:12:58.784"}
{"environment":"development","level":"info","message":"🚀 Server is running on port 8000","port":8000,"service":"neural-shop-backend","timestamp":"2026-04-03 17:12:58.892"}
{"category":"database","level":"info","message":"🗄️  MongoDB connected","service":"neural-shop-backend","timestamp":"2026-04-03 17:12:58.893"}
{"level":"info","message":"✅ Redis Connected","service":"neural-shop-backend","timestamp":"2026-04-03 17:12:58.907"}
{"level":"info","message":"🚀 Redis Ready","service":"neural-shop-backend","timestamp":"2026-04-03 17:12:58.954"}
{"level":"info","message":"🚀 Redis connected","service":"neural-shop-backend","timestamp":"2026-04-03 17:12:58.955"}
{"category":"database","host":"localhost:27017","level":"info","message":"🗄️  Connected successfully","service":"neural-shop-backend","timestamp":"2026-04-03 17:12:58.962"}
{"level":"info","message":"🚀 Kafka producer connected","service":"neural-shop-backend","timestamp":"2026-04-03 17:12:58.987"}
{"level":"info","message":"Database URL mongodb://admin:admin@localhost:27017/neural_shop?authSource=admin","service":"neural-shop-backend","timestamp":"2026-04-03 17:13:04.726"}
{"environment":"development","level":"info","message":"🚀 Server is running on port 8000","port":8000,"service":"neural-shop-backend","timestamp":"2026-04-03 17:13:04.835"}
{"category":"database","level":"info","message":"🗄️  MongoDB connected","service":"neural-shop-backend","timestamp":"2026-04-03 17:13:04.836"}
{"level":"info","message":"✅ Redis Connected","service":"neural-shop-backend","timestamp":"2026-04-03 17:13:04.859"}
{"level":"info","message":"🚀 Redis Ready","service":"neural-shop-backend","timestamp":"2026-04-03 17:13:04.900"}
{"level":"info","message":"🚀 Redis connected","service":"neural-shop-backend","timestamp":"2026-04-03 17:13:04.901"}
{"category":"database","host":"localhost:27017","level":"info","message":"🗄️  Connected successfully","service":"neural-shop-backend","timestamp":"2026-04-03 17:13:04.908"}
{"level":"info","message":"🚀 Kafka producer connected","service":"neural-shop-backend","timestamp":"2026-04-03 17:13:04.935"}
{"errors":[],"level":"error","message":"[POST /api/auth/registration] Error encountered: Expected double-quoted property name in JSON at position 61 (line 4 column 1)","module":null,"service":"neural-shop-backend","stack":"SyntaxError: Expected double-quoted property name in JSON at position 61 (line 4 column 1)\n    at JSON.parse (<anonymous>)\n    at parse (C:\\Users\\kusha\\OneDrive\\Desktop\\WebDevelopment\\PROJECTs\\NeuralShop\\backend\\node_modules\\body-parser\\lib\\types\\json.js:77:19)\n    at C:\\Users\\kusha\\OneDrive\\Desktop\\WebDevelopment\\PROJECTs\\NeuralShop\\backend\\node_modules\\body-parser\\lib\\read.js:123:18\n    at AsyncResource.runInAsyncScope (node:async_hooks:214:14)\n    at invokeCallback (C:\\Users\\kusha\\OneDrive\\Desktop\\WebDevelopment\\PROJECTs\\NeuralShop\\backend\\node_modules\\raw-body\\index.js:238:16)\n    at done (C:\\Users\\kusha\\OneDrive\\Desktop\\WebDevelopment\\PROJECTs\\NeuralShop\\backend\\node_modules\\raw-body\\index.js:227:7)\n    at IncomingMessage.onEnd (C:\\Users\\kusha\\OneDrive\\Desktop\\WebDevelopment\\PROJECTs\\NeuralShop\\backend\\node_modules\\raw-body\\index.js:287:7)\n    at IncomingMessage.emit (node:events:508:28)\n    at endReadableNT (node:internal/streams/readable:1701:12)\n    at process.processTicksAndRejections (node:internal/process/task_queues:89:21)","statusCode":400,"timestamp":"2026-04-03 17:13:22.399"}
{"errors":[{"location":"body","msg":"Name is required","path":"name","type":"field","value":""},{"location":"body","msg":"Name must be at least 2 characters","path":"name","type":"field","value":""}],"level":"warn","message":"Validation error","method":"POST","path":"/registration","service":"neural-shop-backend","timestamp":"2026-04-03 17:13:25.867"}
{"category":"http","ip":"::1","level":"info","message":"→ POST /registration [400]","service":"neural-shop-backend","timestamp":"2026-04-03 17:13:25.870","userAgent":"PostmanRuntime/7.53.0"}
{"level":"info","message":"Database URL mongodb://admin:admin@localhost:27017/neural_shop?authSource=admin","service":"neural-shop-backend","timestamp":"2026-04-03 17:13:39.916"}
{"environment":"development","level":"info","message":"🚀 Server is running on port 8000","port":8000,"service":"neural-shop-backend","timestamp":"2026-04-03 17:13:40.044"}
{"category":"database","level":"info","message":"🗄️  MongoDB connected","service":"neural-shop-backend","timestamp":"2026-04-03 17:13:40.045"}
{"level":"info","message":"✅ Redis Connected","service":"neural-shop-backend","timestamp":"2026-04-03 17:13:40.068"}
{"level":"info","message":"🚀 Redis Ready","service":"neural-shop-backend","timestamp":"2026-04-03 17:13:40.115"}
{"level":"info","message":"🚀 Redis connected","service":"neural-shop-backend","timestamp":"2026-04-03 17:13:40.118"}
{"category":"database","host":"localhost:27017","level":"info","message":"🗄️  Connected successfully","service":"neural-shop-backend","timestamp":"2026-04-03 17:13:40.150"}
{"level":"info","message":"🚀 Kafka producer connected","service":"neural-shop-backend","timestamp":"2026-04-03 17:13:40.162"}
{"level":"info","message":"Database URL mongodb://admin:admin@localhost:27017/neural_shop?authSource=admin","service":"neural-shop-backend","timestamp":"2026-04-03 17:13:45.859"}
{"environment":"development","level":"info","message":"🚀 Server is running on port 8000","port":8000,"service":"neural-shop-backend","timestamp":"2026-04-03 17:13:45.988"}
{"category":"database","level":"info","message":"🗄️  MongoDB connected","service":"neural-shop-backend","timestamp":"2026-04-03 17:13:45.989"}
{"level":"info","message":"✅ Redis Connected","service":"neural-shop-backend","timestamp":"2026-04-03 17:13:46.012"}
{"level":"info","message":"🚀 Redis Ready","service":"neural-shop-backend","timestamp":"2026-04-03 17:13:46.066"}
{"level":"info","message":"🚀 Redis connected","service":"neural-shop-backend","timestamp":"2026-04-03 17:13:46.067"}
{"category":"database","host":"localhost:27017","level":"info","message":"🗄️  Connected successfully","service":"neural-shop-backend","timestamp":"2026-04-03 17:13:46.075"}
{"level":"info","message":"🚀 Kafka producer connected","service":"neural-shop-backend","timestamp":"2026-04-03 17:13:46.104"}
{"category":"http","ip":"::1","level":"info","message":"→ POST /adminlogin [400]","service":"neural-shop-backend","timestamp":"2026-04-03 17:13:52.391","userAgent":"PostmanRuntime/7.53.0"}
{"level":"info","message":"Database URL mongodb://admin:admin@localhost:27017/neural_shop?authSource=admin","service":"neural-shop-backend","timestamp":"2026-04-03 17:13:55.026"}
{"environment":"development","level":"info","message":"🚀 Server is running on port 8000","port":8000,"service":"neural-shop-backend","timestamp":"2026-04-03 17:13:55.147"}
{"category":"database","level":"info","message":"🗄️  MongoDB connected","service":"neural-shop-backend","timestamp":"2026-04-03 17:13:55.148"}
{"level":"info","message":"✅ Redis Connected","service":"neural-shop-backend","timestamp":"2026-04-03 17:13:55.170"}
{"level":"info","message":"🚀 Redis Ready","service":"neural-shop-backend","timestamp":"2026-04-03 17:13:55.212"}
{"level":"info","message":"🚀 Redis connected","service":"neural-shop-backend","timestamp":"2026-04-03 17:13:55.214"}
{"category":"database","host":"localhost:27017","level":"info","message":"🗄️  Connected successfully","service":"neural-shop-backend","timestamp":"2026-04-03 17:13:55.220"}
{"level":"info","message":"🚀 Kafka producer connected","service":"neural-shop-backend","timestamp":"2026-04-03 17:13:55.243"}
{"level":"info","message":"Database URL mongodb://admin:admin@localhost:27017/neural_shop?authSource=admin","service":"neural-shop-backend","timestamp":"2026-04-03 17:13:58.959"}
{"environment":"development","level":"info","message":"🚀 Server is running on port 8000","port":8000,"service":"neural-shop-backend","timestamp":"2026-04-03 17:13:59.084"}
{"category":"database","level":"info","message":"🗄️  MongoDB connected","service":"neural-shop-backend","timestamp":"2026-04-03 17:13:59.085"}
{"level":"info","message":"✅ Redis Connected","service":"neural-shop-backend","timestamp":"2026-04-03 17:13:59.120"}
{"level":"info","message":"🚀 Redis Ready","service":"neural-shop-backend","timestamp":"2026-04-03 17:13:59.155"}
{"level":"info","message":"🚀 Redis connected","service":"neural-shop-backend","timestamp":"2026-04-03 17:13:59.157"}
{"category":"database","host":"localhost:27017","level":"info","message":"🗄️  Connected successfully","service":"neural-shop-backend","timestamp":"2026-04-03 17:13:59.186"}
{"level":"info","message":"🚀 Kafka producer connected","service":"neural-shop-backend","timestamp":"2026-04-03 17:13:59.196"}
{"level":"info","message":"Database URL mongodb://admin:admin@localhost:27017/neural_shop?authSource=admin","service":"neural-shop-backend","timestamp":"2026-04-03 17:14:00.943"}
{"environment":"development","level":"info","message":"🚀 Server is running on port 8000","port":8000,"service":"neural-shop-backend","timestamp":"2026-04-03 17:14:01.089"}
{"category":"database","level":"info","message":"🗄️  MongoDB connected","service":"neural-shop-backend","timestamp":"2026-04-03 17:14:01.090"}
{"level":"info","message":"✅ Redis Connected","service":"neural-shop-backend","timestamp":"2026-04-03 17:14:01.117"}
{"level":"info","message":"🚀 Redis Ready","service":"neural-shop-backend","timestamp":"2026-04-03 17:14:01.182"}
{"level":"info","message":"🚀 Redis connected","service":"neural-shop-backend","timestamp":"2026-04-03 17:14:01.185"}
{"category":"database","host":"localhost:27017","level":"info","message":"🗄️  Connected successfully","service":"neural-shop-backend","timestamp":"2026-04-03 17:14:01.194"}
{"level":"info","message":"🚀 Kafka producer connected","service":"neural-shop-backend","timestamp":"2026-04-03 17:14:01.238"}
{"level":"info","message":"Database URL mongodb://admin:admin@localhost:27017/neural_shop?authSource=admin","service":"neural-shop-backend","timestamp":"2026-04-03 17:14:30.967"}
{"environment":"development","level":"info","message":"🚀 Server is running on port 8000","port":8000,"service":"neural-shop-backend","timestamp":"2026-04-03 17:14:31.093"}
{"category":"database","level":"info","message":"🗄️  MongoDB connected","service":"neural-shop-backend","timestamp":"2026-04-03 17:14:31.094"}
{"level":"info","message":"✅ Redis Connected","service":"neural-shop-backend","timestamp":"2026-04-03 17:14:31.115"}
{"level":"info","message":"🚀 Redis Ready","service":"neural-shop-backend","timestamp":"2026-04-03 17:14:31.151"}
{"level":"info","message":"🚀 Redis connected","service":"neural-shop-backend","timestamp":"2026-04-03 17:14:31.167"}
{"category":"database","host":"localhost:27017","level":"info","message":"🗄️  Connected successfully","service":"neural-shop-backend","timestamp":"2026-04-03 17:14:31.176"}
{"level":"info","message":"🚀 Kafka producer connected","service":"neural-shop-backend","timestamp":"2026-04-03 17:14:31.204"}
{"level":"info","message":"Database URL mongodb://admin:admin@localhost:27017/neural_shop?authSource=admin","service":"neural-shop-backend","timestamp":"2026-04-03 17:14:37.215"}
{"environment":"development","level":"info","message":"🚀 Server is running on port 8000","port":8000,"service":"neural-shop-backend","timestamp":"2026-04-03 17:14:37.343"}
{"category":"database","level":"info","message":"🗄️  MongoDB connected","service":"neural-shop-backend","timestamp":"2026-04-03 17:14:37.344"}
{"level":"info","message":"✅ Redis Connected","service":"neural-shop-backend","timestamp":"2026-04-03 17:14:37.366"}
{"level":"info","message":"🚀 Redis Ready","service":"neural-shop-backend","timestamp":"2026-04-03 17:14:37.398"}
{"level":"info","message":"🚀 Redis connected","service":"neural-shop-backend","timestamp":"2026-04-03 17:14:37.400"}
{"category":"database","host":"localhost:27017","level":"info","message":"🗄️  Connected successfully","service":"neural-shop-backend","timestamp":"2026-04-03 17:14:37.423"}
{"level":"info","message":"🚀 Kafka producer connected","service":"neural-shop-backend","timestamp":"2026-04-03 17:14:37.432"}
{"category":"http","ip":"::1","level":"info","message":"→ POST /adminlogin [200]","service":"neural-shop-backend","timestamp":"2026-04-03 17:14:40.720","userAgent":"PostmanRuntime/7.53.0"}
{"level":"info","message":"Database URL mongodb://admin:admin@localhost:27017/neural_shop?authSource=admin","service":"neural-shop-backend","timestamp":"2026-04-03 17:14:56.270"}
{"environment":"development","level":"info","message":"🚀 Server is running on port 8000","port":8000,"service":"neural-shop-backend","timestamp":"2026-04-03 17:14:56.413"}
{"category":"database","level":"info","message":"🗄️  MongoDB connected","service":"neural-shop-backend","timestamp":"2026-04-03 17:14:56.414"}
{"level":"info","message":"✅ Redis Connected","service":"neural-shop-backend","timestamp":"2026-04-03 17:14:56.434"}
{"level":"info","message":"🚀 Redis Ready","service":"neural-shop-backend","timestamp":"2026-04-03 17:14:56.472"}
{"level":"info","message":"🚀 Redis connected","service":"neural-shop-backend","timestamp":"2026-04-03 17:14:56.474"}
{"category":"database","host":"localhost:27017","level":"info","message":"🗄️  Connected successfully","service":"neural-shop-backend","timestamp":"2026-04-03 17:14:56.498"}
{"level":"info","message":"🚀 Kafka producer connected","service":"neural-shop-backend","timestamp":"2026-04-03 17:14:56.508"}
{"level":"info","message":"🚀 Kafka consumers started","service":"neural-shop-backend","timestamp":"2026-04-03 17:14:58.557"}
{"level":"info","message":"Database URL mongodb://admin:admin@localhost:27017/neural_shop?authSource=admin","service":"neural-shop-backend","timestamp":"2026-04-03 17:15:00.178"}
{"environment":"development","level":"info","message":"🚀 Server is running on port 8000","port":8000,"service":"neural-shop-backend","timestamp":"2026-04-03 17:15:00.296"}
{"category":"database","level":"info","message":"🗄️  MongoDB connected","service":"neural-shop-backend","timestamp":"2026-04-03 17:15:00.298"}
{"level":"info","message":"✅ Redis Connected","service":"neural-shop-backend","timestamp":"2026-04-03 17:15:00.322"}
{"level":"info","message":"🚀 Redis Ready","service":"neural-shop-backend","timestamp":"2026-04-03 17:15:00.367"}
{"level":"info","message":"🚀 Redis connected","service":"neural-shop-backend","timestamp":"2026-04-03 17:15:00.368"}
{"category":"database","host":"localhost:27017","level":"info","message":"🗄️  Connected successfully","service":"neural-shop-backend","timestamp":"2026-04-03 17:15:00.375"}
{"level":"info","message":"🚀 Kafka producer connected","service":"neural-shop-backend","timestamp":"2026-04-03 17:15:00.400"}
{"level":"info","message":"Database URL mongodb://admin:admin@localhost:27017/neural_shop?authSource=admin","service":"neural-shop-backend","timestamp":"2026-04-03 17:15:06.463"}
{"environment":"development","level":"info","message":"🚀 Server is running on port 8000","port":8000,"service":"neural-shop-backend","timestamp":"2026-04-03 17:15:06.569"}
{"category":"database","level":"info","message":"🗄️  MongoDB connected","service":"neural-shop-backend","timestamp":"2026-04-03 17:15:06.570"}
{"level":"info","message":"✅ Redis Connected","service":"neural-shop-backend","timestamp":"2026-04-03 17:15:06.586"}
{"level":"info","message":"🚀 Redis Ready","service":"neural-shop-backend","timestamp":"2026-04-03 17:15:06.618"}
{"level":"info","message":"🚀 Redis connected","service":"neural-shop-backend","timestamp":"2026-04-03 17:15:06.630"}
{"category":"database","host":"localhost:27017","level":"info","message":"🗄️  Connected successfully","service":"neural-shop-backend","timestamp":"2026-04-03 17:15:06.639"}
{"level":"info","message":"🚀 Kafka producer connected","service":"neural-shop-backend","timestamp":"2026-04-03 17:15:06.667"}
{"level":"info","message":"Database URL mongodb://admin:admin@localhost:27017/neural_shop?authSource=admin","service":"neural-shop-backend","timestamp":"2026-04-03 17:15:47.970"}
{"environment":"development","level":"info","message":"🚀 Server is running on port 8000","port":8000,"service":"neural-shop-backend","timestamp":"2026-04-03 17:15:48.113"}
{"category":"database","level":"info","message":"🗄️  MongoDB connected","service":"neural-shop-backend","timestamp":"2026-04-03 17:15:48.115"}
{"level":"info","message":"✅ Redis Connected","service":"neural-shop-backend","timestamp":"2026-04-03 17:15:48.135"}
{"level":"info","message":"🚀 Redis Ready","service":"neural-shop-backend","timestamp":"2026-04-03 17:15:48.184"}
{"level":"info","message":"🚀 Redis connected","service":"neural-shop-backend","timestamp":"2026-04-03 17:15:48.186"}
{"category":"database","host":"localhost:27017","level":"info","message":"🗄️  Connected successfully","service":"neural-shop-backend","timestamp":"2026-04-03 17:15:48.197"}
{"level":"info","message":"🚀 Kafka producer connected","service":"neural-shop-backend","timestamp":"2026-04-03 17:15:48.234"}
{"level":"info","message":"🚀 Kafka consumers started","service":"neural-shop-backend","timestamp":"2026-04-03 17:16:15.587"}
{"level":"info","message":"Database URL mongodb://admin:admin@localhost:27017/neural_shop?authSource=admin","service":"neural-shop-backend","timestamp":"2026-04-03 17:16:19.174"}
{"environment":"development","level":"info","message":"🚀 Server is running on port 8000","port":8000,"service":"neural-shop-backend","timestamp":"2026-04-03 17:16:19.303"}
{"category":"database","level":"info","message":"🗄️  MongoDB connected","service":"neural-shop-backend","timestamp":"2026-04-03 17:16:19.305"}
{"level":"info","message":"✅ Redis Connected","service":"neural-shop-backend","timestamp":"2026-04-03 17:16:19.328"}
{"level":"info","message":"🚀 Redis Ready","service":"neural-shop-backend","timestamp":"2026-04-03 17:16:19.363"}
{"level":"info","message":"🚀 Redis connected","service":"neural-shop-backend","timestamp":"2026-04-03 17:16:19.364"}
{"category":"database","host":"localhost:27017","level":"info","message":"🗄️  Connected successfully","service":"neural-shop-backend","timestamp":"2026-04-03 17:16:19.389"}
{"level":"info","message":"🚀 Kafka producer connected","service":"neural-shop-backend","timestamp":"2026-04-03 17:16:19.399"}
{"level":"info","message":"🚀 Kafka consumers started","service":"neural-shop-backend","timestamp":"2026-04-03 17:16:42.891"}
{"level":"info","message":"Database URL mongodb://admin:admin@localhost:27017/neural_shop?authSource=admin","service":"neural-shop-backend","timestamp":"2026-04-03 17:17:55.978"}
{"environment":"development","level":"info","message":"🚀 Server is running on port 8000","port":8000,"service":"neural-shop-backend","timestamp":"2026-04-03 17:17:56.103"}
{"category":"database","level":"info","message":"🗄️  MongoDB connected","service":"neural-shop-backend","timestamp":"2026-04-03 17:17:56.104"}
{"level":"info","message":"✅ Redis Connected","service":"neural-shop-backend","timestamp":"2026-04-03 17:17:56.124"}
{"level":"info","message":"🚀 Redis Ready","service":"neural-shop-backend","timestamp":"2026-04-03 17:17:56.160"}
{"level":"info","message":"🚀 Redis connected","service":"neural-shop-backend","timestamp":"2026-04-03 17:17:56.161"}
{"category":"database","host":"localhost:27017","level":"info","message":"🗄️  Connected successfully","service":"neural-shop-backend","timestamp":"2026-04-03 17:17:56.185"}
{"level":"info","message":"🚀 Kafka producer connected","service":"neural-shop-backend","timestamp":"2026-04-03 17:17:56.194"}
{"level":"info","message":"Database URL mongodb://admin:admin@localhost:27017/neural_shop?authSource=admin","service":"neural-shop-backend","timestamp":"2026-04-03 17:18:03.498"}
{"environment":"development","level":"info","message":"🚀 Server is running on port 8000","port":8000,"service":"neural-shop-backend","timestamp":"2026-04-03 17:18:03.639"}
{"category":"database","level":"info","message":"🗄️  MongoDB connected","service":"neural-shop-backend","timestamp":"2026-04-03 17:18:03.640"}
{"level":"info","message":"✅ Redis Connected","service":"neural-shop-backend","timestamp":"2026-04-03 17:18:03.657"}
{"level":"info","message":"🚀 Redis Ready","service":"neural-shop-backend","timestamp":"2026-04-03 17:18:03.691"}
{"level":"info","message":"🚀 Redis connected","service":"neural-shop-backend","timestamp":"2026-04-03 17:18:03.694"}
{"category":"database","host":"localhost:27017","level":"info","message":"🗄️  Connected successfully","service":"neural-shop-backend","timestamp":"2026-04-03 17:18:03.728"}
{"level":"info","message":"🚀 Kafka producer connected","service":"neural-shop-backend","timestamp":"2026-04-03 17:18:03.743"}
{"level":"info","message":"Database URL mongodb://admin:admin@localhost:27017/neural_shop?authSource=admin","service":"neural-shop-backend","timestamp":"2026-04-03 17:18:19.384"}
{"environment":"development","level":"info","message":"🚀 Server is running on port 8000","port":8000,"service":"neural-shop-backend","timestamp":"2026-04-03 17:18:19.531"}
{"category":"database","level":"info","message":"🗄️  MongoDB connected","service":"neural-shop-backend","timestamp":"2026-04-03 17:18:19.531"}
{"level":"info","message":"✅ Redis Connected","service":"neural-shop-backend","timestamp":"2026-04-03 17:18:19.550"}
{"level":"info","message":"🚀 Redis Ready","service":"neural-shop-backend","timestamp":"2026-04-03 17:18:19.585"}
{"level":"info","message":"🚀 Redis connected","service":"neural-shop-backend","timestamp":"2026-04-03 17:18:19.596"}
{"category":"database","host":"localhost:27017","level":"info","message":"🗄️  Connected successfully","service":"neural-shop-backend","timestamp":"2026-04-03 17:18:19.605"}
{"level":"info","message":"🚀 Kafka producer connected","service":"neural-shop-backend","timestamp":"2026-04-03 17:18:19.631"}
{"level":"info","message":"Database URL mongodb://admin:admin@localhost:27017/neural_shop?authSource=admin","service":"neural-shop-backend","timestamp":"2026-04-03 17:18:21.714"}
{"environment":"development","level":"info","message":"🚀 Server is running on port 8000","port":8000,"service":"neural-shop-backend","timestamp":"2026-04-03 17:18:21.838"}
{"category":"database","level":"info","message":"🗄️  MongoDB connected","service":"neural-shop-backend","timestamp":"2026-04-03 17:18:21.839"}
{"level":"info","message":"✅ Redis Connected","service":"neural-shop-backend","timestamp":"2026-04-03 17:18:21.859"}
{"level":"info","message":"🚀 Redis Ready","service":"neural-shop-backend","timestamp":"2026-04-03 17:18:21.908"}
{"level":"info","message":"🚀 Redis connected","service":"neural-shop-backend","timestamp":"2026-04-03 17:18:21.909"}
{"category":"database","host":"localhost:27017","level":"info","message":"🗄️  Connected successfully","service":"neural-shop-backend","timestamp":"2026-04-03 17:18:21.916"}
{"level":"info","message":"🚀 Kafka producer connected","service":"neural-shop-backend","timestamp":"2026-04-03 17:18:21.940"}
{"level":"info","message":"🚀 Kafka consumers started","service":"neural-shop-backend","timestamp":"2026-04-03 17:18:45.831"}
{"level":"info","message":"Database URL mongodb://admin:admin@localhost:27017/neural_shop?authSource=admin","service":"neural-shop-backend","timestamp":"2026-04-03 17:18:52.808"}
{"environment":"development","level":"info","message":"🚀 Server is running on port 8000","port":8000,"service":"neural-shop-backend","timestamp":"2026-04-03 17:18:52.931"}
{"category":"database","level":"info","message":"🗄️  MongoDB connected","service":"neural-shop-backend","timestamp":"2026-04-03 17:18:52.932"}
{"level":"info","message":"✅ Redis Connected","service":"neural-shop-backend","timestamp":"2026-04-03 17:18:52.955"}
{"level":"info","message":"🚀 Redis Ready","service":"neural-shop-backend","timestamp":"2026-04-03 17:18:52.990"}
{"level":"info","message":"🚀 Redis connected","service":"neural-shop-backend","timestamp":"2026-04-03 17:18:52.992"}
{"category":"database","host":"localhost:27017","level":"info","message":"🗄️  Connected successfully","service":"neural-shop-backend","timestamp":"2026-04-03 17:18:53.020"}
{"level":"info","message":"🚀 Kafka producer connected","service":"neural-shop-backend","timestamp":"2026-04-03 17:18:53.046"}
{"level":"info","message":"Database URL mongodb://admin:admin@localhost:27017/neural_shop?authSource=admin","service":"neural-shop-backend","timestamp":"2026-04-03 17:19:00.584"}
{"environment":"development","level":"info","message":"🚀 Server is running on port 8000","port":8000,"service":"neural-shop-backend","timestamp":"2026-04-03 17:19:00.717"}
{"category":"database","level":"info","message":"🗄️  MongoDB connected","service":"neural-shop-backend","timestamp":"2026-04-03 17:19:00.718"}
{"level":"info","message":"✅ Redis Connected","service":"neural-shop-backend","timestamp":"2026-04-03 17:19:00.741"}
{"level":"info","message":"🚀 Redis Ready","service":"neural-shop-backend","timestamp":"2026-04-03 17:19:00.804"}
{"level":"info","message":"🚀 Redis connected","service":"neural-shop-backend","timestamp":"2026-04-03 17:19:00.806"}
{"category":"database","host":"localhost:27017","level":"info","message":"🗄️  Connected successfully","service":"neural-shop-backend","timestamp":"2026-04-03 17:19:00.816"}
{"level":"info","message":"🚀 Kafka producer connected","service":"neural-shop-backend","timestamp":"2026-04-03 17:19:00.857"}
{"level":"info","message":"Database URL mongodb://admin:admin@localhost:27017/neural_shop?authSource=admin","service":"neural-shop-backend","timestamp":"2026-04-03 17:19:22.666"}
{"environment":"development","level":"info","message":"🚀 Server is running on port 8000","port":8000,"service":"neural-shop-backend","timestamp":"2026-04-03 17:19:22.804"}
{"category":"database","level":"info","message":"🗄️  MongoDB connected","service":"neural-shop-backend","timestamp":"2026-04-03 17:19:22.805"}
{"level":"info","message":"✅ Redis Connected","service":"neural-shop-backend","timestamp":"2026-04-03 17:19:22.823"}
{"level":"info","message":"🚀 Redis Ready","service":"neural-shop-backend","timestamp":"2026-04-03 17:19:22.853"}
{"level":"info","message":"🚀 Redis connected","service":"neural-shop-backend","timestamp":"2026-04-03 17:19:22.855"}
{"category":"database","host":"localhost:27017","level":"info","message":"🗄️  Connected successfully","service":"neural-shop-backend","timestamp":"2026-04-03 17:19:22.880"}
{"level":"info","message":"🚀 Kafka producer connected","service":"neural-shop-backend","timestamp":"2026-04-03 17:19:22.890"}
{"level":"info","message":"Database URL mongodb://admin:admin@localhost:27017/neural_shop?authSource=admin","service":"neural-shop-backend","timestamp":"2026-04-03 17:19:24.636"}
{"environment":"development","level":"info","message":"🚀 Server is running on port 8000","port":8000,"service":"neural-shop-backend","timestamp":"2026-04-03 17:19:24.745"}
{"category":"database","level":"info","message":"🗄️  MongoDB connected","service":"neural-shop-backend","timestamp":"2026-04-03 17:19:24.747"}
{"level":"info","message":"✅ Redis Connected","service":"neural-shop-backend","timestamp":"2026-04-03 17:19:24.774"}
{"level":"info","message":"🚀 Redis Ready","service":"neural-shop-backend","timestamp":"2026-04-03 17:19:24.805"}
{"level":"info","message":"🚀 Redis connected","service":"neural-shop-backend","timestamp":"2026-04-03 17:19:24.806"}
{"category":"database","host":"localhost:27017","level":"info","message":"🗄️  Connected successfully","service":"neural-shop-backend","timestamp":"2026-04-03 17:19:24.834"}
{"level":"info","message":"🚀 Kafka producer connected","service":"neural-shop-backend","timestamp":"2026-04-03 17:19:24.843"}
{"level":"info","message":"Database URL mongodb://admin:admin@localhost:27017/neural_shop?authSource=admin","service":"neural-shop-backend","timestamp":"2026-04-03 17:19:26.902"}
{"environment":"development","level":"info","message":"🚀 Server is running on port 8000","port":8000,"service":"neural-shop-backend","timestamp":"2026-04-03 17:19:27.019"}
{"category":"database","level":"info","message":"🗄️  MongoDB connected","service":"neural-shop-backend","timestamp":"2026-04-03 17:19:27.020"}
{"level":"info","message":"✅ Redis Connected","service":"neural-shop-backend","timestamp":"2026-04-03 17:19:27.042"}
{"level":"info","message":"🚀 Redis Ready","service":"neural-shop-backend","timestamp":"2026-04-03 17:19:27.072"}
{"level":"info","message":"🚀 Redis connected","service":"neural-shop-backend","timestamp":"2026-04-03 17:19:27.075"}
{"category":"database","host":"localhost:27017","level":"info","message":"🗄️  Connected successfully","service":"neural-shop-backend","timestamp":"2026-04-03 17:19:27.103"}
{"level":"info","message":"🚀 Kafka producer connected","service":"neural-shop-backend","timestamp":"2026-04-03 17:19:27.113"}
{"level":"info","message":"Database URL mongodb://admin:admin@localhost:27017/neural_shop?authSource=admin","service":"neural-shop-backend","timestamp":"2026-04-03 17:19:29.407"}
{"environment":"development","level":"info","message":"🚀 Server is running on port 8000","port":8000,"service":"neural-shop-backend","timestamp":"2026-04-03 17:19:29.523"}
{"category":"database","level":"info","message":"🗄️  MongoDB connected","service":"neural-shop-backend","timestamp":"2026-04-03 17:19:29.524"}
{"level":"info","message":"✅ Redis Connected","service":"neural-shop-backend","timestamp":"2026-04-03 17:19:29.544"}
{"level":"info","message":"🚀 Redis Ready","service":"neural-shop-backend","timestamp":"2026-04-03 17:19:29.578"}
{"level":"info","message":"🚀 Redis connected","service":"neural-shop-backend","timestamp":"2026-04-03 17:19:29.579"}
{"category":"database","host":"localhost:27017","level":"info","message":"🗄️  Connected successfully","service":"neural-shop-backend","timestamp":"2026-04-03 17:19:29.614"}
{"level":"info","message":"Database URL mongodb://admin:admin@localhost:27017/neural_shop?authSource=admin","service":"neural-shop-backend","timestamp":"2026-04-03 17:19:31.007"}
{"environment":"development","level":"info","message":"🚀 Server is running on port 8000","port":8000,"service":"neural-shop-backend","timestamp":"2026-04-03 17:19:31.116"}
{"category":"database","level":"info","message":"🗄️  MongoDB connected","service":"neural-shop-backend","timestamp":"2026-04-03 17:19:31.117"}
{"level":"info","message":"✅ Redis Connected","service":"neural-shop-backend","timestamp":"2026-04-03 17:19:31.141"}
{"level":"info","message":"🚀 Redis Ready","service":"neural-shop-backend","timestamp":"2026-04-03 17:19:31.176"}
{"level":"info","message":"🚀 Redis connected","service":"neural-shop-backend","timestamp":"2026-04-03 17:19:31.177"}
{"category":"database","host":"localhost:27017","level":"info","message":"🗄️  Connected successfully","service":"neural-shop-backend","timestamp":"2026-04-03 17:19:31.198"}
{"level":"info","message":"🚀 Kafka producer connected","service":"neural-shop-backend","timestamp":"2026-04-03 17:19:31.229"}
{"level":"info","message":"Database URL mongodb://admin:admin@localhost:27017/neural_shop?authSource=admin","service":"neural-shop-backend","timestamp":"2026-04-03 17:19:39.954"}
{"environment":"development","level":"info","message":"🚀 Server is running on port 8000","port":8000,"service":"neural-shop-backend","timestamp":"2026-04-03 17:19:40.072"}
{"category":"database","level":"info","message":"🗄️  MongoDB connected","service":"neural-shop-backend","timestamp":"2026-04-03 17:19:40.074"}
{"level":"info","message":"✅ Redis Connected","service":"neural-shop-backend","timestamp":"2026-04-03 17:19:40.117"}
{"level":"info","message":"🚀 Redis Ready","service":"neural-shop-backend","timestamp":"2026-04-03 17:19:40.196"}
{"level":"info","message":"🚀 Redis connected","service":"neural-shop-backend","timestamp":"2026-04-03 17:19:40.199"}
{"category":"database","host":"localhost:27017","level":"info","message":"🗄️  Connected successfully","service":"neural-shop-backend","timestamp":"2026-04-03 17:19:40.241"}
{"level":"info","message":"🚀 Kafka producer connected","service":"neural-shop-backend","timestamp":"2026-04-03 17:19:40.270"}
{"level":"info","message":"Database URL mongodb://admin:admin@localhost:27017/neural_shop?authSource=admin","service":"neural-shop-backend","timestamp":"2026-04-03 17:19:41.871"}
{"environment":"development","level":"info","message":"🚀 Server is running on port 8000","port":8000,"service":"neural-shop-backend","timestamp":"2026-04-03 17:19:42.005"}
{"category":"database","level":"info","message":"🗄️  MongoDB connected","service":"neural-shop-backend","timestamp":"2026-04-03 17:19:42.006"}
{"level":"info","message":"✅ Redis Connected","service":"neural-shop-backend","timestamp":"2026-04-03 17:19:42.032"}
{"level":"info","message":"🚀 Redis Ready","service":"neural-shop-backend","timestamp":"2026-04-03 17:19:42.066"}
{"level":"info","message":"🚀 Redis connected","service":"neural-shop-backend","timestamp":"2026-04-03 17:19:42.068"}
{"category":"database","host":"localhost:27017","level":"info","message":"🗄️  Connected successfully","service":"neural-shop-backend","timestamp":"2026-04-03 17:19:42.095"}
{"level":"info","message":"🚀 Kafka producer connected","service":"neural-shop-backend","timestamp":"2026-04-03 17:19:42.105"}
{"level":"info","message":"Database URL mongodb://admin:admin@localhost:27017/neural_shop?authSource=admin","service":"neural-shop-backend","timestamp":"2026-04-03 17:19:50.645"}
{"environment":"development","level":"info","message":"🚀 Server is running on port 8000","port":8000,"service":"neural-shop-backend","timestamp":"2026-04-03 17:19:50.754"}
{"category":"database","level":"info","message":"🗄️  MongoDB connected","service":"neural-shop-backend","timestamp":"2026-04-03 17:19:50.755"}
{"level":"info","message":"✅ Redis Connected","service":"neural-shop-backend","timestamp":"2026-04-03 17:19:50.778"}
{"level":"info","message":"🚀 Redis Ready","service":"neural-shop-backend","timestamp":"2026-04-03 17:19:50.820"}
{"level":"info","message":"🚀 Redis connected","service":"neural-shop-backend","timestamp":"2026-04-03 17:19:50.831"}
{"category":"database","host":"localhost:27017","level":"info","message":"🗄️  Connected successfully","service":"neural-shop-backend","timestamp":"2026-04-03 17:19:50.839"}
{"level":"info","message":"🚀 Kafka producer connected","service":"neural-shop-backend","timestamp":"2026-04-03 17:19:50.864"}
{"level":"info","message":"Database URL mongodb://admin:admin@localhost:27017/neural_shop?authSource=admin","service":"neural-shop-backend","timestamp":"2026-04-03 17:19:54.324"}
{"environment":"development","level":"info","message":"🚀 Server is running on port 8000","port":8000,"service":"neural-shop-backend","timestamp":"2026-04-03 17:19:54.444"}
{"category":"database","level":"info","message":"🗄️  MongoDB connected","service":"neural-shop-backend","timestamp":"2026-04-03 17:19:54.445"}
{"level":"info","message":"✅ Redis Connected","service":"neural-shop-backend","timestamp":"2026-04-03 17:19:54.467"}
{"level":"info","message":"🚀 Redis Ready","service":"neural-shop-backend","timestamp":"2026-04-03 17:19:54.500"}
{"level":"info","message":"🚀 Redis connected","service":"neural-shop-backend","timestamp":"2026-04-03 17:19:54.502"}
{"category":"database","host":"localhost:27017","level":"info","message":"🗄️  Connected successfully","service":"neural-shop-backend","timestamp":"2026-04-03 17:19:54.530"}
{"level":"info","message":"🚀 Kafka producer connected","service":"neural-shop-backend","timestamp":"2026-04-03 17:19:54.540"}
{"level":"info","message":"Database URL mongodb://admin:admin@localhost:27017/neural_shop?authSource=admin","service":"neural-shop-backend","timestamp":"2026-04-03 17:20:05.271"}
{"environment":"development","level":"info","message":"🚀 Server is running on port 8000","port":8000,"service":"neural-shop-backend","timestamp":"2026-04-03 17:20:05.391"}
{"category":"database","level":"info","message":"🗄️  MongoDB connected","service":"neural-shop-backend","timestamp":"2026-04-03 17:20:05.392"}
{"level":"info","message":"✅ Redis Connected","service":"neural-shop-backend","timestamp":"2026-04-03 17:20:05.414"}
{"level":"info","message":"🚀 Redis Ready","service":"neural-shop-backend","timestamp":"2026-04-03 17:20:05.458"}
{"level":"info","message":"🚀 Redis connected","service":"neural-shop-backend","timestamp":"2026-04-03 17:20:05.460"}
{"category":"database","host":"localhost:27017","level":"info","message":"🗄️  Connected successfully","service":"neural-shop-backend","timestamp":"2026-04-03 17:20:05.466"}
{"level":"info","message":"🚀 Kafka producer connected","service":"neural-shop-backend","timestamp":"2026-04-03 17:20:05.491"}
{"category":"http","ip":"::1","level":"info","message":"→ POST /request-password-reset [400]","service":"neural-shop-backend","timestamp":"2026-04-03 17:20:10.690","userAgent":"PostmanRuntime/7.53.0"}
{"level":"info","message":"Database URL mongodb://admin:admin@localhost:27017/neural_shop?authSource=admin","service":"neural-shop-backend","timestamp":"2026-04-03 17:20:30.130"}
{"environment":"development","level":"info","message":"🚀 Server is running on port 8000","port":8000,"service":"neural-shop-backend","timestamp":"2026-04-03 17:20:30.252"}
{"category":"database","level":"info","message":"🗄️  MongoDB connected","service":"neural-shop-backend","timestamp":"2026-04-03 17:20:30.254"}
{"level":"info","message":"✅ Redis Connected","service":"neural-shop-backend","timestamp":"2026-04-03 17:20:30.283"}
{"level":"info","message":"🚀 Redis Ready","service":"neural-shop-backend","timestamp":"2026-04-03 17:20:30.332"}
{"level":"info","message":"🚀 Redis connected","service":"neural-shop-backend","timestamp":"2026-04-03 17:20:30.334"}
{"category":"database","host":"localhost:27017","level":"info","message":"🗄️  Connected successfully","service":"neural-shop-backend","timestamp":"2026-04-03 17:20:30.342"}
{"level":"info","message":"🚀 Kafka producer connected","service":"neural-shop-backend","timestamp":"2026-04-03 17:20:30.372"}
{"level":"info","message":"Database URL mongodb://admin:admin@localhost:27017/neural_shop?authSource=admin","service":"neural-shop-backend","timestamp":"2026-04-03 17:20:32.452"}
{"environment":"development","level":"info","message":"🚀 Server is running on port 8000","port":8000,"service":"neural-shop-backend","timestamp":"2026-04-03 17:20:32.564"}
{"category":"database","level":"info","message":"🗄️  MongoDB connected","service":"neural-shop-backend","timestamp":"2026-04-03 17:20:32.564"}
{"level":"info","message":"✅ Redis Connected","service":"neural-shop-backend","timestamp":"2026-04-03 17:20:32.579"}
{"level":"info","message":"🚀 Redis Ready","service":"neural-shop-backend","timestamp":"2026-04-03 17:20:32.620"}
{"level":"info","message":"🚀 Redis connected","service":"neural-shop-backend","timestamp":"2026-04-03 17:20:32.622"}
{"category":"database","host":"localhost:27017","level":"info","message":"🗄️  Connected successfully","service":"neural-shop-backend","timestamp":"2026-04-03 17:20:32.628"}
{"level":"info","message":"🚀 Kafka producer connected","service":"neural-shop-backend","timestamp":"2026-04-03 17:20:32.661"}
{"level":"info","message":"🚀 Kafka consumers started","service":"neural-shop-backend","timestamp":"2026-04-03 17:20:57.712"}
{"level":"info","message":"Database URL mongodb://admin:admin@localhost:27017/neural_shop?authSource=admin","service":"neural-shop-backend","timestamp":"2026-04-03 17:21:06.153"}
{"environment":"development","level":"info","message":"🚀 Server is running on port 8000","port":8000,"service":"neural-shop-backend","timestamp":"2026-04-03 17:21:06.264"}
{"category":"database","level":"info","message":"🗄️  MongoDB connected","service":"neural-shop-backend","timestamp":"2026-04-03 17:21:06.265"}
{"level":"info","message":"✅ Redis Connected","service":"neural-shop-backend","timestamp":"2026-04-03 17:21:06.287"}
{"level":"info","message":"🚀 Redis Ready","service":"neural-shop-backend","timestamp":"2026-04-03 17:21:06.330"}
{"level":"info","message":"🚀 Redis connected","service":"neural-shop-backend","timestamp":"2026-04-03 17:21:06.331"}
{"category":"database","host":"localhost:27017","level":"info","message":"🗄️  Connected successfully","service":"neural-shop-backend","timestamp":"2026-04-03 17:21:06.337"}
{"level":"info","message":"🚀 Kafka producer connected","service":"neural-shop-backend","timestamp":"2026-04-03 17:21:06.359"}
{"level":"info","message":"🚀 Kafka consumers started","service":"neural-shop-backend","timestamp":"2026-04-03 17:21:25.002"}
{"level":"info","message":"Database URL mongodb://admin:admin@localhost:27017/neural_shop?authSource=admin","service":"neural-shop-backend","timestamp":"2026-04-03 17:21:38.667"}
{"environment":"development","level":"info","message":"🚀 Server is running on port 8000","port":8000,"service":"neural-shop-backend","timestamp":"2026-04-03 17:21:38.790"}
{"category":"database","level":"info","message":"🗄️  MongoDB connected","service":"neural-shop-backend","timestamp":"2026-04-03 17:21:38.791"}
{"level":"info","message":"✅ Redis Connected","service":"neural-shop-backend","timestamp":"2026-04-03 17:21:38.815"}
{"level":"info","message":"🚀 Redis Ready","service":"neural-shop-backend","timestamp":"2026-04-03 17:21:38.847"}
{"level":"info","message":"🚀 Redis connected","service":"neural-shop-backend","timestamp":"2026-04-03 17:21:38.849"}
{"category":"database","host":"localhost:27017","level":"info","message":"🗄️  Connected successfully","service":"neural-shop-backend","timestamp":"2026-04-03 17:21:38.873"}
{"level":"info","message":"🚀 Kafka producer connected","service":"neural-shop-backend","timestamp":"2026-04-03 17:21:38.882"}
{"level":"info","message":"Database URL mongodb://admin:admin@localhost:27017/neural_shop?authSource=admin","service":"neural-shop-backend","timestamp":"2026-04-03 17:21:41.256"}
{"environment":"development","level":"info","message":"🚀 Server is running on port 8000","port":8000,"service":"neural-shop-backend","timestamp":"2026-04-03 17:21:41.373"}
{"category":"database","level":"info","message":"🗄️  MongoDB connected","service":"neural-shop-backend","timestamp":"2026-04-03 17:21:41.375"}
{"level":"info","message":"✅ Redis Connected","service":"neural-shop-backend","timestamp":"2026-04-03 17:21:41.389"}
{"level":"info","message":"🚀 Redis Ready","service":"neural-shop-backend","timestamp":"2026-04-03 17:21:41.434"}
{"level":"info","message":"🚀 Redis connected","service":"neural-shop-backend","timestamp":"2026-04-03 17:21:41.435"}
{"category":"database","host":"localhost:27017","level":"info","message":"🗄️  Connected successfully","service":"neural-shop-backend","timestamp":"2026-04-03 17:21:41.443"}
{"level":"info","message":"🚀 Kafka producer connected","service":"neural-shop-backend","timestamp":"2026-04-03 17:21:41.470"}
{"level":"info","message":"Database URL mongodb://admin:admin@localhost:27017/neural_shop?authSource=admin","service":"neural-shop-backend","timestamp":"2026-04-03 17:21:48.094"}
{"environment":"development","level":"info","message":"🚀 Server is running on port 8000","port":8000,"service":"neural-shop-backend","timestamp":"2026-04-03 17:21:48.208"}
{"category":"database","level":"info","message":"🗄️  MongoDB connected","service":"neural-shop-backend","timestamp":"2026-04-03 17:21:48.210"}
{"level":"info","message":"✅ Redis Connected","service":"neural-shop-backend","timestamp":"2026-04-03 17:21:48.235"}
{"level":"info","message":"🚀 Redis Ready","service":"neural-shop-backend","timestamp":"2026-04-03 17:21:48.265"}
{"level":"info","message":"🚀 Redis connected","service":"neural-shop-backend","timestamp":"2026-04-03 17:21:48.268"}
{"category":"database","host":"localhost:27017","level":"info","message":"🗄️  Connected successfully","service":"neural-shop-backend","timestamp":"2026-04-03 17:21:48.297"}
{"level":"info","message":"🚀 Kafka producer connected","service":"neural-shop-backend","timestamp":"2026-04-03 17:21:48.309"}
{"level":"info","message":"Database URL mongodb://admin:admin@localhost:27017/neural_shop?authSource=admin","service":"neural-shop-backend","timestamp":"2026-04-03 17:21:52.413"}
{"environment":"development","level":"info","message":"🚀 Server is running on port 8000","port":8000,"service":"neural-shop-backend","timestamp":"2026-04-03 17:21:52.535"}
{"category":"database","level":"info","message":"🗄️  MongoDB connected","service":"neural-shop-backend","timestamp":"2026-04-03 17:21:52.537"}
{"level":"info","message":"✅ Redis Connected","service":"neural-shop-backend","timestamp":"2026-04-03 17:21:52.559"}
{"level":"info","message":"🚀 Redis Ready","service":"neural-shop-backend","timestamp":"2026-04-03 17:21:52.588"}
{"level":"info","message":"🚀 Redis connected","service":"neural-shop-backend","timestamp":"2026-04-03 17:21:52.589"}
{"category":"database","host":"localhost:27017","level":"info","message":"🗄️  Connected successfully","service":"neural-shop-backend","timestamp":"2026-04-03 17:21:52.613"}
{"level":"info","message":"🚀 Kafka producer connected","service":"neural-shop-backend","timestamp":"2026-04-03 17:21:52.621"}
{"level":"info","message":"Database URL mongodb://admin:admin@localhost:27017/neural_shop?authSource=admin","service":"neural-shop-backend","timestamp":"2026-04-03 17:21:56.694"}
{"environment":"development","level":"info","message":"🚀 Server is running on port 8000","port":8000,"service":"neural-shop-backend","timestamp":"2026-04-03 17:21:56.807"}
{"category":"database","level":"info","message":"🗄️  MongoDB connected","service":"neural-shop-backend","timestamp":"2026-04-03 17:21:56.808"}
{"level":"info","message":"✅ Redis Connected","service":"neural-shop-backend","timestamp":"2026-04-03 17:21:56.839"}
{"level":"info","message":"🚀 Redis Ready","service":"neural-shop-backend","timestamp":"2026-04-03 17:21:56.878"}
{"level":"info","message":"🚀 Redis connected","service":"neural-shop-backend","timestamp":"2026-04-03 17:21:56.895"}
{"category":"database","host":"localhost:27017","level":"info","message":"🗄️  Connected successfully","service":"neural-shop-backend","timestamp":"2026-04-03 17:21:56.903"}
{"level":"info","message":"🚀 Kafka producer connected","service":"neural-shop-backend","timestamp":"2026-04-03 17:21:56.926"}
{"level":"info","message":"Database URL mongodb://admin:admin@localhost:27017/neural_shop?authSource=admin","service":"neural-shop-backend","timestamp":"2026-04-03 17:22:08.920"}
{"environment":"development","level":"info","message":"🚀 Server is running on port 8000","port":8000,"service":"neural-shop-backend","timestamp":"2026-04-03 17:22:09.028"}
{"category":"database","level":"info","message":"🗄️  MongoDB connected","service":"neural-shop-backend","timestamp":"2026-04-03 17:22:09.029"}
{"level":"info","message":"✅ Redis Connected","service":"neural-shop-backend","timestamp":"2026-04-03 17:22:09.047"}
{"level":"info","message":"🚀 Redis Ready","service":"neural-shop-backend","timestamp":"2026-04-03 17:22:09.088"}
{"level":"info","message":"🚀 Redis connected","service":"neural-shop-backend","timestamp":"2026-04-03 17:22:09.089"}
{"category":"database","host":"localhost:27017","level":"info","message":"🗄️  Connected successfully","service":"neural-shop-backend","timestamp":"2026-04-03 17:22:09.096"}
{"level":"info","message":"🚀 Kafka producer connected","service":"neural-shop-backend","timestamp":"2026-04-03 17:22:09.121"}
{"level":"info","message":"Database URL mongodb://admin:admin@localhost:27017/neural_shop?authSource=admin","service":"neural-shop-backend","timestamp":"2026-04-03 17:22:19.704"}
{"environment":"development","level":"info","message":"🚀 Server is running on port 8000","port":8000,"service":"neural-shop-backend","timestamp":"2026-04-03 17:22:19.816"}
{"category":"database","level":"info","message":"🗄️  MongoDB connected","service":"neural-shop-backend","timestamp":"2026-04-03 17:22:19.817"}
{"level":"info","message":"✅ Redis Connected","service":"neural-shop-backend","timestamp":"2026-04-03 17:22:19.836"}
{"level":"info","message":"🚀 Redis Ready","service":"neural-shop-backend","timestamp":"2026-04-03 17:22:19.872"}
{"level":"info","message":"🚀 Redis connected","service":"neural-shop-backend","timestamp":"2026-04-03 17:22:19.874"}
{"category":"database","host":"localhost:27017","level":"info","message":"🗄️  Connected successfully","service":"neural-shop-backend","timestamp":"2026-04-03 17:22:19.898"}
{"level":"info","message":"🚀 Kafka producer connected","service":"neural-shop-backend","timestamp":"2026-04-03 17:22:19.907"}
{"level":"info","message":"Database URL mongodb://admin:admin@localhost:27017/neural_shop?authSource=admin","service":"neural-shop-backend","timestamp":"2026-04-03 17:22:25.735"}
{"environment":"development","level":"info","message":"🚀 Server is running on port 8000","port":8000,"service":"neural-shop-backend","timestamp":"2026-04-03 17:22:25.851"}
{"category":"database","level":"info","message":"🗄️  MongoDB connected","service":"neural-shop-backend","timestamp":"2026-04-03 17:22:25.852"}
{"level":"info","message":"✅ Redis Connected","service":"neural-shop-backend","timestamp":"2026-04-03 17:22:25.866"}
{"level":"info","message":"🚀 Redis Ready","service":"neural-shop-backend","timestamp":"2026-04-03 17:22:25.894"}
{"level":"info","message":"🚀 Redis connected","service":"neural-shop-backend","timestamp":"2026-04-03 17:22:25.898"}
{"category":"database","host":"localhost:27017","level":"info","message":"🗄️  Connected successfully","service":"neural-shop-backend","timestamp":"2026-04-03 17:22:25.925"}
{"level":"info","message":"🚀 Kafka producer connected","service":"neural-shop-backend","timestamp":"2026-04-03 17:22:25.934"}
{"level":"info","message":"Database URL mongodb://admin:admin@localhost:27017/neural_shop?authSource=admin","service":"neural-shop-backend","timestamp":"2026-04-03 17:22:36.849"}
{"environment":"development","level":"info","message":"🚀 Server is running on port 8000","port":8000,"service":"neural-shop-backend","timestamp":"2026-04-03 17:22:36.982"}
{"category":"database","level":"info","message":"🗄️  MongoDB connected","service":"neural-shop-backend","timestamp":"2026-04-03 17:22:36.983"}
{"level":"info","message":"✅ Redis Connected","service":"neural-shop-backend","timestamp":"2026-04-03 17:22:37.000"}
{"level":"info","message":"🚀 Redis Ready","service":"neural-shop-backend","timestamp":"2026-04-03 17:22:37.031"}
{"level":"info","message":"🚀 Redis connected","service":"neural-shop-backend","timestamp":"2026-04-03 17:22:37.033"}
{"category":"database","host":"localhost:27017","level":"info","message":"🗄️  Connected successfully","service":"neural-shop-backend","timestamp":"2026-04-03 17:22:37.058"}
{"level":"info","message":"🚀 Kafka producer connected","service":"neural-shop-backend","timestamp":"2026-04-03 17:22:37.069"}
{"level":"info","message":"Database URL mongodb://admin:admin@localhost:27017/neural_shop?authSource=admin","service":"neural-shop-backend","timestamp":"2026-04-03 17:22:44.029"}
{"environment":"development","level":"info","message":"🚀 Server is running on port 8000","port":8000,"service":"neural-shop-backend","timestamp":"2026-04-03 17:22:44.139"}
{"category":"database","level":"info","message":"🗄️  MongoDB connected","service":"neural-shop-backend","timestamp":"2026-04-03 17:22:44.140"}
{"level":"info","message":"✅ Redis Connected","service":"neural-shop-backend","timestamp":"2026-04-03 17:22:44.158"}
{"level":"info","message":"🚀 Redis Ready","service":"neural-shop-backend","timestamp":"2026-04-03 17:22:44.201"}
{"category":"database","host":"localhost:27017","level":"info","message":"🗄️  Connected successfully","service":"neural-shop-backend","timestamp":"2026-04-03 17:22:44.206"}
{"level":"info","message":"🚀 Redis connected","service":"neural-shop-backend","timestamp":"2026-04-03 17:22:44.214"}
{"level":"info","message":"🚀 Kafka producer connected","service":"neural-shop-backend","timestamp":"2026-04-03 17:22:44.238"}
{"level":"info","message":"🚀 Kafka consumers started","service":"neural-shop-backend","timestamp":"2026-04-03 17:23:04.405"}
{"level":"info","message":"Database URL mongodb://admin:admin@localhost:27017/neural_shop?authSource=admin","service":"neural-shop-backend","timestamp":"2026-04-03 17:23:42.127"}
{"environment":"development","level":"info","message":"🚀 Server is running on port 8000","port":8000,"service":"neural-shop-backend","timestamp":"2026-04-03 17:23:42.240"}
{"category":"database","level":"info","message":"🗄️  MongoDB connected","service":"neural-shop-backend","timestamp":"2026-04-03 17:23:42.241"}
{"level":"info","message":"✅ Redis Connected","service":"neural-shop-backend","timestamp":"2026-04-03 17:23:42.265"}
{"level":"info","message":"🚀 Redis Ready","service":"neural-shop-backend","timestamp":"2026-04-03 17:23:42.308"}
{"level":"info","message":"🚀 Redis connected","service":"neural-shop-backend","timestamp":"2026-04-03 17:23:42.310"}
{"category":"database","host":"localhost:27017","level":"info","message":"🗄️  Connected successfully","service":"neural-shop-backend","timestamp":"2026-04-03 17:23:42.338"}
{"level":"info","message":"🚀 Kafka producer connected","service":"neural-shop-backend","timestamp":"2026-04-03 17:23:42.346"}
{"level":"info","message":"Database URL mongodb://admin:admin@localhost:27017/neural_shop?authSource=admin","service":"neural-shop-backend","timestamp":"2026-04-03 17:23:45.269"}
{"environment":"development","level":"info","message":"🚀 Server is running on port 8000","port":8000,"service":"neural-shop-backend","timestamp":"2026-04-03 17:23:45.395"}
{"category":"database","level":"info","message":"🗄️  MongoDB connected","service":"neural-shop-backend","timestamp":"2026-04-03 17:23:45.397"}
{"level":"info","message":"✅ Redis Connected","service":"neural-shop-backend","timestamp":"2026-04-03 17:23:45.415"}
{"level":"info","message":"🚀 Redis Ready","service":"neural-shop-backend","timestamp":"2026-04-03 17:23:45.448"}
{"level":"info","message":"🚀 Redis connected","service":"neural-shop-backend","timestamp":"2026-04-03 17:23:45.449"}
{"category":"database","host":"localhost:27017","level":"info","message":"🗄️  Connected successfully","service":"neural-shop-backend","timestamp":"2026-04-03 17:23:45.474"}
{"level":"info","message":"🚀 Kafka producer connected","service":"neural-shop-backend","timestamp":"2026-04-03 17:23:45.484"}
{"level":"info","message":"Database URL mongodb://admin:admin@localhost:27017/neural_shop?authSource=admin","service":"neural-shop-backend","timestamp":"2026-04-03 17:23:52.647"}
{"environment":"development","level":"info","message":"🚀 Server is running on port 8000","port":8000,"service":"neural-shop-backend","timestamp":"2026-04-03 17:23:52.760"}
{"category":"database","level":"info","message":"🗄️  MongoDB connected","service":"neural-shop-backend","timestamp":"2026-04-03 17:23:52.761"}
{"level":"info","message":"✅ Redis Connected","service":"neural-shop-backend","timestamp":"2026-04-03 17:23:52.786"}
{"level":"info","message":"🚀 Redis Ready","service":"neural-shop-backend","timestamp":"2026-04-03 17:23:52.820"}
{"level":"info","message":"🚀 Redis connected","service":"neural-shop-backend","timestamp":"2026-04-03 17:23:52.821"}
{"category":"database","host":"localhost:27017","level":"info","message":"🗄️  Connected successfully","service":"neural-shop-backend","timestamp":"2026-04-03 17:23:52.845"}
{"level":"info","message":"🚀 Kafka producer connected","service":"neural-shop-backend","timestamp":"2026-04-03 17:23:52.855"}
{"level":"info","message":"Database URL mongodb://admin:admin@localhost:27017/neural_shop?authSource=admin","service":"neural-shop-backend","timestamp":"2026-04-03 17:23:59.240"}
{"environment":"development","level":"info","message":"🚀 Server is running on port 8000","port":8000,"service":"neural-shop-backend","timestamp":"2026-04-03 17:23:59.364"}
{"category":"database","level":"info","message":"🗄️  MongoDB connected","service":"neural-shop-backend","timestamp":"2026-04-03 17:23:59.365"}
{"level":"info","message":"✅ Redis Connected","service":"neural-shop-backend","timestamp":"2026-04-03 17:23:59.392"}
{"level":"info","message":"🚀 Redis Ready","service":"neural-shop-backend","timestamp":"2026-04-03 17:23:59.426"}
{"level":"info","message":"🚀 Redis connected","service":"neural-shop-backend","timestamp":"2026-04-03 17:23:59.429"}
{"category":"database","host":"localhost:27017","level":"info","message":"🗄️  Connected successfully","service":"neural-shop-backend","timestamp":"2026-04-03 17:23:59.452"}
{"level":"info","message":"🚀 Kafka producer connected","service":"neural-shop-backend","timestamp":"2026-04-03 17:23:59.462"}
{"level":"info","message":"Database URL mongodb://admin:admin@localhost:27017/neural_shop?authSource=admin","service":"neural-shop-backend","timestamp":"2026-04-03 17:24:06.175"}
{"level":"info","message":"Database URL mongodb://admin:admin@localhost:27017/neural_shop?authSource=admin","service":"neural-shop-backend","timestamp":"2026-04-03 17:24:07.818"}
{"environment":"development","level":"info","message":"🚀 Server is running on port 8000","port":8000,"service":"neural-shop-backend","timestamp":"2026-04-03 17:24:07.948"}
{"category":"database","level":"info","message":"🗄️  MongoDB connected","service":"neural-shop-backend","timestamp":"2026-04-03 17:24:07.950"}
{"level":"info","message":"✅ Redis Connected","service":"neural-shop-backend","timestamp":"2026-04-03 17:24:07.970"}
{"level":"info","message":"🚀 Redis Ready","service":"neural-shop-backend","timestamp":"2026-04-03 17:24:08.015"}
{"level":"info","message":"🚀 Redis connected","service":"neural-shop-backend","timestamp":"2026-04-03 17:24:08.016"}
{"category":"database","host":"localhost:27017","level":"info","message":"🗄️  Connected successfully","service":"neural-shop-backend","timestamp":"2026-04-03 17:24:08.024"}
{"level":"info","message":"🚀 Kafka producer connected","service":"neural-shop-backend","timestamp":"2026-04-03 17:24:08.050"}
{"level":"info","message":"Database URL mongodb://admin:admin@localhost:27017/neural_shop?authSource=admin","service":"neural-shop-backend","timestamp":"2026-04-03 17:24:11.241"}
{"environment":"development","level":"info","message":"🚀 Server is running on port 8000","port":8000,"service":"neural-shop-backend","timestamp":"2026-04-03 17:24:11.363"}
{"category":"database","level":"info","message":"🗄️  MongoDB connected","service":"neural-shop-backend","timestamp":"2026-04-03 17:24:11.364"}
{"level":"info","message":"✅ Redis Connected","service":"neural-shop-backend","timestamp":"2026-04-03 17:24:11.385"}
{"level":"info","message":"🚀 Redis Ready","service":"neural-shop-backend","timestamp":"2026-04-03 17:24:11.420"}
{"level":"info","message":"🚀 Redis connected","service":"neural-shop-backend","timestamp":"2026-04-03 17:24:11.422"}
{"category":"database","host":"localhost:27017","level":"info","message":"🗄️  Connected successfully","service":"neural-shop-backend","timestamp":"2026-04-03 17:24:11.449"}
{"level":"info","message":"🚀 Kafka producer connected","service":"neural-shop-backend","timestamp":"2026-04-03 17:24:11.458"}
{"level":"info","message":"Database URL mongodb://admin:admin@localhost:27017/neural_shop?authSource=admin","service":"neural-shop-backend","timestamp":"2026-04-03 17:24:16.194"}
{"environment":"development","level":"info","message":"🚀 Server is running on port 8000","port":8000,"service":"neural-shop-backend","timestamp":"2026-04-03 17:24:16.314"}
{"category":"database","level":"info","message":"🗄️  MongoDB connected","service":"neural-shop-backend","timestamp":"2026-04-03 17:24:16.315"}
{"level":"info","message":"✅ Redis Connected","service":"neural-shop-backend","timestamp":"2026-04-03 17:24:16.333"}
{"level":"info","message":"🚀 Redis Ready","service":"neural-shop-backend","timestamp":"2026-04-03 17:24:16.379"}
{"level":"info","message":"🚀 Redis connected","service":"neural-shop-backend","timestamp":"2026-04-03 17:24:16.380"}
{"category":"database","host":"localhost:27017","level":"info","message":"🗄️  Connected successfully","service":"neural-shop-backend","timestamp":"2026-04-03 17:24:16.389"}
{"level":"info","message":"🚀 Kafka producer connected","service":"neural-shop-backend","timestamp":"2026-04-03 17:24:16.418"}
{"level":"info","message":"Database URL mongodb://admin:admin@localhost:27017/neural_shop?authSource=admin","service":"neural-shop-backend","timestamp":"2026-04-03 17:24:22.806"}
{"environment":"development","level":"info","message":"🚀 Server is running on port 8000","port":8000,"service":"neural-shop-backend","timestamp":"2026-04-03 17:24:22.921"}
{"category":"database","level":"info","message":"🗄️  MongoDB connected","service":"neural-shop-backend","timestamp":"2026-04-03 17:24:22.922"}
{"level":"info","message":"✅ Redis Connected","service":"neural-shop-backend","timestamp":"2026-04-03 17:24:22.948"}
{"level":"info","message":"🚀 Redis Ready","service":"neural-shop-backend","timestamp":"2026-04-03 17:24:22.988"}
{"level":"info","message":"🚀 Redis connected","service":"neural-shop-backend","timestamp":"2026-04-03 17:24:22.991"}
{"category":"database","host":"localhost:27017","level":"info","message":"🗄️  Connected successfully","service":"neural-shop-backend","timestamp":"2026-04-03 17:24:23.002"}
{"level":"info","message":"🚀 Kafka producer connected","service":"neural-shop-backend","timestamp":"2026-04-03 17:24:23.031"}
{"level":"info","message":"Database URL mongodb://admin:admin@localhost:27017/neural_shop?authSource=admin","service":"neural-shop-backend","timestamp":"2026-04-03 17:24:28.658"}
{"environment":"development","level":"info","message":"🚀 Server is running on port 8000","port":8000,"service":"neural-shop-backend","timestamp":"2026-04-03 17:24:28.773"}
{"category":"database","level":"info","message":"🗄️  MongoDB connected","service":"neural-shop-backend","timestamp":"2026-04-03 17:24:28.774"}
{"level":"info","message":"✅ Redis Connected","service":"neural-shop-backend","timestamp":"2026-04-03 17:24:28.799"}
{"level":"info","message":"🚀 Redis Ready","service":"neural-shop-backend","timestamp":"2026-04-03 17:24:28.833"}
{"level":"info","message":"🚀 Redis connected","service":"neural-shop-backend","timestamp":"2026-04-03 17:24:28.835"}
{"level":"info","message":"🚀 Kafka producer connected","service":"neural-shop-backend","timestamp":"2026-04-03 17:24:28.863"}
{"category":"database","host":"localhost:27017","level":"info","message":"🗄️  Connected successfully","service":"neural-shop-backend","timestamp":"2026-04-03 17:24:28.869"}
{"level":"info","message":"Database URL mongodb://admin:admin@localhost:27017/neural_shop?authSource=admin","service":"neural-shop-backend","timestamp":"2026-04-03 17:24:34.045"}
{"environment":"development","level":"info","message":"🚀 Server is running on port 8000","port":8000,"service":"neural-shop-backend","timestamp":"2026-04-03 17:24:34.168"}
{"category":"database","level":"info","message":"🗄️  MongoDB connected","service":"neural-shop-backend","timestamp":"2026-04-03 17:24:34.169"}
{"level":"info","message":"✅ Redis Connected","service":"neural-shop-backend","timestamp":"2026-04-03 17:24:34.182"}
{"level":"info","message":"🚀 Redis Ready","service":"neural-shop-backend","timestamp":"2026-04-03 17:24:34.214"}
{"level":"info","message":"🚀 Redis connected","service":"neural-shop-backend","timestamp":"2026-04-03 17:24:34.216"}
{"category":"database","host":"localhost:27017","level":"info","message":"🗄️  Connected successfully","service":"neural-shop-backend","timestamp":"2026-04-03 17:24:34.246"}
{"level":"info","message":"🚀 Kafka producer connected","service":"neural-shop-backend","timestamp":"2026-04-03 17:24:34.256"}
{"category":"http","ip":"::1","level":"info","message":"→ POST /request-password-reset [400]","service":"neural-shop-backend","timestamp":"2026-04-03 17:24:45.910","userAgent":"PostmanRuntime/7.53.0"}
{"level":"info","message":"🚀 Kafka consumers started","service":"neural-shop-backend","timestamp":"2026-04-03 17:25:00.956"}
{"level":"info","message":"Database URL mongodb://admin:admin@localhost:27017/neural_shop?authSource=admin","service":"neural-shop-backend","timestamp":"2026-04-03 17:28:49.750"}
{"environment":"development","level":"info","message":"🚀 Server is running on port 8000","port":8000,"service":"neural-shop-backend","timestamp":"2026-04-03 17:28:49.864"}
{"category":"database","level":"info","message":"🗄️  MongoDB connected","service":"neural-shop-backend","timestamp":"2026-04-03 17:28:49.864"}
{"level":"info","message":"✅ Redis Connected","service":"neural-shop-backend","timestamp":"2026-04-03 17:28:49.877"}
{"level":"info","message":"🚀 Redis Ready","service":"neural-shop-backend","timestamp":"2026-04-03 17:28:49.910"}
{"level":"info","message":"🚀 Redis connected","service":"neural-shop-backend","timestamp":"2026-04-03 17:28:49.911"}
{"category":"database","host":"localhost:27017","level":"info","message":"🗄️  Connected successfully","service":"neural-shop-backend","timestamp":"2026-04-03 17:28:49.937"}
{"level":"info","message":"🚀 Kafka producer connected","service":"neural-shop-backend","timestamp":"2026-04-03 17:28:49.946"}
{"level":"info","message":"🚀 Kafka consumers started","service":"neural-shop-backend","timestamp":"2026-04-03 17:28:52.760"}
{"category":"http","ip":"::1","level":"info","message":"→ POST /request-password-reset [200]","service":"neural-shop-backend","timestamp":"2026-04-03 17:28:53.125","userAgent":"PostmanRuntime/7.53.0"}
{"level":"info","message":"Database URL mongodb://admin:admin@localhost:27017/neural_shop?authSource=admin","service":"neural-shop-backend","timestamp":"2026-04-03 17:29:23.984"}
{"environment":"development","level":"info","message":"🚀 Server is running on port 8000","port":8000,"service":"neural-shop-backend","timestamp":"2026-04-03 17:29:24.108"}
{"category":"database","level":"info","message":"🗄️  MongoDB connected","service":"neural-shop-backend","timestamp":"2026-04-03 17:29:24.109"}
{"level":"info","message":"✅ Redis Connected","service":"neural-shop-backend","timestamp":"2026-04-03 17:29:24.123"}
{"level":"info","message":"🚀 Redis Ready","service":"neural-shop-backend","timestamp":"2026-04-03 17:29:24.153"}
{"level":"info","message":"🚀 Redis connected","service":"neural-shop-backend","timestamp":"2026-04-03 17:29:24.155"}
{"category":"database","host":"localhost:27017","level":"info","message":"🗄️  Connected successfully","service":"neural-shop-backend","timestamp":"2026-04-03 17:29:24.180"}
{"level":"info","message":"🚀 Kafka producer connected","service":"neural-shop-backend","timestamp":"2026-04-03 17:29:24.190"}
{"level":"info","message":"Database URL mongodb://admin:admin@localhost:27017/neural_shop?authSource=admin","service":"neural-shop-backend","timestamp":"2026-04-03 17:29:27.093"}
{"environment":"development","level":"info","message":"🚀 Server is running on port 8000","port":8000,"service":"neural-shop-backend","timestamp":"2026-04-03 17:29:27.207"}
{"category":"database","level":"info","message":"🗄️  MongoDB connected","service":"neural-shop-backend","timestamp":"2026-04-03 17:29:27.208"}
{"level":"info","message":"✅ Redis Connected","service":"neural-shop-backend","timestamp":"2026-04-03 17:29:27.229"}
{"level":"info","message":"🚀 Redis Ready","service":"neural-shop-backend","timestamp":"2026-04-03 17:29:27.269"}
{"level":"info","message":"🚀 Redis connected","service":"neural-shop-backend","timestamp":"2026-04-03 17:29:27.271"}
{"level":"info","message":"🚀 Kafka producer connected","service":"neural-shop-backend","timestamp":"2026-04-03 17:29:27.305"}
{"category":"database","host":"localhost:27017","level":"info","message":"🗄️  Connected successfully","service":"neural-shop-backend","timestamp":"2026-04-03 17:29:27.311"}
{"category":"http","ip":"::1","level":"info","message":"→ POST /request-password-reset [400]","service":"neural-shop-backend","timestamp":"2026-04-03 17:29:36.433","userAgent":"PostmanRuntime/7.53.0"}
{"category":"http","ip":"::1","level":"info","message":"→ POST /request-password-reset [400]","service":"neural-shop-backend","timestamp":"2026-04-03 17:29:45.245","userAgent":"PostmanRuntime/7.53.0"}
{"category":"http","ip":"::1","level":"info","message":"→ POST /request-password-reset [400]","service":"neural-shop-backend","timestamp":"2026-04-03 17:29:47.250","userAgent":"PostmanRuntime/7.53.0"}
{"level":"info","message":"🚀 Kafka consumers started","service":"neural-shop-backend","timestamp":"2026-04-03 17:29:49.181"}
{"level":"info","message":"Database URL mongodb://admin:admin@localhost:27017/neural_shop?authSource=admin","service":"neural-shop-backend","timestamp":"2026-04-03 17:30:08.486"}
{"environment":"development","level":"info","message":"🚀 Server is running on port 8000","port":8000,"service":"neural-shop-backend","timestamp":"2026-04-03 17:30:08.610"}
{"category":"database","level":"info","message":"🗄️  MongoDB connected","service":"neural-shop-backend","timestamp":"2026-04-03 17:30:08.611"}
{"level":"info","message":"✅ Redis Connected","service":"neural-shop-backend","timestamp":"2026-04-03 17:30:08.634"}
{"level":"info","message":"🚀 Redis Ready","service":"neural-shop-backend","timestamp":"2026-04-03 17:30:08.666"}
{"level":"info","message":"🚀 Redis connected","service":"neural-shop-backend","timestamp":"2026-04-03 17:30:08.677"}
{"category":"database","host":"localhost:27017","level":"info","message":"🗄️  Connected successfully","service":"neural-shop-backend","timestamp":"2026-04-03 17:30:08.684"}
{"level":"info","message":"🚀 Kafka producer connected","service":"neural-shop-backend","timestamp":"2026-04-03 17:30:08.714"}
{"level":"info","message":"Database URL mongodb://admin:admin@localhost:27017/neural_shop?authSource=admin","service":"neural-shop-backend","timestamp":"2026-04-03 17:30:25.791"}
{"environment":"development","level":"info","message":"🚀 Server is running on port 8000","port":8000,"service":"neural-shop-backend","timestamp":"2026-04-03 17:30:25.928"}
{"category":"database","level":"info","message":"🗄️  MongoDB connected","service":"neural-shop-backend","timestamp":"2026-04-03 17:30:25.929"}
{"level":"info","message":"✅ Redis Connected","service":"neural-shop-backend","timestamp":"2026-04-03 17:30:25.947"}
{"level":"info","message":"🚀 Redis Ready","service":"neural-shop-backend","timestamp":"2026-04-03 17:30:25.989"}
{"level":"info","message":"🚀 Redis connected","service":"neural-shop-backend","timestamp":"2026-04-03 17:30:25.991"}
{"category":"database","host":"localhost:27017","level":"info","message":"🗄️  Connected successfully","service":"neural-shop-backend","timestamp":"2026-04-03 17:30:25.998"}
{"level":"info","message":"🚀 Kafka producer connected","service":"neural-shop-backend","timestamp":"2026-04-03 17:30:26.029"}
{"level":"info","message":"Database URL mongodb://admin:admin@localhost:27017/neural_shop?authSource=admin","service":"neural-shop-backend","timestamp":"2026-04-03 17:30:29.465"}
{"environment":"development","level":"info","message":"🚀 Server is running on port 8000","port":8000,"service":"neural-shop-backend","timestamp":"2026-04-03 17:30:29.584"}
{"category":"database","level":"info","message":"🗄️  MongoDB connected","service":"neural-shop-backend","timestamp":"2026-04-03 17:30:29.585"}
{"level":"info","message":"✅ Redis Connected","service":"neural-shop-backend","timestamp":"2026-04-03 17:30:29.613"}
{"level":"info","message":"🚀 Redis Ready","service":"neural-shop-backend","timestamp":"2026-04-03 17:30:29.643"}
{"level":"info","message":"🚀 Redis connected","service":"neural-shop-backend","timestamp":"2026-04-03 17:30:29.645"}
{"category":"database","host":"localhost:27017","level":"info","message":"🗄️  Connected successfully","service":"neural-shop-backend","timestamp":"2026-04-03 17:30:29.669"}
{"level":"info","message":"🚀 Kafka producer connected","service":"neural-shop-backend","timestamp":"2026-04-03 17:30:29.679"}
{"level":"info","message":"Database URL mongodb://admin:admin@localhost:27017/neural_shop?authSource=admin","service":"neural-shop-backend","timestamp":"2026-04-03 17:30:33.653"}
{"environment":"development","level":"info","message":"🚀 Server is running on port 8000","port":8000,"service":"neural-shop-backend","timestamp":"2026-04-03 17:30:33.763"}
{"category":"database","level":"info","message":"🗄️  MongoDB connected","service":"neural-shop-backend","timestamp":"2026-04-03 17:30:33.764"}
{"level":"info","message":"✅ Redis Connected","service":"neural-shop-backend","timestamp":"2026-04-03 17:30:33.785"}
{"level":"info","message":"🚀 Redis Ready","service":"neural-shop-backend","timestamp":"2026-04-03 17:30:33.821"}
{"level":"info","message":"🚀 Redis connected","service":"neural-shop-backend","timestamp":"2026-04-03 17:30:33.832"}
{"category":"database","host":"localhost:27017","level":"info","message":"🗄️  Connected successfully","service":"neural-shop-backend","timestamp":"2026-04-03 17:30:33.840"}
{"level":"info","message":"🚀 Kafka producer connected","service":"neural-shop-backend","timestamp":"2026-04-03 17:30:33.868"}
{"level":"info","message":"🚀 Kafka consumers started","service":"neural-shop-backend","timestamp":"2026-04-03 17:31:01.243"}
{"level":"info","message":"Database URL mongodb://admin:admin@localhost:27017/neural_shop?authSource=admin","service":"neural-shop-backend","timestamp":"2026-04-03 17:31:13.078"}
{"environment":"development","level":"info","message":"🚀 Server is running on port 8000","port":8000,"service":"neural-shop-backend","timestamp":"2026-04-03 17:31:13.206"}
{"category":"database","level":"info","message":"🗄️  MongoDB connected","service":"neural-shop-backend","timestamp":"2026-04-03 17:31:13.208"}
{"level":"info","message":"✅ Redis Connected","service":"neural-shop-backend","timestamp":"2026-04-03 17:31:13.234"}
{"level":"info","message":"🚀 Redis Ready","service":"neural-shop-backend","timestamp":"2026-04-03 17:31:13.288"}
{"level":"info","message":"🚀 Redis connected","service":"neural-shop-backend","timestamp":"2026-04-03 17:31:13.290"}
{"category":"database","host":"localhost:27017","level":"info","message":"🗄️  Connected successfully","service":"neural-shop-backend","timestamp":"2026-04-03 17:31:13.323"}
{"level":"info","message":"🚀 Kafka producer connected","service":"neural-shop-backend","timestamp":"2026-04-03 17:31:13.337"}
{"level":"info","message":"Database URL mongodb://admin:admin@localhost:27017/neural_shop?authSource=admin","service":"neural-shop-backend","timestamp":"2026-04-03 17:31:16.674"}
{"environment":"development","level":"info","message":"🚀 Server is running on port 8000","port":8000,"service":"neural-shop-backend","timestamp":"2026-04-03 17:31:16.800"}
{"category":"database","level":"info","message":"🗄️  MongoDB connected","service":"neural-shop-backend","timestamp":"2026-04-03 17:31:16.801"}
{"level":"info","message":"✅ Redis Connected","service":"neural-shop-backend","timestamp":"2026-04-03 17:31:16.820"}
{"level":"info","message":"🚀 Redis Ready","service":"neural-shop-backend","timestamp":"2026-04-03 17:31:16.847"}
{"level":"info","message":"🚀 Redis connected","service":"neural-shop-backend","timestamp":"2026-04-03 17:31:16.849"}
{"category":"database","host":"localhost:27017","level":"info","message":"🗄️  Connected successfully","service":"neural-shop-backend","timestamp":"2026-04-03 17:31:16.874"}
{"level":"info","message":"🚀 Kafka producer connected","service":"neural-shop-backend","timestamp":"2026-04-03 17:31:16.884"}
{"level":"info","message":"🚀 Kafka consumers started","service":"neural-shop-backend","timestamp":"2026-04-03 17:31:37.679"}
{"category":"http","ip":"::1","level":"info","message":"→ POST /reset-password [200]","service":"neural-shop-backend","timestamp":"2026-04-03 17:32:23.060","userAgent":"PostmanRuntime/7.53.0"}
{"level":"info","message":"Database URL mongodb://admin:admin@localhost:27017/neural_shop?authSource=admin","service":"neural-shop-backend","timestamp":"2026-04-03 17:32:35.039"}
{"environment":"development","level":"info","message":"🚀 Server is running on port 8000","port":8000,"service":"neural-shop-backend","timestamp":"2026-04-03 17:32:35.168"}
{"category":"database","level":"info","message":"🗄️  MongoDB connected","service":"neural-shop-backend","timestamp":"2026-04-03 17:32:35.171"}
{"level":"info","message":"✅ Redis Connected","service":"neural-shop-backend","timestamp":"2026-04-03 17:32:35.192"}
{"level":"info","message":"🚀 Redis Ready","service":"neural-shop-backend","timestamp":"2026-04-03 17:32:35.228"}
{"level":"info","message":"🚀 Redis connected","service":"neural-shop-backend","timestamp":"2026-04-03 17:32:35.239"}
{"category":"database","host":"localhost:27017","level":"info","message":"🗄️  Connected successfully","service":"neural-shop-backend","timestamp":"2026-04-03 17:32:35.252"}
{"level":"info","message":"🚀 Kafka producer connected","service":"neural-shop-backend","timestamp":"2026-04-03 17:32:35.282"}
{"level":"info","message":"Database URL mongodb://admin:admin@localhost:27017/neural_shop?authSource=admin","service":"neural-shop-backend","timestamp":"2026-04-03 17:32:46.739"}
{"environment":"development","level":"info","message":"🚀 Server is running on port 8000","port":8000,"service":"neural-shop-backend","timestamp":"2026-04-03 17:32:46.854"}
{"category":"database","level":"info","message":"🗄️  MongoDB connected","service":"neural-shop-backend","timestamp":"2026-04-03 17:32:46.855"}
{"level":"info","message":"✅ Redis Connected","service":"neural-shop-backend","timestamp":"2026-04-03 17:32:46.873"}
{"level":"info","message":"🚀 Redis Ready","service":"neural-shop-backend","timestamp":"2026-04-03 17:32:46.920"}
{"level":"info","message":"🚀 Redis connected","service":"neural-shop-backend","timestamp":"2026-04-03 17:32:46.922"}
{"category":"database","host":"localhost:27017","level":"info","message":"🗄️  Connected successfully","service":"neural-shop-backend","timestamp":"2026-04-03 17:32:46.928"}
{"level":"info","message":"🚀 Kafka producer connected","service":"neural-shop-backend","timestamp":"2026-04-03 17:32:46.954"}
{"level":"info","message":"Database URL mongodb://admin:admin@localhost:27017/neural_shop?authSource=admin","service":"neural-shop-backend","timestamp":"2026-04-03 17:32:50.881"}
{"environment":"development","level":"info","message":"🚀 Server is running on port 8000","port":8000,"service":"neural-shop-backend","timestamp":"2026-04-03 17:32:51.010"}
{"category":"database","level":"info","message":"🗄️  MongoDB connected","service":"neural-shop-backend","timestamp":"2026-04-03 17:32:51.012"}
{"level":"info","message":"✅ Redis Connected","service":"neural-shop-backend","timestamp":"2026-04-03 17:32:51.035"}
{"level":"info","message":"🚀 Redis Ready","service":"neural-shop-backend","timestamp":"2026-04-03 17:32:51.076"}
{"level":"info","message":"🚀 Redis connected","service":"neural-shop-backend","timestamp":"2026-04-03 17:32:51.080"}
{"category":"database","host":"localhost:27017","level":"info","message":"🗄️  Connected successfully","service":"neural-shop-backend","timestamp":"2026-04-03 17:32:51.113"}
{"level":"info","message":"🚀 Kafka producer connected","service":"neural-shop-backend","timestamp":"2026-04-03 17:32:51.124"}
{"level":"info","message":"Database URL mongodb://admin:admin@localhost:27017/neural_shop?authSource=admin","service":"neural-shop-backend","timestamp":"2026-04-03 17:33:12.925"}
{"environment":"development","level":"info","message":"🚀 Server is running on port 8000","port":8000,"service":"neural-shop-backend","timestamp":"2026-04-03 17:33:13.044"}
{"category":"database","level":"info","message":"🗄️  MongoDB connected","service":"neural-shop-backend","timestamp":"2026-04-03 17:33:13.048"}
{"level":"info","message":"✅ Redis Connected","service":"neural-shop-backend","timestamp":"2026-04-03 17:33:13.074"}
{"level":"info","message":"🚀 Redis Ready","service":"neural-shop-backend","timestamp":"2026-04-03 17:33:13.110"}
{"level":"info","message":"🚀 Redis connected","service":"neural-shop-backend","timestamp":"2026-04-03 17:33:13.111"}
{"category":"database","host":"localhost:27017","level":"info","message":"🗄️  Connected successfully","service":"neural-shop-backend","timestamp":"2026-04-03 17:33:13.139"}
{"level":"info","message":"🚀 Kafka producer connected","service":"neural-shop-backend","timestamp":"2026-04-03 17:33:13.152"}
{"level":"info","message":"Database URL mongodb://admin:admin@localhost:27017/neural_shop?authSource=admin","service":"neural-shop-backend","timestamp":"2026-04-03 17:33:16.718"}
{"environment":"development","level":"info","message":"🚀 Server is running on port 8000","port":8000,"service":"neural-shop-backend","timestamp":"2026-04-03 17:33:16.840"}
{"category":"database","level":"info","message":"🗄️  MongoDB connected","service":"neural-shop-backend","timestamp":"2026-04-03 17:33:16.841"}
{"level":"info","message":"✅ Redis Connected","service":"neural-shop-backend","timestamp":"2026-04-03 17:33:16.865"}
{"level":"info","message":"🚀 Redis Ready","service":"neural-shop-backend","timestamp":"2026-04-03 17:33:16.897"}
{"level":"info","message":"🚀 Redis connected","service":"neural-shop-backend","timestamp":"2026-04-03 17:33:16.899"}
{"level":"info","message":"🚀 Kafka producer connected","service":"neural-shop-backend","timestamp":"2026-04-03 17:33:16.928"}
{"category":"database","host":"localhost:27017","level":"info","message":"🗄️  Connected successfully","service":"neural-shop-backend","timestamp":"2026-04-03 17:33:16.936"}
{"level":"info","message":"Database URL mongodb://admin:admin@localhost:27017/neural_shop?authSource=admin","service":"neural-shop-backend","timestamp":"2026-04-03 17:33:19.262"}
{"environment":"development","level":"info","message":"🚀 Server is running on port 8000","port":8000,"service":"neural-shop-backend","timestamp":"2026-04-03 17:33:19.388"}
{"category":"database","level":"info","message":"🗄️  MongoDB connected","service":"neural-shop-backend","timestamp":"2026-04-03 17:33:19.389"}
{"level":"info","message":"✅ Redis Connected","service":"neural-shop-backend","timestamp":"2026-04-03 17:33:19.414"}
{"level":"info","message":"🚀 Redis Ready","service":"neural-shop-backend","timestamp":"2026-04-03 17:33:19.466"}
{"level":"info","message":"🚀 Redis connected","service":"neural-shop-backend","timestamp":"2026-04-03 17:33:19.469"}
{"category":"database","host":"localhost:27017","level":"info","message":"🗄️  Connected successfully","service":"neural-shop-backend","timestamp":"2026-04-03 17:33:19.507"}
{"level":"info","message":"🚀 Kafka producer connected","service":"neural-shop-backend","timestamp":"2026-04-03 17:33:19.516"}
{"level":"info","message":"Database URL mongodb://admin:admin@localhost:27017/neural_shop?authSource=admin","service":"neural-shop-backend","timestamp":"2026-04-03 17:33:21.796"}
{"environment":"development","level":"info","message":"🚀 Server is running on port 8000","port":8000,"service":"neural-shop-backend","timestamp":"2026-04-03 17:33:21.922"}
{"category":"database","level":"info","message":"🗄️  MongoDB connected","service":"neural-shop-backend","timestamp":"2026-04-03 17:33:21.925"}
{"level":"info","message":"✅ Redis Connected","service":"neural-shop-backend","timestamp":"2026-04-03 17:33:21.949"}
{"level":"info","message":"🚀 Redis Ready","service":"neural-shop-backend","timestamp":"2026-04-03 17:33:22.049"}
{"level":"info","message":"🚀 Redis connected","service":"neural-shop-backend","timestamp":"2026-04-03 17:33:22.064"}
{"category":"database","host":"localhost:27017","level":"info","message":"🗄️  Connected successfully","service":"neural-shop-backend","timestamp":"2026-04-03 17:33:22.081"}
{"level":"info","message":"🚀 Kafka producer connected","service":"neural-shop-backend","timestamp":"2026-04-03 17:33:22.121"}
{"level":"info","message":"Database URL mongodb://admin:admin@localhost:27017/neural_shop?authSource=admin","service":"neural-shop-backend","timestamp":"2026-04-03 17:33:27.369"}
{"environment":"development","level":"info","message":"🚀 Server is running on port 8000","port":8000,"service":"neural-shop-backend","timestamp":"2026-04-03 17:33:27.485"}
{"category":"database","level":"info","message":"🗄️  MongoDB connected","service":"neural-shop-backend","timestamp":"2026-04-03 17:33:27.486"}
{"level":"info","message":"✅ Redis Connected","service":"neural-shop-backend","timestamp":"2026-04-03 17:33:27.508"}
{"level":"info","message":"🚀 Redis Ready","service":"neural-shop-backend","timestamp":"2026-04-03 17:33:27.539"}
{"level":"info","message":"🚀 Redis connected","service":"neural-shop-backend","timestamp":"2026-04-03 17:33:27.540"}
{"category":"database","host":"localhost:27017","level":"info","message":"🗄️  Connected successfully","service":"neural-shop-backend","timestamp":"2026-04-03 17:33:27.564"}
{"level":"info","message":"🚀 Kafka producer connected","service":"neural-shop-backend","timestamp":"2026-04-03 17:33:27.573"}
{"level":"info","message":"Database URL mongodb://admin:admin@localhost:27017/neural_shop?authSource=admin","service":"neural-shop-backend","timestamp":"2026-04-03 17:33:29.564"}
{"environment":"development","level":"info","message":"🚀 Server is running on port 8000","port":8000,"service":"neural-shop-backend","timestamp":"2026-04-03 17:33:29.690"}
{"category":"database","level":"info","message":"🗄️  MongoDB connected","service":"neural-shop-backend","timestamp":"2026-04-03 17:33:29.693"}
{"level":"info","message":"✅ Redis Connected","service":"neural-shop-backend","timestamp":"2026-04-03 17:33:29.722"}
{"level":"info","message":"🚀 Redis Ready","service":"neural-shop-backend","timestamp":"2026-04-03 17:33:29.754"}
{"level":"info","message":"🚀 Redis connected","service":"neural-shop-backend","timestamp":"2026-04-03 17:33:29.756"}
{"level":"info","message":"🚀 Kafka producer connected","service":"neural-shop-backend","timestamp":"2026-04-03 17:33:29.783"}
{"category":"database","host":"localhost:27017","level":"info","message":"🗄️  Connected successfully","service":"neural-shop-backend","timestamp":"2026-04-03 17:33:29.788"}
{"level":"info","message":"🚀 Kafka consumers started","service":"neural-shop-backend","timestamp":"2026-04-03 17:34:08.035"}
{"level":"info","message":"Database URL mongodb://admin:admin@localhost:27017/neural_shop?authSource=admin","service":"neural-shop-backend","timestamp":"2026-04-03 17:36:24.857"}
{"environment":"development","level":"info","message":"🚀 Server is running on port 8000","port":8000,"service":"neural-shop-backend","timestamp":"2026-04-03 17:36:24.971"}
{"category":"database","level":"info","message":"🗄️  MongoDB connected","service":"neural-shop-backend","timestamp":"2026-04-03 17:36:24.972"}
{"level":"info","message":"✅ Redis Connected","service":"neural-shop-backend","timestamp":"2026-04-03 17:36:24.988"}
{"level":"info","message":"🚀 Redis Ready","service":"neural-shop-backend","timestamp":"2026-04-03 17:36:25.035"}
{"level":"info","message":"🚀 Redis connected","service":"neural-shop-backend","timestamp":"2026-04-03 17:36:25.036"}
{"category":"database","host":"localhost:27017","level":"info","message":"🗄️  Connected successfully","service":"neural-shop-backend","timestamp":"2026-04-03 17:36:25.043"}
{"level":"info","message":"🚀 Kafka producer connected","service":"neural-shop-backend","timestamp":"2026-04-03 17:36:25.069"}
{"level":"info","message":"Database URL mongodb://admin:admin@localhost:27017/neural_shop?authSource=admin","service":"neural-shop-backend","timestamp":"2026-04-03 17:36:47.156"}
{"environment":"development","level":"info","message":"🚀 Server is running on port 8000","port":8000,"service":"neural-shop-backend","timestamp":"2026-04-03 17:36:47.268"}
{"category":"database","level":"info","message":"🗄️  MongoDB connected","service":"neural-shop-backend","timestamp":"2026-04-03 17:36:47.269"}
{"level":"info","message":"✅ Redis Connected","service":"neural-shop-backend","timestamp":"2026-04-03 17:36:47.283"}
{"level":"info","message":"🚀 Redis Ready","service":"neural-shop-backend","timestamp":"2026-04-03 17:36:47.325"}
{"level":"info","message":"🚀 Redis connected","service":"neural-shop-backend","timestamp":"2026-04-03 17:36:47.327"}
{"category":"database","host":"localhost:27017","level":"info","message":"🗄️  Connected successfully","service":"neural-shop-backend","timestamp":"2026-04-03 17:36:47.338"}
{"level":"info","message":"🚀 Kafka producer connected","service":"neural-shop-backend","timestamp":"2026-04-03 17:36:47.370"}
{"level":"info","message":"Database URL mongodb://admin:admin@localhost:27017/neural_shop?authSource=admin","service":"neural-shop-backend","timestamp":"2026-04-03 17:36:53.072"}
{"environment":"development","level":"info","message":"🚀 Server is running on port 8000","port":8000,"service":"neural-shop-backend","timestamp":"2026-04-03 17:36:53.183"}
{"category":"database","level":"info","message":"🗄️  MongoDB connected","service":"neural-shop-backend","timestamp":"2026-04-03 17:36:53.185"}
{"level":"info","message":"✅ Redis Connected","service":"neural-shop-backend","timestamp":"2026-04-03 17:36:53.212"}
{"level":"info","message":"🚀 Redis Ready","service":"neural-shop-backend","timestamp":"2026-04-03 17:36:53.256"}
{"level":"info","message":"🚀 Redis connected","service":"neural-shop-backend","timestamp":"2026-04-03 17:36:53.257"}
{"category":"database","host":"localhost:27017","level":"info","message":"🗄️  Connected successfully","service":"neural-shop-backend","timestamp":"2026-04-03 17:36:53.263"}
{"level":"info","message":"🚀 Kafka producer connected","service":"neural-shop-backend","timestamp":"2026-04-03 17:36:53.288"}
{"level":"info","message":"Database URL mongodb://admin:admin@localhost:27017/neural_shop?authSource=admin","service":"neural-shop-backend","timestamp":"2026-04-03 17:37:03.176"}
{"environment":"development","level":"info","message":"🚀 Server is running on port 8000","port":8000,"service":"neural-shop-backend","timestamp":"2026-04-03 17:37:03.297"}
{"category":"database","level":"info","message":"🗄️  MongoDB connected","service":"neural-shop-backend","timestamp":"2026-04-03 17:37:03.298"}
{"level":"info","message":"✅ Redis Connected","service":"neural-shop-backend","timestamp":"2026-04-03 17:37:03.332"}
{"level":"info","message":"🚀 Redis Ready","service":"neural-shop-backend","timestamp":"2026-04-03 17:37:03.375"}
{"level":"info","message":"🚀 Redis connected","service":"neural-shop-backend","timestamp":"2026-04-03 17:37:03.377"}
{"category":"database","host":"localhost:27017","level":"info","message":"🗄️  Connected successfully","service":"neural-shop-backend","timestamp":"2026-04-03 17:37:03.385"}
{"level":"info","message":"🚀 Kafka producer connected","service":"neural-shop-backend","timestamp":"2026-04-03 17:37:03.411"}
{"level":"info","message":"Database URL mongodb://admin:admin@localhost:27017/neural_shop?authSource=admin","service":"neural-shop-backend","timestamp":"2026-04-03 17:37:43.531"}
{"environment":"development","level":"info","message":"🚀 Server is running on port 8000","port":8000,"service":"neural-shop-backend","timestamp":"2026-04-03 17:37:43.647"}
{"category":"database","level":"info","message":"🗄️  MongoDB connected","service":"neural-shop-backend","timestamp":"2026-04-03 17:37:43.647"}
{"level":"info","message":"✅ Redis Connected","service":"neural-shop-backend","timestamp":"2026-04-03 17:37:43.667"}
{"level":"info","message":"🚀 Redis Ready","service":"neural-shop-backend","timestamp":"2026-04-03 17:37:43.712"}
{"level":"info","message":"🚀 Redis connected","service":"neural-shop-backend","timestamp":"2026-04-03 17:37:43.713"}
{"category":"database","host":"localhost:27017","level":"info","message":"🗄️  Connected successfully","service":"neural-shop-backend","timestamp":"2026-04-03 17:37:43.720"}
{"level":"info","message":"🚀 Kafka producer connected","service":"neural-shop-backend","timestamp":"2026-04-03 17:37:43.746"}
{"level":"info","message":"Database URL mongodb://admin:admin@localhost:27017/neural_shop?authSource=admin","service":"neural-shop-backend","timestamp":"2026-04-03 17:37:46.920"}
{"environment":"development","level":"info","message":"🚀 Server is running on port 8000","port":8000,"service":"neural-shop-backend","timestamp":"2026-04-03 17:37:47.057"}
{"category":"database","level":"info","message":"🗄️  MongoDB connected","service":"neural-shop-backend","timestamp":"2026-04-03 17:37:47.059"}
{"level":"info","message":"✅ Redis Connected","service":"neural-shop-backend","timestamp":"2026-04-03 17:37:47.078"}
{"level":"info","message":"🚀 Redis Ready","service":"neural-shop-backend","timestamp":"2026-04-03 17:37:47.109"}
{"level":"info","message":"🚀 Redis connected","service":"neural-shop-backend","timestamp":"2026-04-03 17:37:47.111"}
{"category":"database","host":"localhost:27017","level":"info","message":"🗄️  Connected successfully","service":"neural-shop-backend","timestamp":"2026-04-03 17:37:47.141"}
{"level":"info","message":"🚀 Kafka producer connected","service":"neural-shop-backend","timestamp":"2026-04-03 17:37:47.154"}
{"level":"info","message":"Database URL mongodb://admin:admin@localhost:27017/neural_shop?authSource=admin","service":"neural-shop-backend","timestamp":"2026-04-03 17:38:30.950"}
{"environment":"development","level":"info","message":"🚀 Server is running on port 8000","port":8000,"service":"neural-shop-backend","timestamp":"2026-04-03 17:38:31.064"}
{"category":"database","level":"info","message":"🗄️  MongoDB connected","service":"neural-shop-backend","timestamp":"2026-04-03 17:38:31.065"}
{"level":"info","message":"✅ Redis Connected","service":"neural-shop-backend","timestamp":"2026-04-03 17:38:31.086"}
{"level":"info","message":"🚀 Redis Ready","service":"neural-shop-backend","timestamp":"2026-04-03 17:38:31.120"}
{"level":"info","message":"🚀 Redis connected","service":"neural-shop-backend","timestamp":"2026-04-03 17:38:31.130"}
{"category":"database","host":"localhost:27017","level":"info","message":"🗄️  Connected successfully","service":"neural-shop-backend","timestamp":"2026-04-03 17:38:31.139"}
{"level":"info","message":"🚀 Kafka producer connected","service":"neural-shop-backend","timestamp":"2026-04-03 17:38:31.164"}
{"level":"info","message":"🚀 Kafka consumers started","service":"neural-shop-backend","timestamp":"2026-04-03 17:38:58.573"}
{"level":"info","message":"Database URL mongodb://admin:admin@localhost:27017/neural_shop?authSource=admin","service":"neural-shop-backend","timestamp":"2026-04-03 17:39:17.791"}
{"environment":"development","level":"info","message":"🚀 Server is running on port 8000","port":8000,"service":"neural-shop-backend","timestamp":"2026-04-03 17:39:17.906"}
{"category":"database","level":"info","message":"🗄️  MongoDB connected","service":"neural-shop-backend","timestamp":"2026-04-03 17:39:17.907"}
{"level":"info","message":"✅ Redis Connected","service":"neural-shop-backend","timestamp":"2026-04-03 17:39:17.925"}
{"level":"info","message":"🚀 Redis Ready","service":"neural-shop-backend","timestamp":"2026-04-03 17:39:17.964"}
{"level":"info","message":"🚀 Redis connected","service":"neural-shop-backend","timestamp":"2026-04-03 17:39:17.966"}
{"category":"database","host":"localhost:27017","level":"info","message":"🗄️  Connected successfully","service":"neural-shop-backend","timestamp":"2026-04-03 17:39:17.973"}
{"level":"info","message":"🚀 Kafka producer connected","service":"neural-shop-backend","timestamp":"2026-04-03 17:39:18.002"}
{"level":"info","message":"Database URL mongodb://admin:admin@localhost:27017/neural_shop?authSource=admin","service":"neural-shop-backend","timestamp":"2026-04-03 17:39:21.997"}
{"environment":"development","level":"info","message":"🚀 Server is running on port 8000","port":8000,"service":"neural-shop-backend","timestamp":"2026-04-03 17:39:22.120"}
{"category":"database","level":"info","message":"🗄️  MongoDB connected","service":"neural-shop-backend","timestamp":"2026-04-03 17:39:22.121"}
{"level":"info","message":"✅ Redis Connected","service":"neural-shop-backend","timestamp":"2026-04-03 17:39:22.135"}
{"level":"info","message":"🚀 Redis Ready","service":"neural-shop-backend","timestamp":"2026-04-03 17:39:22.162"}
{"level":"info","message":"🚀 Redis connected","service":"neural-shop-backend","timestamp":"2026-04-03 17:39:22.164"}
{"category":"database","host":"localhost:27017","level":"info","message":"🗄️  Connected successfully","service":"neural-shop-backend","timestamp":"2026-04-03 17:39:22.190"}
{"level":"info","message":"🚀 Kafka producer connected","service":"neural-shop-backend","timestamp":"2026-04-03 17:39:22.201"}
{"level":"info","message":"Database URL mongodb://admin:admin@localhost:27017/neural_shop?authSource=admin","service":"neural-shop-backend","timestamp":"2026-04-03 17:39:25.311"}
{"environment":"development","level":"info","message":"🚀 Server is running on port 8000","port":8000,"service":"neural-shop-backend","timestamp":"2026-04-03 17:39:25.440"}
{"category":"database","level":"info","message":"🗄️  MongoDB connected","service":"neural-shop-backend","timestamp":"2026-04-03 17:39:25.441"}
{"level":"info","message":"✅ Redis Connected","service":"neural-shop-backend","timestamp":"2026-04-03 17:39:25.467"}
{"level":"info","message":"🚀 Redis Ready","service":"neural-shop-backend","timestamp":"2026-04-03 17:39:25.517"}
{"level":"info","message":"🚀 Redis connected","service":"neural-shop-backend","timestamp":"2026-04-03 17:39:25.519"}
{"category":"database","host":"localhost:27017","level":"info","message":"🗄️  Connected successfully","service":"neural-shop-backend","timestamp":"2026-04-03 17:39:25.526"}
{"level":"info","message":"🚀 Kafka producer connected","service":"neural-shop-backend","timestamp":"2026-04-03 17:39:25.561"}
{"level":"info","message":"Database URL mongodb://admin:admin@localhost:27017/neural_shop?authSource=admin","service":"neural-shop-backend","timestamp":"2026-04-03 17:39:29.867"}
{"environment":"development","level":"info","message":"🚀 Server is running on port 8000","port":8000,"service":"neural-shop-backend","timestamp":"2026-04-03 17:39:29.983"}
{"category":"database","level":"info","message":"🗄️  MongoDB connected","service":"neural-shop-backend","timestamp":"2026-04-03 17:39:29.985"}
{"level":"info","message":"✅ Redis Connected","service":"neural-shop-backend","timestamp":"2026-04-03 17:39:30.003"}
{"level":"info","message":"🚀 Redis Ready","service":"neural-shop-backend","timestamp":"2026-04-03 17:39:30.038"}
{"level":"info","message":"🚀 Redis connected","service":"neural-shop-backend","timestamp":"2026-04-03 17:39:30.041"}
{"category":"database","host":"localhost:27017","level":"info","message":"🗄️  Connected successfully","service":"neural-shop-backend","timestamp":"2026-04-03 17:39:30.066"}
{"level":"info","message":"🚀 Kafka producer connected","service":"neural-shop-backend","timestamp":"2026-04-03 17:39:30.075"}
{"level":"info","message":"Database URL mongodb://admin:admin@localhost:27017/neural_shop?authSource=admin","service":"neural-shop-backend","timestamp":"2026-04-03 17:39:33.690"}
{"environment":"development","level":"info","message":"🚀 Server is running on port 8000","port":8000,"service":"neural-shop-backend","timestamp":"2026-04-03 17:39:33.802"}
{"category":"database","level":"info","message":"🗄️  MongoDB connected","service":"neural-shop-backend","timestamp":"2026-04-03 17:39:33.803"}
{"level":"info","message":"✅ Redis Connected","service":"neural-shop-backend","timestamp":"2026-04-03 17:39:33.818"}
{"level":"info","message":"🚀 Redis Ready","service":"neural-shop-backend","timestamp":"2026-04-03 17:39:33.863"}
{"level":"info","message":"🚀 Redis connected","service":"neural-shop-backend","timestamp":"2026-04-03 17:39:33.864"}
{"category":"database","host":"localhost:27017","level":"info","message":"🗄️  Connected successfully","service":"neural-shop-backend","timestamp":"2026-04-03 17:39:33.871"}
{"level":"info","message":"🚀 Kafka producer connected","service":"neural-shop-backend","timestamp":"2026-04-03 17:39:33.895"}
{"level":"info","message":"Database URL mongodb://admin:admin@localhost:27017/neural_shop?authSource=admin","service":"neural-shop-backend","timestamp":"2026-04-03 17:39:37.481"}
{"environment":"development","level":"info","message":"🚀 Server is running on port 8000","port":8000,"service":"neural-shop-backend","timestamp":"2026-04-03 17:39:37.605"}
{"category":"database","level":"info","message":"🗄️  MongoDB connected","service":"neural-shop-backend","timestamp":"2026-04-03 17:39:37.606"}
{"level":"info","message":"✅ Redis Connected","service":"neural-shop-backend","timestamp":"2026-04-03 17:39:37.623"}
{"level":"info","message":"🚀 Redis Ready","service":"neural-shop-backend","timestamp":"2026-04-03 17:39:37.650"}
{"level":"info","message":"🚀 Redis connected","service":"neural-shop-backend","timestamp":"2026-04-03 17:39:37.652"}
{"category":"database","host":"localhost:27017","level":"info","message":"🗄️  Connected successfully","service":"neural-shop-backend","timestamp":"2026-04-03 17:39:37.682"}
{"level":"info","message":"🚀 Kafka producer connected","service":"neural-shop-backend","timestamp":"2026-04-03 17:39:37.691"}
{"level":"info","message":"Database URL mongodb://admin:admin@localhost:27017/neural_shop?authSource=admin","service":"neural-shop-backend","timestamp":"2026-04-03 17:39:59.622"}
{"environment":"development","level":"info","message":"🚀 Server is running on port 8000","port":8000,"service":"neural-shop-backend","timestamp":"2026-04-03 17:39:59.738"}
{"category":"database","level":"info","message":"🗄️  MongoDB connected","service":"neural-shop-backend","timestamp":"2026-04-03 17:39:59.739"}
{"level":"info","message":"✅ Redis Connected","service":"neural-shop-backend","timestamp":"2026-04-03 17:39:59.765"}
{"level":"info","message":"🚀 Redis Ready","service":"neural-shop-backend","timestamp":"2026-04-03 17:39:59.797"}
{"level":"info","message":"🚀 Redis connected","service":"neural-shop-backend","timestamp":"2026-04-03 17:39:59.799"}
{"category":"database","host":"localhost:27017","level":"info","message":"🗄️  Connected successfully","service":"neural-shop-backend","timestamp":"2026-04-03 17:39:59.820"}
{"level":"info","message":"🚀 Kafka producer connected","service":"neural-shop-backend","timestamp":"2026-04-03 17:39:59.845"}
{"level":"info","message":"Database URL mongodb://admin:admin@localhost:27017/neural_shop?authSource=admin","service":"neural-shop-backend","timestamp":"2026-04-03 17:40:07.201"}
{"environment":"development","level":"info","message":"🚀 Server is running on port 8000","port":8000,"service":"neural-shop-backend","timestamp":"2026-04-03 17:40:07.318"}
{"category":"database","level":"info","message":"🗄️  MongoDB connected","service":"neural-shop-backend","timestamp":"2026-04-03 17:40:07.318"}
{"level":"info","message":"✅ Redis Connected","service":"neural-shop-backend","timestamp":"2026-04-03 17:40:07.342"}
{"level":"info","message":"🚀 Redis Ready","service":"neural-shop-backend","timestamp":"2026-04-03 17:40:07.403"}
{"level":"info","message":"🚀 Redis connected","service":"neural-shop-backend","timestamp":"2026-04-03 17:40:07.405"}
{"category":"database","host":"localhost:27017","level":"info","message":"🗄️  Connected successfully","service":"neural-shop-backend","timestamp":"2026-04-03 17:40:07.412"}
{"level":"info","message":"🚀 Kafka producer connected","service":"neural-shop-backend","timestamp":"2026-04-03 17:40:07.443"}
{"level":"info","message":"Database URL mongodb://admin:admin@localhost:27017/neural_shop?authSource=admin","service":"neural-shop-backend","timestamp":"2026-04-03 17:40:09.738"}
{"environment":"development","level":"info","message":"🚀 Server is running on port 8000","port":8000,"service":"neural-shop-backend","timestamp":"2026-04-03 17:40:09.879"}
{"category":"database","level":"info","message":"🗄️  MongoDB connected","service":"neural-shop-backend","timestamp":"2026-04-03 17:40:09.880"}
{"level":"info","message":"✅ Redis Connected","service":"neural-shop-backend","timestamp":"2026-04-03 17:40:09.908"}
{"level":"info","message":"🚀 Redis Ready","service":"neural-shop-backend","timestamp":"2026-04-03 17:40:09.986"}
{"level":"info","message":"🚀 Redis connected","service":"neural-shop-backend","timestamp":"2026-04-03 17:40:09.989"}
{"category":"database","host":"localhost:27017","level":"info","message":"🗄️  Connected successfully","service":"neural-shop-backend","timestamp":"2026-04-03 17:40:10.000"}
{"level":"info","message":"🚀 Kafka producer connected","service":"neural-shop-backend","timestamp":"2026-04-03 17:40:10.038"}
{"level":"info","message":"Database URL mongodb://admin:admin@localhost:27017/neural_shop?authSource=admin","service":"neural-shop-backend","timestamp":"2026-04-03 17:40:22.011"}
{"environment":"development","level":"info","message":"🚀 Server is running on port 8000","port":8000,"service":"neural-shop-backend","timestamp":"2026-04-03 17:40:22.161"}
{"category":"database","level":"info","message":"🗄️  MongoDB connected","service":"neural-shop-backend","timestamp":"2026-04-03 17:40:22.163"}
{"level":"info","message":"✅ Redis Connected","service":"neural-shop-backend","timestamp":"2026-04-03 17:40:22.187"}
{"level":"info","message":"🚀 Redis Ready","service":"neural-shop-backend","timestamp":"2026-04-03 17:40:22.226"}
{"level":"info","message":"🚀 Redis connected","service":"neural-shop-backend","timestamp":"2026-04-03 17:40:22.228"}
{"category":"database","host":"localhost:27017","level":"info","message":"🗄️  Connected successfully","service":"neural-shop-backend","timestamp":"2026-04-03 17:40:22.260"}
{"level":"info","message":"🚀 Kafka producer connected","service":"neural-shop-backend","timestamp":"2026-04-03 17:40:22.270"}
{"level":"info","message":"Database URL mongodb://admin:admin@localhost:27017/neural_shop?authSource=admin","service":"neural-shop-backend","timestamp":"2026-04-03 17:40:26.315"}
{"environment":"development","level":"info","message":"🚀 Server is running on port 8000","port":8000,"service":"neural-shop-backend","timestamp":"2026-04-03 17:40:26.427"}
{"category":"database","level":"info","message":"🗄️  MongoDB connected","service":"neural-shop-backend","timestamp":"2026-04-03 17:40:26.428"}
{"level":"info","message":"✅ Redis Connected","service":"neural-shop-backend","timestamp":"2026-04-03 17:40:26.449"}
{"level":"info","message":"🚀 Redis Ready","service":"neural-shop-backend","timestamp":"2026-04-03 17:40:26.480"}
{"level":"info","message":"🚀 Redis connected","service":"neural-shop-backend","timestamp":"2026-04-03 17:40:26.482"}
{"category":"database","host":"localhost:27017","level":"info","message":"🗄️  Connected successfully","service":"neural-shop-backend","timestamp":"2026-04-03 17:40:26.507"}
{"level":"info","message":"🚀 Kafka producer connected","service":"neural-shop-backend","timestamp":"2026-04-03 17:40:26.516"}
{"level":"info","message":"Database URL mongodb://admin:admin@localhost:27017/neural_shop?authSource=admin","service":"neural-shop-backend","timestamp":"2026-04-03 17:40:30.249"}
{"environment":"development","level":"info","message":"🚀 Server is running on port 8000","port":8000,"service":"neural-shop-backend","timestamp":"2026-04-03 17:40:30.375"}
{"category":"database","level":"info","message":"🗄️  MongoDB connected","service":"neural-shop-backend","timestamp":"2026-04-03 17:40:30.376"}
{"level":"info","message":"✅ Redis Connected","service":"neural-shop-backend","timestamp":"2026-04-03 17:40:30.395"}
{"level":"info","message":"🚀 Redis Ready","service":"neural-shop-backend","timestamp":"2026-04-03 17:40:30.442"}
{"level":"info","message":"🚀 Redis connected","service":"neural-shop-backend","timestamp":"2026-04-03 17:40:30.444"}
{"category":"database","host":"localhost:27017","level":"info","message":"🗄️  Connected successfully","service":"neural-shop-backend","timestamp":"2026-04-03 17:40:30.471"}
{"level":"info","message":"🚀 Kafka producer connected","service":"neural-shop-backend","timestamp":"2026-04-03 17:40:30.485"}
{"level":"info","message":"Database URL mongodb://admin:admin@localhost:27017/neural_shop?authSource=admin","service":"neural-shop-backend","timestamp":"2026-04-03 17:40:37.844"}
{"environment":"development","level":"info","message":"🚀 Server is running on port 8000","port":8000,"service":"neural-shop-backend","timestamp":"2026-04-03 17:40:37.965"}
{"category":"database","level":"info","message":"🗄️  MongoDB connected","service":"neural-shop-backend","timestamp":"2026-04-03 17:40:37.966"}
{"level":"info","message":"✅ Redis Connected","service":"neural-shop-backend","timestamp":"2026-04-03 17:40:37.980"}
{"level":"info","message":"🚀 Redis Ready","service":"neural-shop-backend","timestamp":"2026-04-03 17:40:38.021"}
{"level":"info","message":"🚀 Redis connected","service":"neural-shop-backend","timestamp":"2026-04-03 17:40:38.023"}
{"category":"database","host":"localhost:27017","level":"info","message":"🗄️  Connected successfully","service":"neural-shop-backend","timestamp":"2026-04-03 17:40:38.029"}
{"level":"info","message":"🚀 Kafka producer connected","service":"neural-shop-backend","timestamp":"2026-04-03 17:40:38.053"}
{"level":"info","message":"Database URL mongodb://admin:admin@localhost:27017/neural_shop?authSource=admin","service":"neural-shop-backend","timestamp":"2026-04-03 17:40:41.796"}
{"environment":"development","level":"info","message":"🚀 Server is running on port 8000","port":8000,"service":"neural-shop-backend","timestamp":"2026-04-03 17:40:41.917"}
{"category":"database","level":"info","message":"🗄️  MongoDB connected","service":"neural-shop-backend","timestamp":"2026-04-03 17:40:41.918"}
{"level":"info","message":"✅ Redis Connected","service":"neural-shop-backend","timestamp":"2026-04-03 17:40:41.945"}
{"level":"info","message":"🚀 Redis Ready","service":"neural-shop-backend","timestamp":"2026-04-03 17:40:41.978"}
{"level":"info","message":"🚀 Redis connected","service":"neural-shop-backend","timestamp":"2026-04-03 17:40:41.979"}
{"category":"database","host":"localhost:27017","level":"info","message":"🗄️  Connected successfully","service":"neural-shop-backend","timestamp":"2026-04-03 17:40:42.005"}
{"level":"info","message":"🚀 Kafka producer connected","service":"neural-shop-backend","timestamp":"2026-04-03 17:40:42.013"}
{"level":"info","message":"Database URL mongodb://admin:admin@localhost:27017/neural_shop?authSource=admin","service":"neural-shop-backend","timestamp":"2026-04-03 17:40:59.378"}
{"environment":"development","level":"info","message":"🚀 Server is running on port 8000","port":8000,"service":"neural-shop-backend","timestamp":"2026-04-03 17:40:59.520"}
{"category":"database","level":"info","message":"🗄️  MongoDB connected","service":"neural-shop-backend","timestamp":"2026-04-03 17:40:59.521"}
{"level":"info","message":"✅ Redis Connected","service":"neural-shop-backend","timestamp":"2026-04-03 17:40:59.549"}
{"level":"info","message":"🚀 Redis Ready","service":"neural-shop-backend","timestamp":"2026-04-03 17:40:59.599"}
{"level":"info","message":"🚀 Redis connected","service":"neural-shop-backend","timestamp":"2026-04-03 17:40:59.601"}
{"category":"database","host":"localhost:27017","level":"info","message":"🗄️  Connected successfully","service":"neural-shop-backend","timestamp":"2026-04-03 17:40:59.610"}
{"level":"info","message":"🚀 Kafka producer connected","service":"neural-shop-backend","timestamp":"2026-04-03 17:40:59.646"}
{"level":"info","message":"Database URL mongodb://admin:admin@localhost:27017/neural_shop?authSource=admin","service":"neural-shop-backend","timestamp":"2026-04-03 17:41:07.379"}
{"environment":"development","level":"info","message":"🚀 Server is running on port 8000","port":8000,"service":"neural-shop-backend","timestamp":"2026-04-03 17:41:07.486"}
{"category":"database","level":"info","message":"🗄️  MongoDB connected","service":"neural-shop-backend","timestamp":"2026-04-03 17:41:07.487"}
{"level":"info","message":"✅ Redis Connected","service":"neural-shop-backend","timestamp":"2026-04-03 17:41:07.507"}
{"level":"info","message":"🚀 Redis Ready","service":"neural-shop-backend","timestamp":"2026-04-03 17:41:07.552"}
{"level":"info","message":"🚀 Redis connected","service":"neural-shop-backend","timestamp":"2026-04-03 17:41:07.554"}
{"category":"database","host":"localhost:27017","level":"info","message":"🗄️  Connected successfully","service":"neural-shop-backend","timestamp":"2026-04-03 17:41:07.561"}
{"level":"info","message":"🚀 Kafka producer connected","service":"neural-shop-backend","timestamp":"2026-04-03 17:41:07.585"}
{"level":"info","message":"Database URL mongodb://admin:admin@localhost:27017/neural_shop?authSource=admin","service":"neural-shop-backend","timestamp":"2026-04-03 17:41:20.756"}
{"environment":"development","level":"info","message":"🚀 Server is running on port 8000","port":8000,"service":"neural-shop-backend","timestamp":"2026-04-03 17:41:20.893"}
{"category":"database","level":"info","message":"🗄️  MongoDB connected","service":"neural-shop-backend","timestamp":"2026-04-03 17:41:20.894"}
{"level":"info","message":"✅ Redis Connected","service":"neural-shop-backend","timestamp":"2026-04-03 17:41:20.906"}
{"level":"info","message":"🚀 Redis Ready","service":"neural-shop-backend","timestamp":"2026-04-03 17:41:20.937"}
{"level":"info","message":"🚀 Redis connected","service":"neural-shop-backend","timestamp":"2026-04-03 17:41:20.939"}
{"category":"database","host":"localhost:27017","level":"info","message":"🗄️  Connected successfully","service":"neural-shop-backend","timestamp":"2026-04-03 17:41:20.964"}
{"level":"info","message":"🚀 Kafka producer connected","service":"neural-shop-backend","timestamp":"2026-04-03 17:41:20.973"}
{"level":"info","message":"Database URL mongodb://admin:admin@localhost:27017/neural_shop?authSource=admin","service":"neural-shop-backend","timestamp":"2026-04-03 17:41:30.463"}
{"environment":"development","level":"info","message":"🚀 Server is running on port 8000","port":8000,"service":"neural-shop-backend","timestamp":"2026-04-03 17:41:30.644"}
{"category":"database","level":"info","message":"🗄️  MongoDB connected","service":"neural-shop-backend","timestamp":"2026-04-03 17:41:30.645"}
{"level":"info","message":"✅ Redis Connected","service":"neural-shop-backend","timestamp":"2026-04-03 17:41:30.670"}
{"level":"info","message":"🚀 Redis Ready","service":"neural-shop-backend","timestamp":"2026-04-03 17:41:30.704"}
{"level":"info","message":"🚀 Redis connected","service":"neural-shop-backend","timestamp":"2026-04-03 17:41:30.705"}
{"category":"database","host":"localhost:27017","level":"info","message":"🗄️  Connected successfully","service":"neural-shop-backend","timestamp":"2026-04-03 17:41:30.733"}
{"level":"info","message":"🚀 Kafka producer connected","service":"neural-shop-backend","timestamp":"2026-04-03 17:41:30.742"}
{"level":"info","message":"Database URL mongodb://admin:admin@localhost:27017/neural_shop?authSource=admin","service":"neural-shop-backend","timestamp":"2026-04-03 17:41:36.810"}
{"environment":"development","level":"info","message":"🚀 Server is running on port 8000","port":8000,"service":"neural-shop-backend","timestamp":"2026-04-03 17:41:36.946"}
{"category":"database","level":"info","message":"🗄️  MongoDB connected","service":"neural-shop-backend","timestamp":"2026-04-03 17:41:36.947"}
{"level":"info","message":"✅ Redis Connected","service":"neural-shop-backend","timestamp":"2026-04-03 17:41:36.979"}
{"level":"info","message":"🚀 Redis Ready","service":"neural-shop-backend","timestamp":"2026-04-03 17:41:37.033"}
{"level":"info","message":"🚀 Redis connected","service":"neural-shop-backend","timestamp":"2026-04-03 17:41:37.035"}
{"category":"database","host":"localhost:27017","level":"info","message":"🗄️  Connected successfully","service":"neural-shop-backend","timestamp":"2026-04-03 17:41:37.067"}
{"level":"info","message":"🚀 Kafka producer connected","service":"neural-shop-backend","timestamp":"2026-04-03 17:41:37.077"}
{"level":"info","message":"🚀 Kafka consumers started","service":"neural-shop-backend","timestamp":"2026-04-03 17:41:58.084"}
{"level":"info","message":"Database URL mongodb://admin:admin@localhost:27017/neural_shop?authSource=admin","service":"neural-shop-backend","timestamp":"2026-04-03 17:42:30.024"}
{"environment":"development","level":"info","message":"🚀 Server is running on port 8000","port":8000,"service":"neural-shop-backend","timestamp":"2026-04-03 17:42:30.162"}
{"category":"database","level":"info","message":"🗄️  MongoDB connected","service":"neural-shop-backend","timestamp":"2026-04-03 17:42:30.163"}
{"level":"info","message":"✅ Redis Connected","service":"neural-shop-backend","timestamp":"2026-04-03 17:42:30.187"}
{"level":"info","message":"🚀 Redis Ready","service":"neural-shop-backend","timestamp":"2026-04-03 17:42:30.229"}
{"level":"info","message":"🚀 Redis connected","service":"neural-shop-backend","timestamp":"2026-04-03 17:42:30.231"}
{"category":"database","host":"localhost:27017","level":"info","message":"🗄️  Connected successfully","service":"neural-shop-backend","timestamp":"2026-04-03 17:42:30.260"}
{"level":"info","message":"🚀 Kafka producer connected","service":"neural-shop-backend","timestamp":"2026-04-03 17:42:30.272"}
{"level":"info","message":"🚀 Kafka consumers started","service":"neural-shop-backend","timestamp":"2026-04-03 17:42:55.447"}
{"level":"info","message":"Database URL mongodb://admin:admin@localhost:27017/neural_shop?authSource=admin","service":"neural-shop-backend","timestamp":"2026-04-03 17:44:09.039"}
{"environment":"development","level":"info","message":"🚀 Server is running on port 8000","port":8000,"service":"neural-shop-backend","timestamp":"2026-04-03 17:44:09.151"}
{"category":"database","level":"info","message":"🗄️  MongoDB connected","service":"neural-shop-backend","timestamp":"2026-04-03 17:44:09.151"}
{"level":"info","message":"✅ Redis Connected","service":"neural-shop-backend","timestamp":"2026-04-03 17:44:09.177"}
{"level":"info","message":"🚀 Redis Ready","service":"neural-shop-backend","timestamp":"2026-04-03 17:44:09.249"}
{"category":"database","host":"localhost:27017","level":"info","message":"🗄️  Connected successfully","service":"neural-shop-backend","timestamp":"2026-04-03 17:44:09.256"}
{"level":"info","message":"🚀 Redis connected","service":"neural-shop-backend","timestamp":"2026-04-03 17:44:09.269"}
{"level":"info","message":"🚀 Kafka producer connected","service":"neural-shop-backend","timestamp":"2026-04-03 17:44:09.295"}
{"level":"info","message":"Database URL mongodb://admin:admin@localhost:27017/neural_shop?authSource=admin","service":"neural-shop-backend","timestamp":"2026-04-03 17:44:26.940"}
{"environment":"development","level":"info","message":"🚀 Server is running on port 8000","port":8000,"service":"neural-shop-backend","timestamp":"2026-04-03 17:44:27.169"}
{"category":"database","level":"info","message":"🗄️  MongoDB connected","service":"neural-shop-backend","timestamp":"2026-04-03 17:44:27.170"}
{"level":"info","message":"✅ Redis Connected","service":"neural-shop-backend","timestamp":"2026-04-03 17:44:27.188"}
{"level":"info","message":"🚀 Redis Ready","service":"neural-shop-backend","timestamp":"2026-04-03 17:44:27.223"}
{"level":"info","message":"🚀 Redis connected","service":"neural-shop-backend","timestamp":"2026-04-03 17:44:27.226"}
{"category":"database","host":"localhost:27017","level":"info","message":"🗄️  Connected successfully","service":"neural-shop-backend","timestamp":"2026-04-03 17:44:27.252"}
{"level":"info","message":"🚀 Kafka producer connected","service":"neural-shop-backend","timestamp":"2026-04-03 17:44:27.262"}
{"level":"info","message":"🚀 Kafka consumers started","service":"neural-shop-backend","timestamp":"2026-04-03 17:44:31.079"}
{"level":"info","message":"Database URL mongodb://admin:admin@localhost:27017/neural_shop?authSource=admin","service":"neural-shop-backend","timestamp":"2026-04-03 17:44:35.881"}
{"environment":"development","level":"info","message":"🚀 Server is running on port 8000","port":8000,"service":"neural-shop-backend","timestamp":"2026-04-03 17:44:35.998"}
{"category":"database","level":"info","message":"🗄️  MongoDB connected","service":"neural-shop-backend","timestamp":"2026-04-03 17:44:35.999"}
{"level":"info","message":"✅ Redis Connected","service":"neural-shop-backend","timestamp":"2026-04-03 17:44:36.020"}
{"level":"info","message":"🚀 Redis Ready","service":"neural-shop-backend","timestamp":"2026-04-03 17:44:36.065"}
{"level":"info","message":"🚀 Redis connected","service":"neural-shop-backend","timestamp":"2026-04-03 17:44:36.067"}
{"category":"database","host":"localhost:27017","level":"info","message":"🗄️  Connected successfully","service":"neural-shop-backend","timestamp":"2026-04-03 17:44:36.074"}
{"level":"info","message":"🚀 Kafka producer connected","service":"neural-shop-backend","timestamp":"2026-04-03 17:44:36.097"}
{"level":"info","message":"Database URL mongodb://admin:admin@localhost:27017/neural_shop?authSource=admin","service":"neural-shop-backend","timestamp":"2026-04-03 17:44:39.261"}
{"environment":"development","level":"info","message":"🚀 Server is running on port 8000","port":8000,"service":"neural-shop-backend","timestamp":"2026-04-03 17:44:39.376"}
{"category":"database","level":"info","message":"🗄️  MongoDB connected","service":"neural-shop-backend","timestamp":"2026-04-03 17:44:39.378"}
{"level":"info","message":"✅ Redis Connected","service":"neural-shop-backend","timestamp":"2026-04-03 17:44:39.402"}
{"level":"info","message":"🚀 Redis Ready","service":"neural-shop-backend","timestamp":"2026-04-03 17:44:39.437"}
{"level":"info","message":"🚀 Redis connected","service":"neural-shop-backend","timestamp":"2026-04-03 17:44:39.439"}
{"category":"database","host":"localhost:27017","level":"info","message":"🗄️  Connected successfully","service":"neural-shop-backend","timestamp":"2026-04-03 17:44:39.466"}
{"level":"info","message":"🚀 Kafka producer connected","service":"neural-shop-backend","timestamp":"2026-04-03 17:44:39.477"}
{"level":"info","message":"Database URL mongodb://admin:admin@localhost:27017/neural_shop?authSource=admin","service":"neural-shop-backend","timestamp":"2026-04-03 17:44:42.401"}
{"environment":"development","level":"info","message":"🚀 Server is running on port 8000","port":8000,"service":"neural-shop-backend","timestamp":"2026-04-03 17:44:42.538"}
{"category":"database","level":"info","message":"🗄️  MongoDB connected","service":"neural-shop-backend","timestamp":"2026-04-03 17:44:42.539"}
{"level":"info","message":"✅ Redis Connected","service":"neural-shop-backend","timestamp":"2026-04-03 17:44:42.561"}
{"level":"info","message":"🚀 Redis Ready","service":"neural-shop-backend","timestamp":"2026-04-03 17:44:42.601"}
{"level":"info","message":"🚀 Redis connected","service":"neural-shop-backend","timestamp":"2026-04-03 17:44:42.602"}
{"category":"database","host":"localhost:27017","level":"info","message":"🗄️  Connected successfully","service":"neural-shop-backend","timestamp":"2026-04-03 17:44:42.637"}
{"level":"info","message":"🚀 Kafka producer connected","service":"neural-shop-backend","timestamp":"2026-04-03 17:44:42.649"}
{"level":"info","message":"Database URL mongodb://admin:admin@localhost:27017/neural_shop?authSource=admin","service":"neural-shop-backend","timestamp":"2026-04-03 17:44:47.638"}
{"environment":"development","level":"info","message":"🚀 Server is running on port 8000","port":8000,"service":"neural-shop-backend","timestamp":"2026-04-03 17:44:47.757"}
{"category":"database","level":"info","message":"🗄️  MongoDB connected","service":"neural-shop-backend","timestamp":"2026-04-03 17:44:47.758"}
{"level":"info","message":"✅ Redis Connected","service":"neural-shop-backend","timestamp":"2026-04-03 17:44:47.772"}
{"level":"info","message":"🚀 Redis Ready","service":"neural-shop-backend","timestamp":"2026-04-03 17:44:47.819"}
{"category":"database","host":"localhost:27017","level":"info","message":"🗄️  Connected successfully","service":"neural-shop-backend","timestamp":"2026-04-03 17:44:47.823"}
{"level":"info","message":"🚀 Redis connected","service":"neural-shop-backend","timestamp":"2026-04-03 17:44:47.833"}
{"level":"info","message":"🚀 Kafka producer connected","service":"neural-shop-backend","timestamp":"2026-04-03 17:44:47.862"}
{"level":"info","message":"Database URL mongodb://admin:admin@localhost:27017/neural_shop?authSource=admin","service":"neural-shop-backend","timestamp":"2026-04-03 17:45:11.109"}
{"environment":"development","level":"info","message":"🚀 Server is running on port 8000","port":8000,"service":"neural-shop-backend","timestamp":"2026-04-03 17:45:11.226"}
{"category":"database","level":"info","message":"🗄️  MongoDB connected","service":"neural-shop-backend","timestamp":"2026-04-03 17:45:11.227"}
{"level":"info","message":"✅ Redis Connected","service":"neural-shop-backend","timestamp":"2026-04-03 17:45:11.242"}
{"level":"info","message":"🚀 Redis Ready","service":"neural-shop-backend","timestamp":"2026-04-03 17:45:11.276"}
{"level":"info","message":"🚀 Redis connected","service":"neural-shop-backend","timestamp":"2026-04-03 17:45:11.278"}
{"category":"database","host":"localhost:27017","level":"info","message":"🗄️  Connected successfully","service":"neural-shop-backend","timestamp":"2026-04-03 17:45:11.306"}
{"level":"info","message":"🚀 Kafka producer connected","service":"neural-shop-backend","timestamp":"2026-04-03 17:45:11.317"}
{"level":"info","message":"🚀 Kafka consumers started","service":"neural-shop-backend","timestamp":"2026-04-03 17:45:38.734"}
{"level":"info","message":"Database URL mongodb://admin:admin@localhost:27017/neural_shop?authSource=admin","service":"neural-shop-backend","timestamp":"2026-04-03 17:45:42.579"}
{"environment":"development","level":"info","message":"🚀 Server is running on port 8000","port":8000,"service":"neural-shop-backend","timestamp":"2026-04-03 17:45:42.838"}
{"category":"database","level":"info","message":"🗄️  MongoDB connected","service":"neural-shop-backend","timestamp":"2026-04-03 17:45:42.840"}
{"level":"info","message":"✅ Redis Connected","service":"neural-shop-backend","timestamp":"2026-04-03 17:45:42.859"}
{"category":"database","host":"localhost:27017","level":"info","message":"🗄️  Connected successfully","service":"neural-shop-backend","timestamp":"2026-04-03 17:45:42.928"}
{"level":"info","message":"🚀 Redis Ready","service":"neural-shop-backend","timestamp":"2026-04-03 17:45:42.938"}
{"level":"info","message":"🚀 Redis connected","service":"neural-shop-backend","timestamp":"2026-04-03 17:45:42.951"}
{"level":"info","message":"🚀 Kafka producer connected","service":"neural-shop-backend","timestamp":"2026-04-03 17:45:42.994"}
{"level":"info","message":"Database URL mongodb://admin:admin@localhost:27017/neural_shop?authSource=admin","service":"neural-shop-backend","timestamp":"2026-04-03 17:45:51.432"}
{"environment":"development","level":"info","message":"🚀 Server is running on port 8000","port":8000,"service":"neural-shop-backend","timestamp":"2026-04-03 17:45:51.552"}
{"category":"database","level":"info","message":"🗄️  MongoDB connected","service":"neural-shop-backend","timestamp":"2026-04-03 17:45:51.554"}
{"level":"info","message":"✅ Redis Connected","service":"neural-shop-backend","timestamp":"2026-04-03 17:45:51.572"}
{"level":"info","message":"🚀 Redis Ready","service":"neural-shop-backend","timestamp":"2026-04-03 17:45:51.610"}
{"level":"info","message":"🚀 Redis connected","service":"neural-shop-backend","timestamp":"2026-04-03 17:45:51.612"}
{"category":"database","host":"localhost:27017","level":"info","message":"🗄️  Connected successfully","service":"neural-shop-backend","timestamp":"2026-04-03 17:45:51.639"}
{"level":"info","message":"🚀 Kafka producer connected","service":"neural-shop-backend","timestamp":"2026-04-03 17:45:51.653"}
{"level":"info","message":"Database URL mongodb://admin:admin@localhost:27017/neural_shop?authSource=admin","service":"neural-shop-backend","timestamp":"2026-04-03 17:46:02.599"}
{"environment":"development","level":"info","message":"🚀 Server is running on port 8000","port":8000,"service":"neural-shop-backend","timestamp":"2026-04-03 17:46:02.761"}
{"category":"database","level":"info","message":"🗄️  MongoDB connected","service":"neural-shop-backend","timestamp":"2026-04-03 17:46:02.765"}
{"level":"info","message":"✅ Redis Connected","service":"neural-shop-backend","timestamp":"2026-04-03 17:46:02.815"}
{"category":"database","host":"localhost:27017","level":"info","message":"🗄️  Connected successfully","service":"neural-shop-backend","timestamp":"2026-04-03 17:46:02.896"}
{"level":"info","message":"🚀 Redis Ready","service":"neural-shop-backend","timestamp":"2026-04-03 17:46:02.909"}
{"level":"info","message":"🚀 Redis connected","service":"neural-shop-backend","timestamp":"2026-04-03 17:46:02.922"}
{"level":"info","message":"🚀 Kafka producer connected","service":"neural-shop-backend","timestamp":"2026-04-03 17:46:02.980"}
{"level":"info","message":"🚀 Kafka consumers started","service":"neural-shop-backend","timestamp":"2026-04-03 17:46:06.101"}
{"level":"info","message":"Database URL mongodb://admin:admin@localhost:27017/neural_shop?authSource=admin","service":"neural-shop-backend","timestamp":"2026-04-03 17:46:08.988"}
{"environment":"development","level":"info","message":"🚀 Server is running on port 8000","port":8000,"service":"neural-shop-backend","timestamp":"2026-04-03 17:46:09.106"}
{"category":"database","level":"info","message":"🗄️  MongoDB connected","service":"neural-shop-backend","timestamp":"2026-04-03 17:46:09.107"}
{"level":"info","message":"✅ Redis Connected","service":"neural-shop-backend","timestamp":"2026-04-03 17:46:09.119"}
{"level":"info","message":"🚀 Redis Ready","service":"neural-shop-backend","timestamp":"2026-04-03 17:46:09.165"}
{"level":"info","message":"🚀 Redis connected","service":"neural-shop-backend","timestamp":"2026-04-03 17:46:09.167"}
{"category":"database","host":"localhost:27017","level":"info","message":"🗄️  Connected successfully","service":"neural-shop-backend","timestamp":"2026-04-03 17:46:09.174"}
{"level":"info","message":"🚀 Kafka producer connected","service":"neural-shop-backend","timestamp":"2026-04-03 17:46:09.200"}
{"level":"info","message":"🚀 Kafka consumers started","service":"neural-shop-backend","timestamp":"2026-04-03 17:46:33.453"}
{"level":"info","message":"Database URL mongodb://admin:admin@localhost:27017/neural_shop?authSource=admin","service":"neural-shop-backend","timestamp":"2026-04-03 17:46:36.183"}
{"environment":"development","level":"info","message":"🚀 Server is running on port 8000","port":8000,"service":"neural-shop-backend","timestamp":"2026-04-03 17:46:36.331"}
{"category":"database","level":"info","message":"🗄️  MongoDB connected","service":"neural-shop-backend","timestamp":"2026-04-03 17:46:36.332"}
{"level":"info","message":"✅ Redis Connected","service":"neural-shop-backend","timestamp":"2026-04-03 17:46:36.342"}
{"level":"info","message":"🚀 Redis Ready","service":"neural-shop-backend","timestamp":"2026-04-03 17:46:36.378"}
{"level":"info","message":"🚀 Redis connected","service":"neural-shop-backend","timestamp":"2026-04-03 17:46:36.380"}
{"category":"database","host":"localhost:27017","level":"info","message":"🗄️  Connected successfully","service":"neural-shop-backend","timestamp":"2026-04-03 17:46:36.388"}
{"level":"info","message":"🚀 Kafka producer connected","service":"neural-shop-backend","timestamp":"2026-04-03 17:46:36.423"}
{"level":"info","message":"Database URL mongodb://admin:admin@localhost:27017/neural_shop?authSource=admin","service":"neural-shop-backend","timestamp":"2026-04-03 17:46:39.205"}
{"environment":"development","level":"info","message":"🚀 Server is running on port 8000","port":8000,"service":"neural-shop-backend","timestamp":"2026-04-03 17:46:39.334"}
{"category":"database","level":"info","message":"🗄️  MongoDB connected","service":"neural-shop-backend","timestamp":"2026-04-03 17:46:39.335"}
{"level":"info","message":"✅ Redis Connected","service":"neural-shop-backend","timestamp":"2026-04-03 17:46:39.354"}
{"level":"info","message":"🚀 Redis Ready","service":"neural-shop-backend","timestamp":"2026-04-03 17:46:39.391"}
{"level":"info","message":"🚀 Redis connected","service":"neural-shop-backend","timestamp":"2026-04-03 17:46:39.403"}
{"category":"database","host":"localhost:27017","level":"info","message":"🗄️  Connected successfully","service":"neural-shop-backend","timestamp":"2026-04-03 17:46:39.413"}
{"level":"info","message":"🚀 Kafka producer connected","service":"neural-shop-backend","timestamp":"2026-04-03 17:46:39.440"}
{"level":"info","message":"Database URL mongodb://admin:admin@localhost:27017/neural_shop?authSource=admin","service":"neural-shop-backend","timestamp":"2026-04-03 17:47:01.529"}
{"environment":"development","level":"info","message":"🚀 Server is running on port 8000","port":8000,"service":"neural-shop-backend","timestamp":"2026-04-03 17:47:01.662"}
{"category":"database","level":"info","message":"🗄️  MongoDB connected","service":"neural-shop-backend","timestamp":"2026-04-03 17:47:01.663"}
{"level":"info","message":"✅ Redis Connected","service":"neural-shop-backend","timestamp":"2026-04-03 17:47:01.688"}
{"level":"info","message":"🚀 Redis Ready","service":"neural-shop-backend","timestamp":"2026-04-03 17:47:01.723"}
{"level":"info","message":"🚀 Redis connected","service":"neural-shop-backend","timestamp":"2026-04-03 17:47:01.725"}
{"category":"database","host":"localhost:27017","level":"info","message":"🗄️  Connected successfully","service":"neural-shop-backend","timestamp":"2026-04-03 17:47:01.753"}
{"level":"info","message":"🚀 Kafka producer connected","service":"neural-shop-backend","timestamp":"2026-04-03 17:47:01.763"}
{"category":"http","ip":"::1","level":"info","message":"→ POST /login [200]","service":"neural-shop-backend","timestamp":"2026-04-03 17:47:20.245","userAgent":"PostmanRuntime/7.53.0"}
{"level":"info","message":"🚀 Kafka consumers started","service":"neural-shop-backend","timestamp":"2026-04-03 17:47:29.482"}
{"category":"http","ip":"::1","level":"info","message":"→ POST /login [200]","service":"neural-shop-backend","timestamp":"2026-04-03 17:47:37.419","userAgent":"PostmanRuntime/7.53.0"}
{"level":"info","message":"Database URL mongodb://admin:admin@localhost:27017/neural_shop?authSource=admin","service":"neural-shop-backend","timestamp":"2026-04-03 17:48:15.403"}
{"environment":"development","level":"info","message":"🚀 Server is running on port 8000","port":8000,"service":"neural-shop-backend","timestamp":"2026-04-03 17:48:15.532"}
{"category":"database","level":"info","message":"🗄️  MongoDB connected","service":"neural-shop-backend","timestamp":"2026-04-03 17:48:15.533"}
{"level":"info","message":"✅ Redis Connected","service":"neural-shop-backend","timestamp":"2026-04-03 17:48:15.558"}
{"level":"info","message":"🚀 Redis Ready","service":"neural-shop-backend","timestamp":"2026-04-03 17:48:15.595"}
{"level":"info","message":"🚀 Redis connected","service":"neural-shop-backend","timestamp":"2026-04-03 17:48:15.596"}
{"category":"database","host":"localhost:27017","level":"info","message":"🗄️  Connected successfully","service":"neural-shop-backend","timestamp":"2026-04-03 17:48:15.626"}
{"level":"info","message":"🚀 Kafka producer connected","service":"neural-shop-backend","timestamp":"2026-04-03 17:48:15.640"}
{"level":"info","message":"Database URL mongodb://admin:admin@localhost:27017/neural_shop?authSource=admin","service":"neural-shop-backend","timestamp":"2026-04-03 17:48:17.763"}
{"environment":"development","level":"info","message":"🚀 Server is running on port 8000","port":8000,"service":"neural-shop-backend","timestamp":"2026-04-03 17:48:17.879"}
{"category":"database","level":"info","message":"🗄️  MongoDB connected","service":"neural-shop-backend","timestamp":"2026-04-03 17:48:17.880"}
{"level":"info","message":"✅ Redis Connected","service":"neural-shop-backend","timestamp":"2026-04-03 17:48:17.898"}
{"level":"info","message":"🚀 Redis Ready","service":"neural-shop-backend","timestamp":"2026-04-03 17:48:17.945"}
{"level":"info","message":"🚀 Redis connected","service":"neural-shop-backend","timestamp":"2026-04-03 17:48:17.946"}
{"category":"database","host":"localhost:27017","level":"info","message":"🗄️  Connected successfully","service":"neural-shop-backend","timestamp":"2026-04-03 17:48:17.953"}
{"level":"info","message":"🚀 Kafka producer connected","service":"neural-shop-backend","timestamp":"2026-04-03 17:48:17.977"}
{"level":"info","message":"Database URL mongodb://admin:admin@localhost:27017/neural_shop?authSource=admin","service":"neural-shop-backend","timestamp":"2026-04-03 17:48:24.421"}
{"environment":"development","level":"info","message":"🚀 Server is running on port 8000","port":8000,"service":"neural-shop-backend","timestamp":"2026-04-03 17:48:24.563"}
{"category":"database","level":"info","message":"🗄️  MongoDB connected","service":"neural-shop-backend","timestamp":"2026-04-03 17:48:24.564"}
{"level":"info","message":"✅ Redis Connected","service":"neural-shop-backend","timestamp":"2026-04-03 17:48:24.586"}
{"level":"info","message":"🚀 Redis Ready","service":"neural-shop-backend","timestamp":"2026-04-03 17:48:24.619"}
{"level":"info","message":"🚀 Redis connected","service":"neural-shop-backend","timestamp":"2026-04-03 17:48:24.620"}
{"category":"database","host":"localhost:27017","level":"info","message":"🗄️  Connected successfully","service":"neural-shop-backend","timestamp":"2026-04-03 17:48:24.640"}
{"level":"info","message":"🚀 Kafka producer connected","service":"neural-shop-backend","timestamp":"2026-04-03 17:48:24.667"}
{"level":"info","message":"Database URL mongodb://admin:admin@localhost:27017/neural_shop?authSource=admin","service":"neural-shop-backend","timestamp":"2026-04-03 17:48:27.799"}
{"environment":"development","level":"info","message":"🚀 Server is running on port 8000","port":8000,"service":"neural-shop-backend","timestamp":"2026-04-03 17:48:27.941"}
{"category":"database","level":"info","message":"🗄️  MongoDB connected","service":"neural-shop-backend","timestamp":"2026-04-03 17:48:27.942"}
{"level":"info","message":"✅ Redis Connected","service":"neural-shop-backend","timestamp":"2026-04-03 17:48:27.961"}
{"level":"info","message":"🚀 Redis Ready","service":"neural-shop-backend","timestamp":"2026-04-03 17:48:28.005"}
{"level":"info","message":"🚀 Redis connected","service":"neural-shop-backend","timestamp":"2026-04-03 17:48:28.007"}
{"category":"database","host":"localhost:27017","level":"info","message":"🗄️  Connected successfully","service":"neural-shop-backend","timestamp":"2026-04-03 17:48:28.016"}
{"level":"info","message":"🚀 Kafka producer connected","service":"neural-shop-backend","timestamp":"2026-04-03 17:48:28.046"}
{"level":"info","message":"Database URL mongodb://admin:admin@localhost:27017/neural_shop?authSource=admin","service":"neural-shop-backend","timestamp":"2026-04-03 17:48:30.710"}
{"environment":"development","level":"info","message":"🚀 Server is running on port 8000","port":8000,"service":"neural-shop-backend","timestamp":"2026-04-03 17:48:30.829"}
{"category":"database","level":"info","message":"🗄️  MongoDB connected","service":"neural-shop-backend","timestamp":"2026-04-03 17:48:30.830"}
{"level":"info","message":"✅ Redis Connected","service":"neural-shop-backend","timestamp":"2026-04-03 17:48:30.849"}
{"level":"info","message":"🚀 Redis Ready","service":"neural-shop-backend","timestamp":"2026-04-03 17:48:30.882"}
{"level":"info","message":"🚀 Redis connected","service":"neural-shop-backend","timestamp":"2026-04-03 17:48:30.883"}
{"category":"database","host":"localhost:27017","level":"info","message":"🗄️  Connected successfully","service":"neural-shop-backend","timestamp":"2026-04-03 17:48:30.907"}
{"level":"info","message":"🚀 Kafka producer connected","service":"neural-shop-backend","timestamp":"2026-04-03 17:48:30.918"}
{"level":"info","message":"Database URL mongodb://admin:admin@localhost:27017/neural_shop?authSource=admin","service":"neural-shop-backend","timestamp":"2026-04-03 17:48:35.703"}
{"environment":"development","level":"info","message":"🚀 Server is running on port 8000","port":8000,"service":"neural-shop-backend","timestamp":"2026-04-03 17:48:35.830"}
{"category":"database","level":"info","message":"🗄️  MongoDB connected","service":"neural-shop-backend","timestamp":"2026-04-03 17:48:35.831"}
{"level":"info","message":"✅ Redis Connected","service":"neural-shop-backend","timestamp":"2026-04-03 17:48:35.854"}
{"category":"database","host":"localhost:27017","level":"info","message":"🗄️  Connected successfully","service":"neural-shop-backend","timestamp":"2026-04-03 17:48:35.908"}
{"level":"info","message":"🚀 Redis Ready","service":"neural-shop-backend","timestamp":"2026-04-03 17:48:35.919"}
{"level":"info","message":"🚀 Redis connected","service":"neural-shop-backend","timestamp":"2026-04-03 17:48:35.932"}
{"level":"info","message":"🚀 Kafka producer connected","service":"neural-shop-backend","timestamp":"2026-04-03 17:48:35.988"}
{"level":"info","message":"Database URL mongodb://admin:admin@localhost:27017/neural_shop?authSource=admin","service":"neural-shop-backend","timestamp":"2026-04-03 17:48:38.522"}
{"environment":"development","level":"info","message":"🚀 Server is running on port 8000","port":8000,"service":"neural-shop-backend","timestamp":"2026-04-03 17:48:38.648"}
{"category":"database","level":"info","message":"🗄️  MongoDB connected","service":"neural-shop-backend","timestamp":"2026-04-03 17:48:38.650"}
{"level":"info","message":"✅ Redis Connected","service":"neural-shop-backend","timestamp":"2026-04-03 17:48:38.674"}
{"level":"info","message":"🚀 Redis Ready","service":"neural-shop-backend","timestamp":"2026-04-03 17:48:38.705"}
{"level":"info","message":"🚀 Redis connected","service":"neural-shop-backend","timestamp":"2026-04-03 17:48:38.707"}
{"category":"database","host":"localhost:27017","level":"info","message":"🗄️  Connected successfully","service":"neural-shop-backend","timestamp":"2026-04-03 17:48:38.734"}
{"level":"info","message":"🚀 Kafka producer connected","service":"neural-shop-backend","timestamp":"2026-04-03 17:48:38.745"}
{"level":"info","message":"Database URL mongodb://admin:admin@localhost:27017/neural_shop?authSource=admin","service":"neural-shop-backend","timestamp":"2026-04-03 17:48:57.308"}
{"environment":"development","level":"info","message":"🚀 Server is running on port 8000","port":8000,"service":"neural-shop-backend","timestamp":"2026-04-03 17:48:57.424"}
{"category":"database","level":"info","message":"🗄️  MongoDB connected","service":"neural-shop-backend","timestamp":"2026-04-03 17:48:57.426"}
{"level":"info","message":"✅ Redis Connected","service":"neural-shop-backend","timestamp":"2026-04-03 17:48:57.450"}
{"level":"info","message":"🚀 Redis Ready","service":"neural-shop-backend","timestamp":"2026-04-03 17:48:57.494"}
{"level":"info","message":"🚀 Redis connected","service":"neural-shop-backend","timestamp":"2026-04-03 17:48:57.496"}
{"category":"database","host":"localhost:27017","level":"info","message":"🗄️  Connected successfully","service":"neural-shop-backend","timestamp":"2026-04-03 17:48:57.504"}
{"level":"info","message":"🚀 Kafka producer connected","service":"neural-shop-backend","timestamp":"2026-04-03 17:48:57.534"}
{"level":"info","message":"Database URL mongodb://admin:admin@localhost:27017/neural_shop?authSource=admin","service":"neural-shop-backend","timestamp":"2026-04-03 17:49:13.955"}
{"environment":"development","level":"info","message":"🚀 Server is running on port 8000","port":8000,"service":"neural-shop-backend","timestamp":"2026-04-03 17:49:14.074"}
{"category":"database","level":"info","message":"🗄️  MongoDB connected","service":"neural-shop-backend","timestamp":"2026-04-03 17:49:14.075"}
{"level":"info","message":"✅ Redis Connected","service":"neural-shop-backend","timestamp":"2026-04-03 17:49:14.098"}
{"level":"info","message":"🚀 Redis Ready","service":"neural-shop-backend","timestamp":"2026-04-03 17:49:14.130"}
{"level":"info","message":"🚀 Redis connected","service":"neural-shop-backend","timestamp":"2026-04-03 17:49:14.131"}
{"category":"database","host":"localhost:27017","level":"info","message":"🗄️  Connected successfully","service":"neural-shop-backend","timestamp":"2026-04-03 17:49:14.163"}
{"level":"info","message":"🚀 Kafka producer connected","service":"neural-shop-backend","timestamp":"2026-04-03 17:49:14.175"}
{"level":"info","message":"Database URL mongodb://admin:admin@localhost:27017/neural_shop?authSource=admin","service":"neural-shop-backend","timestamp":"2026-04-03 17:49:24.425"}
{"environment":"development","level":"info","message":"🚀 Server is running on port 8000","port":8000,"service":"neural-shop-backend","timestamp":"2026-04-03 17:49:24.539"}
{"category":"database","level":"info","message":"🗄️  MongoDB connected","service":"neural-shop-backend","timestamp":"2026-04-03 17:49:24.540"}
{"level":"info","message":"✅ Redis Connected","service":"neural-shop-backend","timestamp":"2026-04-03 17:49:24.556"}
{"level":"info","message":"🚀 Redis Ready","service":"neural-shop-backend","timestamp":"2026-04-03 17:49:24.585"}
{"level":"info","message":"🚀 Redis connected","service":"neural-shop-backend","timestamp":"2026-04-03 17:49:24.590"}
{"category":"database","host":"localhost:27017","level":"info","message":"🗄️  Connected successfully","service":"neural-shop-backend","timestamp":"2026-04-03 17:49:24.616"}
{"level":"info","message":"🚀 Kafka producer connected","service":"neural-shop-backend","timestamp":"2026-04-03 17:49:24.626"}
{"level":"info","message":"Database URL mongodb://admin:admin@localhost:27017/neural_shop?authSource=admin","service":"neural-shop-backend","timestamp":"2026-04-03 17:49:27.430"}
{"environment":"development","level":"info","message":"🚀 Server is running on port 8000","port":8000,"service":"neural-shop-backend","timestamp":"2026-04-03 17:49:27.556"}
{"category":"database","level":"info","message":"🗄️  MongoDB connected","service":"neural-shop-backend","timestamp":"2026-04-03 17:49:27.557"}
{"level":"info","message":"✅ Redis Connected","service":"neural-shop-backend","timestamp":"2026-04-03 17:49:27.577"}
{"level":"info","message":"🚀 Redis Ready","service":"neural-shop-backend","timestamp":"2026-04-03 17:49:27.614"}
{"level":"info","message":"🚀 Redis connected","service":"neural-shop-backend","timestamp":"2026-04-03 17:49:27.626"}
{"category":"database","host":"localhost:27017","level":"info","message":"🗄️  Connected successfully","service":"neural-shop-backend","timestamp":"2026-04-03 17:49:27.636"}
{"level":"info","message":"🚀 Kafka producer connected","service":"neural-shop-backend","timestamp":"2026-04-03 17:49:27.665"}
{"level":"info","message":"Database URL mongodb://admin:admin@localhost:27017/neural_shop?authSource=admin","service":"neural-shop-backend","timestamp":"2026-04-03 17:49:29.747"}
{"environment":"development","level":"info","message":"🚀 Server is running on port 8000","port":8000,"service":"neural-shop-backend","timestamp":"2026-04-03 17:49:29.872"}
{"category":"database","level":"info","message":"🗄️  MongoDB connected","service":"neural-shop-backend","timestamp":"2026-04-03 17:49:29.874"}
{"level":"info","message":"✅ Redis Connected","service":"neural-shop-backend","timestamp":"2026-04-03 17:49:29.899"}
{"level":"info","message":"🚀 Redis Ready","service":"neural-shop-backend","timestamp":"2026-04-03 17:49:29.942"}
{"level":"info","message":"🚀 Redis connected","service":"neural-shop-backend","timestamp":"2026-04-03 17:49:29.944"}
{"category":"database","host":"localhost:27017","level":"info","message":"🗄️  Connected successfully","service":"neural-shop-backend","timestamp":"2026-04-03 17:49:29.951"}
{"level":"info","message":"🚀 Kafka producer connected","service":"neural-shop-backend","timestamp":"2026-04-03 17:49:29.975"}
{"level":"info","message":"Database URL mongodb://admin:admin@localhost:27017/neural_shop?authSource=admin","service":"neural-shop-backend","timestamp":"2026-04-03 17:49:56.654"}
{"environment":"development","level":"info","message":"🚀 Server is running on port 8000","port":8000,"service":"neural-shop-backend","timestamp":"2026-04-03 17:49:56.773"}
{"category":"database","level":"info","message":"🗄️  MongoDB connected","service":"neural-shop-backend","timestamp":"2026-04-03 17:49:56.774"}
{"level":"info","message":"✅ Redis Connected","service":"neural-shop-backend","timestamp":"2026-04-03 17:49:56.790"}
{"level":"info","message":"🚀 Redis Ready","service":"neural-shop-backend","timestamp":"2026-04-03 17:49:56.816"}
{"level":"info","message":"🚀 Redis connected","service":"neural-shop-backend","timestamp":"2026-04-03 17:49:56.818"}
{"category":"database","host":"localhost:27017","level":"info","message":"🗄️  Connected successfully","service":"neural-shop-backend","timestamp":"2026-04-03 17:49:56.846"}
{"level":"info","message":"🚀 Kafka producer connected","service":"neural-shop-backend","timestamp":"2026-04-03 17:49:56.856"}
{"level":"info","message":"Database URL mongodb://admin:admin@localhost:27017/neural_shop?authSource=admin","service":"neural-shop-backend","timestamp":"2026-04-03 17:50:00.012"}
{"environment":"development","level":"info","message":"🚀 Server is running on port 8000","port":8000,"service":"neural-shop-backend","timestamp":"2026-04-03 17:50:00.145"}
{"category":"database","level":"info","message":"🗄️  MongoDB connected","service":"neural-shop-backend","timestamp":"2026-04-03 17:50:00.147"}
{"level":"info","message":"✅ Redis Connected","service":"neural-shop-backend","timestamp":"2026-04-03 17:50:00.167"}
{"level":"info","message":"🚀 Redis Ready","service":"neural-shop-backend","timestamp":"2026-04-03 17:50:00.199"}
{"level":"info","message":"🚀 Redis connected","service":"neural-shop-backend","timestamp":"2026-04-03 17:50:00.201"}
{"category":"database","host":"localhost:27017","level":"info","message":"🗄️  Connected successfully","service":"neural-shop-backend","timestamp":"2026-04-03 17:50:00.229"}
{"level":"info","message":"🚀 Kafka producer connected","service":"neural-shop-backend","timestamp":"2026-04-03 17:50:00.241"}
{"level":"info","message":"Database URL mongodb://admin:admin@localhost:27017/neural_shop?authSource=admin","service":"neural-shop-backend","timestamp":"2026-04-03 17:50:08.823"}
{"environment":"development","level":"info","message":"🚀 Server is running on port 8000","port":8000,"service":"neural-shop-backend","timestamp":"2026-04-03 17:50:08.960"}
{"category":"database","level":"info","message":"🗄️  MongoDB connected","service":"neural-shop-backend","timestamp":"2026-04-03 17:50:08.962"}
{"level":"info","message":"✅ Redis Connected","service":"neural-shop-backend","timestamp":"2026-04-03 17:50:08.987"}
{"level":"info","message":"🚀 Redis Ready","service":"neural-shop-backend","timestamp":"2026-04-03 17:50:09.021"}
{"level":"info","message":"🚀 Redis connected","service":"neural-shop-backend","timestamp":"2026-04-03 17:50:09.023"}
{"category":"database","host":"localhost:27017","level":"info","message":"🗄️  Connected successfully","service":"neural-shop-backend","timestamp":"2026-04-03 17:50:09.048"}
{"level":"info","message":"🚀 Kafka producer connected","service":"neural-shop-backend","timestamp":"2026-04-03 17:50:09.058"}
{"level":"info","message":"Database URL mongodb://admin:admin@localhost:27017/neural_shop?authSource=admin","service":"neural-shop-backend","timestamp":"2026-04-03 17:50:18.693"}
{"environment":"development","level":"info","message":"🚀 Server is running on port 8000","port":8000,"service":"neural-shop-backend","timestamp":"2026-04-03 17:50:18.807"}
{"category":"database","level":"info","message":"🗄️  MongoDB connected","service":"neural-shop-backend","timestamp":"2026-04-03 17:50:18.808"}
{"level":"info","message":"✅ Redis Connected","service":"neural-shop-backend","timestamp":"2026-04-03 17:50:18.828"}
{"level":"info","message":"🚀 Redis Ready","service":"neural-shop-backend","timestamp":"2026-04-03 17:50:18.864"}
{"level":"info","message":"🚀 Redis connected","service":"neural-shop-backend","timestamp":"2026-04-03 17:50:18.866"}
{"category":"database","host":"localhost:27017","level":"info","message":"🗄️  Connected successfully","service":"neural-shop-backend","timestamp":"2026-04-03 17:50:18.898"}
{"level":"info","message":"🚀 Kafka producer connected","service":"neural-shop-backend","timestamp":"2026-04-03 17:50:18.907"}
{"level":"warn","message":"Route not found","method":"POST","path":"/api/auth/get-current-user","service":"neural-shop-backend","timestamp":"2026-04-03 17:50:37.588"}
{"category":"http","ip":"::1","level":"info","message":"→ POST /api/auth/get-current-user [404]","service":"neural-shop-backend","timestamp":"2026-04-03 17:50:37.591","userAgent":"PostmanRuntime/7.53.0"}
{"level":"info","message":"🚀 Kafka consumers started","service":"neural-shop-backend","timestamp":"2026-04-03 17:50:51.881"}
{"level":"warn","message":"Route not found","method":"POST","path":"/api/auth/get-current-user","service":"neural-shop-backend","timestamp":"2026-04-03 17:50:54.317"}
{"category":"http","ip":"::1","level":"info","message":"→ POST /api/auth/get-current-user [404]","service":"neural-shop-backend","timestamp":"2026-04-03 17:50:54.319","userAgent":"PostmanRuntime/7.53.0"}
{"level":"info","message":"Database URL mongodb://admin:admin@localhost:27017/neural_shop?authSource=admin","service":"neural-shop-backend","timestamp":"2026-04-03 17:51:42.648"}
{"environment":"development","level":"info","message":"🚀 Server is running on port 8000","port":8000,"service":"neural-shop-backend","timestamp":"2026-04-03 17:51:42.764"}
{"category":"database","level":"info","message":"🗄️  MongoDB connected","service":"neural-shop-backend","timestamp":"2026-04-03 17:51:42.765"}
{"level":"info","message":"✅ Redis Connected","service":"neural-shop-backend","timestamp":"2026-04-03 17:51:42.790"}
{"level":"info","message":"🚀 Redis Ready","service":"neural-shop-backend","timestamp":"2026-04-03 17:51:42.829"}
{"level":"info","message":"🚀 Redis connected","service":"neural-shop-backend","timestamp":"2026-04-03 17:51:42.831"}
{"category":"database","host":"localhost:27017","level":"info","message":"🗄️  Connected successfully","service":"neural-shop-backend","timestamp":"2026-04-03 17:51:42.859"}
{"level":"info","message":"🚀 Kafka producer connected","service":"neural-shop-backend","timestamp":"2026-04-03 17:51:42.899"}
{"level":"info","message":"🚀 Kafka consumers started","service":"neural-shop-backend","timestamp":"2026-04-03 17:51:45.725"}
{"level":"warn","message":"Route not found","method":"POST","path":"/api/auth/get-current-user","service":"neural-shop-backend","timestamp":"2026-04-03 17:51:48.878"}
{"category":"http","ip":"::1","level":"info","message":"→ POST /api/auth/get-current-user [404]","service":"neural-shop-backend","timestamp":"2026-04-03 17:51:48.882","userAgent":"PostmanRuntime/7.53.0"}
{"category":"http","ip":"::1","level":"info","message":"→ POST /login [200]","service":"neural-shop-backend","timestamp":"2026-04-03 17:52:17.027","userAgent":"PostmanRuntime/7.53.0"}
{"category":"http","ip":"::1","level":"info","message":"→ GET /get-current-user [200]","service":"neural-shop-backend","timestamp":"2026-04-03 17:52:38.031","userAgent":"PostmanRuntime/7.53.0"}
{"category":"http","ip":"::1","level":"info","message":"→ GET /get-current-admin [403]","service":"neural-shop-backend","timestamp":"2026-04-03 17:53:33.615","userAgent":"PostmanRuntime/7.53.0"}
{"level":"info","message":"Database URL mongodb://admin:admin@localhost:27017/neural_shop?authSource=admin","service":"neural-shop-backend","timestamp":"2026-04-03 17:54:02.123"}
{"environment":"development","level":"info","message":"🚀 Server is running on port 8000","port":8000,"service":"neural-shop-backend","timestamp":"2026-04-03 17:54:02.258"}
{"category":"database","level":"info","message":"🗄️  MongoDB connected","service":"neural-shop-backend","timestamp":"2026-04-03 17:54:02.259"}
{"level":"info","message":"✅ Redis Connected","service":"neural-shop-backend","timestamp":"2026-04-03 17:54:02.279"}
{"level":"info","message":"🚀 Redis Ready","service":"neural-shop-backend","timestamp":"2026-04-03 17:54:02.312"}
{"level":"info","message":"🚀 Redis connected","service":"neural-shop-backend","timestamp":"2026-04-03 17:54:02.314"}
{"category":"database","host":"localhost:27017","level":"info","message":"🗄️  Connected successfully","service":"neural-shop-backend","timestamp":"2026-04-03 17:54:02.343"}
{"level":"info","message":"🚀 Kafka producer connected","service":"neural-shop-backend","timestamp":"2026-04-03 17:54:02.352"}
{"level":"info","message":"🚀 Kafka consumers started","service":"neural-shop-backend","timestamp":"2026-04-03 17:54:26.246"}
{"category":"http","ip":"::1","level":"info","message":"→ POST /adminlogin [200]","service":"neural-shop-backend","timestamp":"2026-04-03 17:55:15.651","userAgent":"PostmanRuntime/7.53.0"}
{"level":"warn","message":"Route not found","method":"POST","path":"/api/auth/get-current-admin","service":"neural-shop-backend","timestamp":"2026-04-03 17:56:19.903"}
{"category":"http","ip":"::1","level":"info","message":"→ POST /api/auth/get-current-admin [404]","service":"neural-shop-backend","timestamp":"2026-04-03 17:56:19.905","userAgent":"PostmanRuntime/7.53.0"}
{"category":"http","ip":"::1","level":"info","message":"→ GET /get-current-admin [200]","service":"neural-shop-backend","timestamp":"2026-04-03 17:56:23.446","userAgent":"PostmanRuntime/7.53.0"}
{"level":"info","message":"Database URL mongodb://admin:admin@localhost:27017/neural_shop?authSource=admin","service":"neural-shop-backend","timestamp":"2026-04-03 17:56:39.936"}
{"environment":"development","level":"info","message":"🚀 Server is running on port 8000","port":8000,"service":"neural-shop-backend","timestamp":"2026-04-03 17:56:40.120"}
{"category":"database","level":"info","message":"🗄️  MongoDB connected","service":"neural-shop-backend","timestamp":"2026-04-03 17:56:40.122"}
{"level":"info","message":"✅ Redis Connected","service":"neural-shop-backend","timestamp":"2026-04-03 17:56:40.149"}
{"level":"info","message":"🚀 Redis Ready","service":"neural-shop-backend","timestamp":"2026-04-03 17:56:40.194"}
{"level":"info","message":"🚀 Redis connected","service":"neural-shop-backend","timestamp":"2026-04-03 17:56:40.195"}
{"category":"database","host":"localhost:27017","level":"info","message":"🗄️  Connected successfully","service":"neural-shop-backend","timestamp":"2026-04-03 17:56:40.224"}
{"level":"info","message":"🚀 Kafka producer connected","service":"neural-shop-backend","timestamp":"2026-04-03 17:56:40.234"}
{"level":"info","message":"🚀 Kafka consumers started","service":"neural-shop-backend","timestamp":"2026-04-03 17:57:02.701"}
=======
{"level":"info","message":"Database URL null","service":"neural-shop-backend","timestamp":"2026-03-24 02:03:06.686"}
{"level":"error","message":"Failed to connect to MongoDB: The `uri` parameter to `openUri()` must be a string, got \"object\". Make sure the first parameter to `mongoose.connect()` or `mongoose.createConnection()` is a string.","service":"neural-shop-backend","stack":"MongooseError: The `uri` parameter to `openUri()` must be a string, got \"object\". Make sure the first parameter to `mongoose.connect()` or `mongoose.createConnection()` is a string.\n    at NativeConnection.createClient (C:\\Users\\kusha\\OneDrive\\Desktop\\WebDevelopment\\PROJECTs\\NeuralShop\\backend\\node_modules\\mongoose\\lib\\drivers\\node-mongodb-native\\connection.js:237:11)\n    at NativeConnection.openUri (C:\\Users\\kusha\\OneDrive\\Desktop\\WebDevelopment\\PROJECTs\\NeuralShop\\backend\\node_modules\\mongoose\\lib\\connection.js:1075:34)\n    at Mongoose.connect (C:\\Users\\kusha\\OneDrive\\Desktop\\WebDevelopment\\PROJECTs\\NeuralShop\\backend\\node_modules\\mongoose\\lib\\mongoose.js:450:15)\n    at connectDB (file:///C:/Users/kusha/OneDrive/Desktop/WebDevelopment/PROJECTs/NeuralShop/backend/src/config/db.js:8:20)\n    at file:///C:/Users/kusha/OneDrive/Desktop/WebDevelopment/PROJECTs/NeuralShop/backend/src/app.js:45:1\n    at ModuleJob.run (node:internal/modules/esm/module_job:430:25)\n    at process.processTicksAndRejections (node:internal/process/task_queues:103:5)\n    at async onImport.tracePromise.__proto__ (node:internal/modules/esm/loader:661:26)\n    at async asyncRunEntryPointWithESMLoader (node:internal/modules/run_main:101:5)","timestamp":"2026-03-24 02:03:06.699","url":"missing"}
{"environment":"development","level":"info","message":"🚀 Server is running on port 6000","port":6000,"service":"neural-shop-backend","timestamp":"2026-03-24 02:03:06.707"}
{"level":"info","message":"🗄️  MongoDB not configured","service":"neural-shop-backend","timestamp":"2026-03-24 02:03:06.723"}
{"level":"info","message":"Database URL null","service":"neural-shop-backend","timestamp":"2026-03-24 02:03:06.683"}
{"level":"error","message":"Failed to connect to MongoDB: The `uri` parameter to `openUri()` must be a string, got \"object\". Make sure the first parameter to `mongoose.connect()` or `mongoose.createConnection()` is a string.","service":"neural-shop-backend","stack":"MongooseError: The `uri` parameter to `openUri()` must be a string, got \"object\". Make sure the first parameter to `mongoose.connect()` or `mongoose.createConnection()` is a string.\n    at NativeConnection.createClient (C:\\Users\\kusha\\OneDrive\\Desktop\\WebDevelopment\\PROJECTs\\NeuralShop\\backend\\node_modules\\mongoose\\lib\\drivers\\node-mongodb-native\\connection.js:237:11)\n    at NativeConnection.openUri (C:\\Users\\kusha\\OneDrive\\Desktop\\WebDevelopment\\PROJECTs\\NeuralShop\\backend\\node_modules\\mongoose\\lib\\connection.js:1075:34)\n    at Mongoose.connect (C:\\Users\\kusha\\OneDrive\\Desktop\\WebDevelopment\\PROJECTs\\NeuralShop\\backend\\node_modules\\mongoose\\lib\\mongoose.js:450:15)\n    at connectDB (file:///C:/Users/kusha/OneDrive/Desktop/WebDevelopment/PROJECTs/NeuralShop/backend/src/config/db.js:8:20)\n    at file:///C:/Users/kusha/OneDrive/Desktop/WebDevelopment/PROJECTs/NeuralShop/backend/src/app.js:45:1\n    at ModuleJob.run (node:internal/modules/esm/module_job:430:25)\n    at process.processTicksAndRejections (node:internal/process/task_queues:103:5)\n    at async onImport.tracePromise.__proto__ (node:internal/modules/esm/loader:661:26)\n    at async asyncRunEntryPointWithESMLoader (node:internal/modules/run_main:101:5)","timestamp":"2026-03-24 02:03:06.696","url":"missing"}
{"environment":"development","level":"info","message":"🚀 Server is running on port 6000","port":6000,"service":"neural-shop-backend","timestamp":"2026-03-24 02:03:06.704"}
{"level":"info","message":"🗄️  MongoDB not configured","service":"neural-shop-backend","timestamp":"2026-03-24 02:03:06.706"}
{"level":"info","message":"Database URL null","service":"neural-shop-backend","timestamp":"2026-03-24 02:03:07.066"}
{"level":"error","message":"Failed to connect to MongoDB: The `uri` parameter to `openUri()` must be a string, got \"object\". Make sure the first parameter to `mongoose.connect()` or `mongoose.createConnection()` is a string.","service":"neural-shop-backend","stack":"MongooseError: The `uri` parameter to `openUri()` must be a string, got \"object\". Make sure the first parameter to `mongoose.connect()` or `mongoose.createConnection()` is a string.\n    at NativeConnection.createClient (C:\\Users\\kusha\\OneDrive\\Desktop\\WebDevelopment\\PROJECTs\\NeuralShop\\backend\\node_modules\\mongoose\\lib\\drivers\\node-mongodb-native\\connection.js:237:11)\n    at NativeConnection.openUri (C:\\Users\\kusha\\OneDrive\\Desktop\\WebDevelopment\\PROJECTs\\NeuralShop\\backend\\node_modules\\mongoose\\lib\\connection.js:1075:34)\n    at Mongoose.connect (C:\\Users\\kusha\\OneDrive\\Desktop\\WebDevelopment\\PROJECTs\\NeuralShop\\backend\\node_modules\\mongoose\\lib\\mongoose.js:450:15)\n    at connectDB (file:///C:/Users/kusha/OneDrive/Desktop/WebDevelopment/PROJECTs/NeuralShop/backend/src/config/db.js:8:20)\n    at file:///C:/Users/kusha/OneDrive/Desktop/WebDevelopment/PROJECTs/NeuralShop/backend/src/app.js:45:1\n    at ModuleJob.run (node:internal/modules/esm/module_job:430:25)\n    at process.processTicksAndRejections (node:internal/process/task_queues:103:5)\n    at async onImport.tracePromise.__proto__ (node:internal/modules/esm/loader:661:26)\n    at async asyncRunEntryPointWithESMLoader (node:internal/modules/run_main:101:5)","timestamp":"2026-03-24 02:03:07.079","url":"missing"}
{"environment":"development","level":"info","message":"🚀 Server is running on port 6000","port":6000,"service":"neural-shop-backend","timestamp":"2026-03-24 02:03:07.084"}
{"level":"info","message":"🗄️  MongoDB not configured","service":"neural-shop-backend","timestamp":"2026-03-24 02:03:07.086"}
{"level":"info","message":"Database URL null","service":"neural-shop-backend","timestamp":"2026-03-24 02:03:18.031"}
{"level":"error","message":"Failed to connect to MongoDB: The `uri` parameter to `openUri()` must be a string, got \"object\". Make sure the first parameter to `mongoose.connect()` or `mongoose.createConnection()` is a string.","service":"neural-shop-backend","stack":"MongooseError: The `uri` parameter to `openUri()` must be a string, got \"object\". Make sure the first parameter to `mongoose.connect()` or `mongoose.createConnection()` is a string.\n    at NativeConnection.createClient (C:\\Users\\kusha\\OneDrive\\Desktop\\WebDevelopment\\PROJECTs\\NeuralShop\\backend\\node_modules\\mongoose\\lib\\drivers\\node-mongodb-native\\connection.js:237:11)\n    at NativeConnection.openUri (C:\\Users\\kusha\\OneDrive\\Desktop\\WebDevelopment\\PROJECTs\\NeuralShop\\backend\\node_modules\\mongoose\\lib\\connection.js:1075:34)\n    at Mongoose.connect (C:\\Users\\kusha\\OneDrive\\Desktop\\WebDevelopment\\PROJECTs\\NeuralShop\\backend\\node_modules\\mongoose\\lib\\mongoose.js:450:15)\n    at connectDB (file:///C:/Users/kusha/OneDrive/Desktop/WebDevelopment/PROJECTs/NeuralShop/backend/src/config/db.js:8:20)\n    at file:///C:/Users/kusha/OneDrive/Desktop/WebDevelopment/PROJECTs/NeuralShop/backend/src/app.js:45:1\n    at ModuleJob.run (node:internal/modules/esm/module_job:430:25)\n    at process.processTicksAndRejections (node:internal/process/task_queues:103:5)\n    at async onImport.tracePromise.__proto__ (node:internal/modules/esm/loader:661:26)\n    at async asyncRunEntryPointWithESMLoader (node:internal/modules/run_main:101:5)","timestamp":"2026-03-24 02:03:18.047","url":"missing"}
{"environment":"development","level":"info","message":"🚀 Server is running on port 6000","port":6000,"service":"neural-shop-backend","timestamp":"2026-03-24 02:03:18.054"}
{"category":"database","level":"info","message":"🗄️  MongoDB not configured","service":"neural-shop-backend","timestamp":"2026-03-24 02:03:18.056"}
{"level":"info","message":"Database URL null","service":"neural-shop-backend","timestamp":"2026-03-24 02:03:18.052"}
{"level":"error","message":"Failed to connect to MongoDB: The `uri` parameter to `openUri()` must be a string, got \"object\". Make sure the first parameter to `mongoose.connect()` or `mongoose.createConnection()` is a string.","service":"neural-shop-backend","stack":"MongooseError: The `uri` parameter to `openUri()` must be a string, got \"object\". Make sure the first parameter to `mongoose.connect()` or `mongoose.createConnection()` is a string.\n    at NativeConnection.createClient (C:\\Users\\kusha\\OneDrive\\Desktop\\WebDevelopment\\PROJECTs\\NeuralShop\\backend\\node_modules\\mongoose\\lib\\drivers\\node-mongodb-native\\connection.js:237:11)\n    at NativeConnection.openUri (C:\\Users\\kusha\\OneDrive\\Desktop\\WebDevelopment\\PROJECTs\\NeuralShop\\backend\\node_modules\\mongoose\\lib\\connection.js:1075:34)\n    at Mongoose.connect (C:\\Users\\kusha\\OneDrive\\Desktop\\WebDevelopment\\PROJECTs\\NeuralShop\\backend\\node_modules\\mongoose\\lib\\mongoose.js:450:15)\n    at connectDB (file:///C:/Users/kusha/OneDrive/Desktop/WebDevelopment/PROJECTs/NeuralShop/backend/src/config/db.js:8:20)\n    at file:///C:/Users/kusha/OneDrive/Desktop/WebDevelopment/PROJECTs/NeuralShop/backend/src/app.js:45:1\n    at ModuleJob.run (node:internal/modules/esm/module_job:430:25)\n    at process.processTicksAndRejections (node:internal/process/task_queues:103:5)\n    at async onImport.tracePromise.__proto__ (node:internal/modules/esm/loader:661:26)\n    at async asyncRunEntryPointWithESMLoader (node:internal/modules/run_main:101:5)","timestamp":"2026-03-24 02:03:18.068","url":"missing"}
{"environment":"development","level":"info","message":"🚀 Server is running on port 6000","port":6000,"service":"neural-shop-backend","timestamp":"2026-03-24 02:03:18.076"}
{"category":"database","level":"info","message":"🗄️  MongoDB not configured","service":"neural-shop-backend","timestamp":"2026-03-24 02:03:18.080"}
{"level":"info","message":"Database URL null","service":"neural-shop-backend","timestamp":"2026-03-24 02:03:18.299"}
{"level":"error","message":"Failed to connect to MongoDB: The `uri` parameter to `openUri()` must be a string, got \"object\". Make sure the first parameter to `mongoose.connect()` or `mongoose.createConnection()` is a string.","service":"neural-shop-backend","stack":"MongooseError: The `uri` parameter to `openUri()` must be a string, got \"object\". Make sure the first parameter to `mongoose.connect()` or `mongoose.createConnection()` is a string.\n    at NativeConnection.createClient (C:\\Users\\kusha\\OneDrive\\Desktop\\WebDevelopment\\PROJECTs\\NeuralShop\\backend\\node_modules\\mongoose\\lib\\drivers\\node-mongodb-native\\connection.js:237:11)\n    at NativeConnection.openUri (C:\\Users\\kusha\\OneDrive\\Desktop\\WebDevelopment\\PROJECTs\\NeuralShop\\backend\\node_modules\\mongoose\\lib\\connection.js:1075:34)\n    at Mongoose.connect (C:\\Users\\kusha\\OneDrive\\Desktop\\WebDevelopment\\PROJECTs\\NeuralShop\\backend\\node_modules\\mongoose\\lib\\mongoose.js:450:15)\n    at connectDB (file:///C:/Users/kusha/OneDrive/Desktop/WebDevelopment/PROJECTs/NeuralShop/backend/src/config/db.js:8:20)\n    at file:///C:/Users/kusha/OneDrive/Desktop/WebDevelopment/PROJECTs/NeuralShop/backend/src/app.js:45:1\n    at ModuleJob.run (node:internal/modules/esm/module_job:430:25)\n    at process.processTicksAndRejections (node:internal/process/task_queues:103:5)\n    at async onImport.tracePromise.__proto__ (node:internal/modules/esm/loader:661:26)\n    at async asyncRunEntryPointWithESMLoader (node:internal/modules/run_main:101:5)","timestamp":"2026-03-24 02:03:18.315","url":"missing"}
{"environment":"development","level":"info","message":"🚀 Server is running on port 6000","port":6000,"service":"neural-shop-backend","timestamp":"2026-03-24 02:03:18.320"}
{"category":"database","level":"info","message":"🗄️  MongoDB not configured","service":"neural-shop-backend","timestamp":"2026-03-24 02:03:18.321"}
{"level":"info","message":"Database URL null","service":"neural-shop-backend","timestamp":"2026-03-24 02:03:23.921"}
{"level":"error","message":"Failed to connect to MongoDB: The `uri` parameter to `openUri()` must be a string, got \"object\". Make sure the first parameter to `mongoose.connect()` or `mongoose.createConnection()` is a string.","service":"neural-shop-backend","stack":"MongooseError: The `uri` parameter to `openUri()` must be a string, got \"object\". Make sure the first parameter to `mongoose.connect()` or `mongoose.createConnection()` is a string.\n    at NativeConnection.createClient (C:\\Users\\kusha\\OneDrive\\Desktop\\WebDevelopment\\PROJECTs\\NeuralShop\\backend\\node_modules\\mongoose\\lib\\drivers\\node-mongodb-native\\connection.js:237:11)\n    at NativeConnection.openUri (C:\\Users\\kusha\\OneDrive\\Desktop\\WebDevelopment\\PROJECTs\\NeuralShop\\backend\\node_modules\\mongoose\\lib\\connection.js:1075:34)\n    at Mongoose.connect (C:\\Users\\kusha\\OneDrive\\Desktop\\WebDevelopment\\PROJECTs\\NeuralShop\\backend\\node_modules\\mongoose\\lib\\mongoose.js:450:15)\n    at connectDB (file:///C:/Users/kusha/OneDrive/Desktop/WebDevelopment/PROJECTs/NeuralShop/backend/src/config/db.js:8:20)\n    at file:///C:/Users/kusha/OneDrive/Desktop/WebDevelopment/PROJECTs/NeuralShop/backend/src/app.js:45:1\n    at ModuleJob.run (node:internal/modules/esm/module_job:430:25)\n    at process.processTicksAndRejections (node:internal/process/task_queues:103:5)\n    at async onImport.tracePromise.__proto__ (node:internal/modules/esm/loader:661:26)\n    at async asyncRunEntryPointWithESMLoader (node:internal/modules/run_main:101:5)","timestamp":"2026-03-24 02:03:23.941","url":"missing"}
{"environment":"development","level":"info","message":"🚀 Server is running on port 6000","port":6000,"service":"neural-shop-backend","timestamp":"2026-03-24 02:03:23.950"}
{"category":"database","level":"info","message":"🗄️  MongoDB not configured","service":"neural-shop-backend","timestamp":"2026-03-24 02:03:23.957"}
{"level":"info","message":"Database URL null","service":"neural-shop-backend","timestamp":"2026-03-24 02:03:23.956"}
{"level":"error","message":"Failed to connect to MongoDB: The `uri` parameter to `openUri()` must be a string, got \"object\". Make sure the first parameter to `mongoose.connect()` or `mongoose.createConnection()` is a string.","service":"neural-shop-backend","stack":"MongooseError: The `uri` parameter to `openUri()` must be a string, got \"object\". Make sure the first parameter to `mongoose.connect()` or `mongoose.createConnection()` is a string.\n    at NativeConnection.createClient (C:\\Users\\kusha\\OneDrive\\Desktop\\WebDevelopment\\PROJECTs\\NeuralShop\\backend\\node_modules\\mongoose\\lib\\drivers\\node-mongodb-native\\connection.js:237:11)\n    at NativeConnection.openUri (C:\\Users\\kusha\\OneDrive\\Desktop\\WebDevelopment\\PROJECTs\\NeuralShop\\backend\\node_modules\\mongoose\\lib\\connection.js:1075:34)\n    at Mongoose.connect (C:\\Users\\kusha\\OneDrive\\Desktop\\WebDevelopment\\PROJECTs\\NeuralShop\\backend\\node_modules\\mongoose\\lib\\mongoose.js:450:15)\n    at connectDB (file:///C:/Users/kusha/OneDrive/Desktop/WebDevelopment/PROJECTs/NeuralShop/backend/src/config/db.js:8:20)\n    at file:///C:/Users/kusha/OneDrive/Desktop/WebDevelopment/PROJECTs/NeuralShop/backend/src/app.js:45:1\n    at ModuleJob.run (node:internal/modules/esm/module_job:430:25)\n    at process.processTicksAndRejections (node:internal/process/task_queues:103:5)\n    at async onImport.tracePromise.__proto__ (node:internal/modules/esm/loader:661:26)\n    at async asyncRunEntryPointWithESMLoader (node:internal/modules/run_main:101:5)","timestamp":"2026-03-24 02:03:23.983","url":"missing"}
{"environment":"development","level":"info","message":"🚀 Server is running on port 6000","port":6000,"service":"neural-shop-backend","timestamp":"2026-03-24 02:03:23.993"}
{"category":"database","level":"info","message":"🗄️  MongoDB not configured","service":"neural-shop-backend","timestamp":"2026-03-24 02:03:23.996"}
{"level":"info","message":"Database URL null","service":"neural-shop-backend","timestamp":"2026-03-24 02:03:24.274"}
{"level":"error","message":"Failed to connect to MongoDB: The `uri` parameter to `openUri()` must be a string, got \"object\". Make sure the first parameter to `mongoose.connect()` or `mongoose.createConnection()` is a string.","service":"neural-shop-backend","stack":"MongooseError: The `uri` parameter to `openUri()` must be a string, got \"object\". Make sure the first parameter to `mongoose.connect()` or `mongoose.createConnection()` is a string.\n    at NativeConnection.createClient (C:\\Users\\kusha\\OneDrive\\Desktop\\WebDevelopment\\PROJECTs\\NeuralShop\\backend\\node_modules\\mongoose\\lib\\drivers\\node-mongodb-native\\connection.js:237:11)\n    at NativeConnection.openUri (C:\\Users\\kusha\\OneDrive\\Desktop\\WebDevelopment\\PROJECTs\\NeuralShop\\backend\\node_modules\\mongoose\\lib\\connection.js:1075:34)\n    at Mongoose.connect (C:\\Users\\kusha\\OneDrive\\Desktop\\WebDevelopment\\PROJECTs\\NeuralShop\\backend\\node_modules\\mongoose\\lib\\mongoose.js:450:15)\n    at connectDB (file:///C:/Users/kusha/OneDrive/Desktop/WebDevelopment/PROJECTs/NeuralShop/backend/src/config/db.js:8:20)\n    at file:///C:/Users/kusha/OneDrive/Desktop/WebDevelopment/PROJECTs/NeuralShop/backend/src/app.js:45:1\n    at ModuleJob.run (node:internal/modules/esm/module_job:430:25)\n    at process.processTicksAndRejections (node:internal/process/task_queues:103:5)\n    at async onImport.tracePromise.__proto__ (node:internal/modules/esm/loader:661:26)\n    at async asyncRunEntryPointWithESMLoader (node:internal/modules/run_main:101:5)","timestamp":"2026-03-24 02:03:24.285","url":"missing"}
{"environment":"development","level":"info","message":"🚀 Server is running on port 6000","port":6000,"service":"neural-shop-backend","timestamp":"2026-03-24 02:03:24.289"}
{"category":"database","level":"info","message":"🗄️  MongoDB not configured","service":"neural-shop-backend","timestamp":"2026-03-24 02:03:24.292"}
{"level":"info","message":"Database URL null","service":"neural-shop-backend","timestamp":"2026-03-24 02:04:23.423"}
{"level":"error","message":"Failed to connect to MongoDB: The `uri` parameter to `openUri()` must be a string, got \"object\". Make sure the first parameter to `mongoose.connect()` or `mongoose.createConnection()` is a string.","service":"neural-shop-backend","stack":"MongooseError: The `uri` parameter to `openUri()` must be a string, got \"object\". Make sure the first parameter to `mongoose.connect()` or `mongoose.createConnection()` is a string.\n    at NativeConnection.createClient (C:\\Users\\kusha\\OneDrive\\Desktop\\WebDevelopment\\PROJECTs\\NeuralShop\\backend\\node_modules\\mongoose\\lib\\drivers\\node-mongodb-native\\connection.js:237:11)\n    at NativeConnection.openUri (C:\\Users\\kusha\\OneDrive\\Desktop\\WebDevelopment\\PROJECTs\\NeuralShop\\backend\\node_modules\\mongoose\\lib\\connection.js:1075:34)\n    at Mongoose.connect (C:\\Users\\kusha\\OneDrive\\Desktop\\WebDevelopment\\PROJECTs\\NeuralShop\\backend\\node_modules\\mongoose\\lib\\mongoose.js:450:15)\n    at connectDB (file:///C:/Users/kusha/OneDrive/Desktop/WebDevelopment/PROJECTs/NeuralShop/backend/src/config/db.js:8:20)\n    at file:///C:/Users/kusha/OneDrive/Desktop/WebDevelopment/PROJECTs/NeuralShop/backend/src/app.js:45:1\n    at ModuleJob.run (node:internal/modules/esm/module_job:430:25)\n    at process.processTicksAndRejections (node:internal/process/task_queues:103:5)\n    at async onImport.tracePromise.__proto__ (node:internal/modules/esm/loader:661:26)\n    at async asyncRunEntryPointWithESMLoader (node:internal/modules/run_main:101:5)","timestamp":"2026-03-24 02:04:23.434","url":"missing"}
{"environment":"development","level":"info","message":"🚀 Server is running on port 6000","port":6000,"service":"neural-shop-backend","timestamp":"2026-03-24 02:04:23.440"}
{"category":"database","level":"info","message":"🗄️  MongoDB not configured","service":"neural-shop-backend","timestamp":"2026-03-24 02:04:23.441"}
{"level":"info","message":"Database URL null","service":"neural-shop-backend","timestamp":"2026-03-24 02:04:23.509"}
{"level":"error","message":"Failed to connect to MongoDB: The `uri` parameter to `openUri()` must be a string, got \"object\". Make sure the first parameter to `mongoose.connect()` or `mongoose.createConnection()` is a string.","service":"neural-shop-backend","stack":"MongooseError: The `uri` parameter to `openUri()` must be a string, got \"object\". Make sure the first parameter to `mongoose.connect()` or `mongoose.createConnection()` is a string.\n    at NativeConnection.createClient (C:\\Users\\kusha\\OneDrive\\Desktop\\WebDevelopment\\PROJECTs\\NeuralShop\\backend\\node_modules\\mongoose\\lib\\drivers\\node-mongodb-native\\connection.js:237:11)\n    at NativeConnection.openUri (C:\\Users\\kusha\\OneDrive\\Desktop\\WebDevelopment\\PROJECTs\\NeuralShop\\backend\\node_modules\\mongoose\\lib\\connection.js:1075:34)\n    at Mongoose.connect (C:\\Users\\kusha\\OneDrive\\Desktop\\WebDevelopment\\PROJECTs\\NeuralShop\\backend\\node_modules\\mongoose\\lib\\mongoose.js:450:15)\n    at connectDB (file:///C:/Users/kusha/OneDrive/Desktop/WebDevelopment/PROJECTs/NeuralShop/backend/src/config/db.js:8:20)\n    at file:///C:/Users/kusha/OneDrive/Desktop/WebDevelopment/PROJECTs/NeuralShop/backend/src/app.js:45:1\n    at ModuleJob.run (node:internal/modules/esm/module_job:430:25)\n    at process.processTicksAndRejections (node:internal/process/task_queues:103:5)\n    at async onImport.tracePromise.__proto__ (node:internal/modules/esm/loader:661:26)\n    at async asyncRunEntryPointWithESMLoader (node:internal/modules/run_main:101:5)","timestamp":"2026-03-24 02:04:23.517","url":"missing"}
{"environment":"development","level":"info","message":"🚀 Server is running on port 6000","port":6000,"service":"neural-shop-backend","timestamp":"2026-03-24 02:04:23.521"}
{"category":"database","level":"info","message":"🗄️  MongoDB not configured","service":"neural-shop-backend","timestamp":"2026-03-24 02:04:23.522"}
{"level":"info","message":"Database URL null","service":"neural-shop-backend","timestamp":"2026-03-24 02:04:23.524"}
{"level":"error","message":"Failed to connect to MongoDB: The `uri` parameter to `openUri()` must be a string, got \"object\". Make sure the first parameter to `mongoose.connect()` or `mongoose.createConnection()` is a string.","service":"neural-shop-backend","stack":"MongooseError: The `uri` parameter to `openUri()` must be a string, got \"object\". Make sure the first parameter to `mongoose.connect()` or `mongoose.createConnection()` is a string.\n    at NativeConnection.createClient (C:\\Users\\kusha\\OneDrive\\Desktop\\WebDevelopment\\PROJECTs\\NeuralShop\\backend\\node_modules\\mongoose\\lib\\drivers\\node-mongodb-native\\connection.js:237:11)\n    at NativeConnection.openUri (C:\\Users\\kusha\\OneDrive\\Desktop\\WebDevelopment\\PROJECTs\\NeuralShop\\backend\\node_modules\\mongoose\\lib\\connection.js:1075:34)\n    at Mongoose.connect (C:\\Users\\kusha\\OneDrive\\Desktop\\WebDevelopment\\PROJECTs\\NeuralShop\\backend\\node_modules\\mongoose\\lib\\mongoose.js:450:15)\n    at connectDB (file:///C:/Users/kusha/OneDrive/Desktop/WebDevelopment/PROJECTs/NeuralShop/backend/src/config/db.js:8:20)\n    at file:///C:/Users/kusha/OneDrive/Desktop/WebDevelopment/PROJECTs/NeuralShop/backend/src/app.js:45:1\n    at ModuleJob.run (node:internal/modules/esm/module_job:430:25)\n    at process.processTicksAndRejections (node:internal/process/task_queues:103:5)\n    at async onImport.tracePromise.__proto__ (node:internal/modules/esm/loader:661:26)\n    at async asyncRunEntryPointWithESMLoader (node:internal/modules/run_main:101:5)","timestamp":"2026-03-24 02:04:23.538","url":"missing"}
{"environment":"development","level":"info","message":"🚀 Server is running on port 6000","port":6000,"service":"neural-shop-backend","timestamp":"2026-03-24 02:04:23.548"}
{"category":"database","level":"info","message":"🗄️  MongoDB not configured","service":"neural-shop-backend","timestamp":"2026-03-24 02:04:23.552"}
{"level":"info","message":"Database URL null","service":"neural-shop-backend","timestamp":"2026-03-24 02:07:22.018"}
{"level":"info","message":"Database URL null","service":"neural-shop-backend","timestamp":"2026-03-24 02:07:22.016"}
{"level":"error","message":"Failed to connect to MongoDB: The `uri` parameter to `openUri()` must be a string, got \"object\". Make sure the first parameter to `mongoose.connect()` or `mongoose.createConnection()` is a string.","service":"neural-shop-backend","stack":"MongooseError: The `uri` parameter to `openUri()` must be a string, got \"object\". Make sure the first parameter to `mongoose.connect()` or `mongoose.createConnection()` is a string.\n    at NativeConnection.createClient (C:\\Users\\kusha\\OneDrive\\Desktop\\WebDevelopment\\PROJECTs\\NeuralShop\\backend\\node_modules\\mongoose\\lib\\drivers\\node-mongodb-native\\connection.js:237:11)\n    at NativeConnection.openUri (C:\\Users\\kusha\\OneDrive\\Desktop\\WebDevelopment\\PROJECTs\\NeuralShop\\backend\\node_modules\\mongoose\\lib\\connection.js:1075:34)\n    at Mongoose.connect (C:\\Users\\kusha\\OneDrive\\Desktop\\WebDevelopment\\PROJECTs\\NeuralShop\\backend\\node_modules\\mongoose\\lib\\mongoose.js:450:15)\n    at connectDB (file:///C:/Users/kusha/OneDrive/Desktop/WebDevelopment/PROJECTs/NeuralShop/backend/src/config/db.js:8:20)\n    at file:///C:/Users/kusha/OneDrive/Desktop/WebDevelopment/PROJECTs/NeuralShop/backend/src/app.js:46:1\n    at ModuleJob.run (node:internal/modules/esm/module_job:430:25)\n    at process.processTicksAndRejections (node:internal/process/task_queues:103:5)\n    at async onImport.tracePromise.__proto__ (node:internal/modules/esm/loader:661:26)\n    at async asyncRunEntryPointWithESMLoader (node:internal/modules/run_main:101:5)","timestamp":"2026-03-24 02:07:22.028","url":"missing"}
{"environment":"development","level":"info","message":"🚀 Server is running on port 6000","port":6000,"service":"neural-shop-backend","timestamp":"2026-03-24 02:07:22.040"}
{"category":"database","level":"info","message":"🗄️  MongoDB not configured","service":"neural-shop-backend","timestamp":"2026-03-24 02:07:22.042"}
{"level":"error","message":"Failed to connect to MongoDB: The `uri` parameter to `openUri()` must be a string, got \"object\". Make sure the first parameter to `mongoose.connect()` or `mongoose.createConnection()` is a string.","service":"neural-shop-backend","stack":"MongooseError: The `uri` parameter to `openUri()` must be a string, got \"object\". Make sure the first parameter to `mongoose.connect()` or `mongoose.createConnection()` is a string.\n    at NativeConnection.createClient (C:\\Users\\kusha\\OneDrive\\Desktop\\WebDevelopment\\PROJECTs\\NeuralShop\\backend\\node_modules\\mongoose\\lib\\drivers\\node-mongodb-native\\connection.js:237:11)\n    at NativeConnection.openUri (C:\\Users\\kusha\\OneDrive\\Desktop\\WebDevelopment\\PROJECTs\\NeuralShop\\backend\\node_modules\\mongoose\\lib\\connection.js:1075:34)\n    at Mongoose.connect (C:\\Users\\kusha\\OneDrive\\Desktop\\WebDevelopment\\PROJECTs\\NeuralShop\\backend\\node_modules\\mongoose\\lib\\mongoose.js:450:15)\n    at connectDB (file:///C:/Users/kusha/OneDrive/Desktop/WebDevelopment/PROJECTs/NeuralShop/backend/src/config/db.js:8:20)\n    at file:///C:/Users/kusha/OneDrive/Desktop/WebDevelopment/PROJECTs/NeuralShop/backend/src/app.js:46:1\n    at ModuleJob.run (node:internal/modules/esm/module_job:430:25)\n    at process.processTicksAndRejections (node:internal/process/task_queues:103:5)\n    at async onImport.tracePromise.__proto__ (node:internal/modules/esm/loader:661:26)\n    at async asyncRunEntryPointWithESMLoader (node:internal/modules/run_main:101:5)","timestamp":"2026-03-24 02:07:22.026","url":"missing"}
{"environment":"development","level":"info","message":"🚀 Server is running on port 6000","port":6000,"service":"neural-shop-backend","timestamp":"2026-03-24 02:07:22.040"}
{"category":"database","level":"info","message":"🗄️  MongoDB not configured","service":"neural-shop-backend","timestamp":"2026-03-24 02:07:22.041"}
{"level":"info","message":"Database URL null","service":"neural-shop-backend","timestamp":"2026-03-24 02:07:22.209"}
{"level":"error","message":"Failed to connect to MongoDB: The `uri` parameter to `openUri()` must be a string, got \"object\". Make sure the first parameter to `mongoose.connect()` or `mongoose.createConnection()` is a string.","service":"neural-shop-backend","stack":"MongooseError: The `uri` parameter to `openUri()` must be a string, got \"object\". Make sure the first parameter to `mongoose.connect()` or `mongoose.createConnection()` is a string.\n    at NativeConnection.createClient (C:\\Users\\kusha\\OneDrive\\Desktop\\WebDevelopment\\PROJECTs\\NeuralShop\\backend\\node_modules\\mongoose\\lib\\drivers\\node-mongodb-native\\connection.js:237:11)\n    at NativeConnection.openUri (C:\\Users\\kusha\\OneDrive\\Desktop\\WebDevelopment\\PROJECTs\\NeuralShop\\backend\\node_modules\\mongoose\\lib\\connection.js:1075:34)\n    at Mongoose.connect (C:\\Users\\kusha\\OneDrive\\Desktop\\WebDevelopment\\PROJECTs\\NeuralShop\\backend\\node_modules\\mongoose\\lib\\mongoose.js:450:15)\n    at connectDB (file:///C:/Users/kusha/OneDrive/Desktop/WebDevelopment/PROJECTs/NeuralShop/backend/src/config/db.js:8:20)\n    at file:///C:/Users/kusha/OneDrive/Desktop/WebDevelopment/PROJECTs/NeuralShop/backend/src/app.js:46:1\n    at ModuleJob.run (node:internal/modules/esm/module_job:430:25)\n    at process.processTicksAndRejections (node:internal/process/task_queues:103:5)\n    at async onImport.tracePromise.__proto__ (node:internal/modules/esm/loader:661:26)\n    at async asyncRunEntryPointWithESMLoader (node:internal/modules/run_main:101:5)","timestamp":"2026-03-24 02:07:22.222","url":"missing"}
{"environment":"development","level":"info","message":"🚀 Server is running on port 6000","port":6000,"service":"neural-shop-backend","timestamp":"2026-03-24 02:07:22.228"}
{"category":"database","level":"info","message":"🗄️  MongoDB not configured","service":"neural-shop-backend","timestamp":"2026-03-24 02:07:22.229"}
{"level":"info","message":"Database URL null","service":"neural-shop-backend","timestamp":"2026-03-24 02:07:32.638"}
{"level":"error","message":"Failed to connect to MongoDB: The `uri` parameter to `openUri()` must be a string, got \"object\". Make sure the first parameter to `mongoose.connect()` or `mongoose.createConnection()` is a string.","service":"neural-shop-backend","stack":"MongooseError: The `uri` parameter to `openUri()` must be a string, got \"object\". Make sure the first parameter to `mongoose.connect()` or `mongoose.createConnection()` is a string.\n    at NativeConnection.createClient (C:\\Users\\kusha\\OneDrive\\Desktop\\WebDevelopment\\PROJECTs\\NeuralShop\\backend\\node_modules\\mongoose\\lib\\drivers\\node-mongodb-native\\connection.js:237:11)\n    at NativeConnection.openUri (C:\\Users\\kusha\\OneDrive\\Desktop\\WebDevelopment\\PROJECTs\\NeuralShop\\backend\\node_modules\\mongoose\\lib\\connection.js:1075:34)\n    at Mongoose.connect (C:\\Users\\kusha\\OneDrive\\Desktop\\WebDevelopment\\PROJECTs\\NeuralShop\\backend\\node_modules\\mongoose\\lib\\mongoose.js:450:15)\n    at connectDB (file:///C:/Users/kusha/OneDrive/Desktop/WebDevelopment/PROJECTs/NeuralShop/backend/src/config/db.js:8:20)\n    at file:///C:/Users/kusha/OneDrive/Desktop/WebDevelopment/PROJECTs/NeuralShop/backend/src/app.js:46:1\n    at ModuleJob.run (node:internal/modules/esm/module_job:430:25)\n    at process.processTicksAndRejections (node:internal/process/task_queues:103:5)\n    at async onImport.tracePromise.__proto__ (node:internal/modules/esm/loader:661:26)\n    at async asyncRunEntryPointWithESMLoader (node:internal/modules/run_main:101:5)","timestamp":"2026-03-24 02:07:32.650","url":"missing"}
{"environment":"development","level":"info","message":"🚀 Server is running on port 6000","port":6000,"service":"neural-shop-backend","timestamp":"2026-03-24 02:07:32.655"}
{"category":"database","level":"info","message":"🗄️  MongoDB not configured","service":"neural-shop-backend","timestamp":"2026-03-24 02:07:32.658"}
{"level":"info","message":"Database URL null","service":"neural-shop-backend","timestamp":"2026-03-24 02:07:32.638"}
{"level":"error","message":"Failed to connect to MongoDB: The `uri` parameter to `openUri()` must be a string, got \"object\". Make sure the first parameter to `mongoose.connect()` or `mongoose.createConnection()` is a string.","service":"neural-shop-backend","stack":"MongooseError: The `uri` parameter to `openUri()` must be a string, got \"object\". Make sure the first parameter to `mongoose.connect()` or `mongoose.createConnection()` is a string.\n    at NativeConnection.createClient (C:\\Users\\kusha\\OneDrive\\Desktop\\WebDevelopment\\PROJECTs\\NeuralShop\\backend\\node_modules\\mongoose\\lib\\drivers\\node-mongodb-native\\connection.js:237:11)\n    at NativeConnection.openUri (C:\\Users\\kusha\\OneDrive\\Desktop\\WebDevelopment\\PROJECTs\\NeuralShop\\backend\\node_modules\\mongoose\\lib\\connection.js:1075:34)\n    at Mongoose.connect (C:\\Users\\kusha\\OneDrive\\Desktop\\WebDevelopment\\PROJECTs\\NeuralShop\\backend\\node_modules\\mongoose\\lib\\mongoose.js:450:15)\n    at connectDB (file:///C:/Users/kusha/OneDrive/Desktop/WebDevelopment/PROJECTs/NeuralShop/backend/src/config/db.js:8:20)\n    at file:///C:/Users/kusha/OneDrive/Desktop/WebDevelopment/PROJECTs/NeuralShop/backend/src/app.js:46:1\n    at ModuleJob.run (node:internal/modules/esm/module_job:430:25)\n    at process.processTicksAndRejections (node:internal/process/task_queues:103:5)\n    at async onImport.tracePromise.__proto__ (node:internal/modules/esm/loader:661:26)\n    at async asyncRunEntryPointWithESMLoader (node:internal/modules/run_main:101:5)","timestamp":"2026-03-24 02:07:32.649","url":"missing"}
{"environment":"development","level":"info","message":"🚀 Server is running on port 6000","port":6000,"service":"neural-shop-backend","timestamp":"2026-03-24 02:07:32.656"}
{"category":"database","level":"info","message":"🗄️  MongoDB not configured","service":"neural-shop-backend","timestamp":"2026-03-24 02:07:32.658"}
{"level":"info","message":"Database URL null","service":"neural-shop-backend","timestamp":"2026-03-24 02:07:32.901"}
{"level":"error","message":"Failed to connect to MongoDB: The `uri` parameter to `openUri()` must be a string, got \"object\". Make sure the first parameter to `mongoose.connect()` or `mongoose.createConnection()` is a string.","service":"neural-shop-backend","stack":"MongooseError: The `uri` parameter to `openUri()` must be a string, got \"object\". Make sure the first parameter to `mongoose.connect()` or `mongoose.createConnection()` is a string.\n    at NativeConnection.createClient (C:\\Users\\kusha\\OneDrive\\Desktop\\WebDevelopment\\PROJECTs\\NeuralShop\\backend\\node_modules\\mongoose\\lib\\drivers\\node-mongodb-native\\connection.js:237:11)\n    at NativeConnection.openUri (C:\\Users\\kusha\\OneDrive\\Desktop\\WebDevelopment\\PROJECTs\\NeuralShop\\backend\\node_modules\\mongoose\\lib\\connection.js:1075:34)\n    at Mongoose.connect (C:\\Users\\kusha\\OneDrive\\Desktop\\WebDevelopment\\PROJECTs\\NeuralShop\\backend\\node_modules\\mongoose\\lib\\mongoose.js:450:15)\n    at connectDB (file:///C:/Users/kusha/OneDrive/Desktop/WebDevelopment/PROJECTs/NeuralShop/backend/src/config/db.js:8:20)\n    at file:///C:/Users/kusha/OneDrive/Desktop/WebDevelopment/PROJECTs/NeuralShop/backend/src/app.js:46:1\n    at ModuleJob.run (node:internal/modules/esm/module_job:430:25)\n    at process.processTicksAndRejections (node:internal/process/task_queues:103:5)\n    at async onImport.tracePromise.__proto__ (node:internal/modules/esm/loader:661:26)\n    at async asyncRunEntryPointWithESMLoader (node:internal/modules/run_main:101:5)","timestamp":"2026-03-24 02:07:32.914","url":"missing"}
{"environment":"development","level":"info","message":"🚀 Server is running on port 6000","port":6000,"service":"neural-shop-backend","timestamp":"2026-03-24 02:07:32.919"}
{"category":"database","level":"info","message":"🗄️  MongoDB not configured","service":"neural-shop-backend","timestamp":"2026-03-24 02:07:32.920"}
{"level":"info","message":"Database URL null","service":"neural-shop-backend","timestamp":"2026-03-24 02:07:47.957"}
{"level":"error","message":"Failed to connect to MongoDB: The `uri` parameter to `openUri()` must be a string, got \"object\". Make sure the first parameter to `mongoose.connect()` or `mongoose.createConnection()` is a string.","service":"neural-shop-backend","stack":"MongooseError: The `uri` parameter to `openUri()` must be a string, got \"object\". Make sure the first parameter to `mongoose.connect()` or `mongoose.createConnection()` is a string.\n    at NativeConnection.createClient (C:\\Users\\kusha\\OneDrive\\Desktop\\WebDevelopment\\PROJECTs\\NeuralShop\\backend\\node_modules\\mongoose\\lib\\drivers\\node-mongodb-native\\connection.js:237:11)\n    at NativeConnection.openUri (C:\\Users\\kusha\\OneDrive\\Desktop\\WebDevelopment\\PROJECTs\\NeuralShop\\backend\\node_modules\\mongoose\\lib\\connection.js:1075:34)\n    at Mongoose.connect (C:\\Users\\kusha\\OneDrive\\Desktop\\WebDevelopment\\PROJECTs\\NeuralShop\\backend\\node_modules\\mongoose\\lib\\mongoose.js:450:15)\n    at connectDB (file:///C:/Users/kusha/OneDrive/Desktop/WebDevelopment/PROJECTs/NeuralShop/backend/src/config/db.js:8:20)\n    at file:///C:/Users/kusha/OneDrive/Desktop/WebDevelopment/PROJECTs/NeuralShop/backend/src/app.js:46:1\n    at ModuleJob.run (node:internal/modules/esm/module_job:430:25)\n    at process.processTicksAndRejections (node:internal/process/task_queues:103:5)\n    at async onImport.tracePromise.__proto__ (node:internal/modules/esm/loader:661:26)\n    at async asyncRunEntryPointWithESMLoader (node:internal/modules/run_main:101:5)","timestamp":"2026-03-24 02:07:47.967","url":"missing"}
{"environment":"development","level":"info","message":"🚀 Server is running on port 6000","port":6000,"service":"neural-shop-backend","timestamp":"2026-03-24 02:07:47.972"}
{"category":"database","level":"info","message":"🗄️  MongoDB not configured","service":"neural-shop-backend","timestamp":"2026-03-24 02:07:47.975"}
{"level":"info","message":"Database URL null","service":"neural-shop-backend","timestamp":"2026-03-24 02:08:35.462"}
{"level":"error","message":"Failed to connect to MongoDB: The `uri` parameter to `openUri()` must be a string, got \"object\". Make sure the first parameter to `mongoose.connect()` or `mongoose.createConnection()` is a string.","service":"neural-shop-backend","stack":"MongooseError: The `uri` parameter to `openUri()` must be a string, got \"object\". Make sure the first parameter to `mongoose.connect()` or `mongoose.createConnection()` is a string.\n    at NativeConnection.createClient (C:\\Users\\kusha\\OneDrive\\Desktop\\WebDevelopment\\PROJECTs\\NeuralShop\\backend\\node_modules\\mongoose\\lib\\drivers\\node-mongodb-native\\connection.js:237:11)\n    at NativeConnection.openUri (C:\\Users\\kusha\\OneDrive\\Desktop\\WebDevelopment\\PROJECTs\\NeuralShop\\backend\\node_modules\\mongoose\\lib\\connection.js:1075:34)\n    at Mongoose.connect (C:\\Users\\kusha\\OneDrive\\Desktop\\WebDevelopment\\PROJECTs\\NeuralShop\\backend\\node_modules\\mongoose\\lib\\mongoose.js:450:15)\n    at connectDB (file:///C:/Users/kusha/OneDrive/Desktop/WebDevelopment/PROJECTs/NeuralShop/backend/src/config/db.js:8:20)\n    at file:///C:/Users/kusha/OneDrive/Desktop/WebDevelopment/PROJECTs/NeuralShop/backend/src/app.js:46:1\n    at ModuleJob.run (node:internal/modules/esm/module_job:430:25)\n    at process.processTicksAndRejections (node:internal/process/task_queues:103:5)\n    at async onImport.tracePromise.__proto__ (node:internal/modules/esm/loader:661:26)\n    at async asyncRunEntryPointWithESMLoader (node:internal/modules/run_main:101:5)","timestamp":"2026-03-24 02:08:35.474","url":"missing"}
{"environment":"development","level":"info","message":"🚀 Server is running on port 6000","port":6000,"service":"neural-shop-backend","timestamp":"2026-03-24 02:08:35.480"}
{"category":"database","level":"info","message":"🗄️  MongoDB not configured","service":"neural-shop-backend","timestamp":"2026-03-24 02:08:35.482"}
{"level":"info","message":"Database URL null","service":"neural-shop-backend","timestamp":"2026-03-24 02:08:35.477"}
{"level":"error","message":"Failed to connect to MongoDB: The `uri` parameter to `openUri()` must be a string, got \"object\". Make sure the first parameter to `mongoose.connect()` or `mongoose.createConnection()` is a string.","service":"neural-shop-backend","stack":"MongooseError: The `uri` parameter to `openUri()` must be a string, got \"object\". Make sure the first parameter to `mongoose.connect()` or `mongoose.createConnection()` is a string.\n    at NativeConnection.createClient (C:\\Users\\kusha\\OneDrive\\Desktop\\WebDevelopment\\PROJECTs\\NeuralShop\\backend\\node_modules\\mongoose\\lib\\drivers\\node-mongodb-native\\connection.js:237:11)\n    at NativeConnection.openUri (C:\\Users\\kusha\\OneDrive\\Desktop\\WebDevelopment\\PROJECTs\\NeuralShop\\backend\\node_modules\\mongoose\\lib\\connection.js:1075:34)\n    at Mongoose.connect (C:\\Users\\kusha\\OneDrive\\Desktop\\WebDevelopment\\PROJECTs\\NeuralShop\\backend\\node_modules\\mongoose\\lib\\mongoose.js:450:15)\n    at connectDB (file:///C:/Users/kusha/OneDrive/Desktop/WebDevelopment/PROJECTs/NeuralShop/backend/src/config/db.js:8:20)\n    at file:///C:/Users/kusha/OneDrive/Desktop/WebDevelopment/PROJECTs/NeuralShop/backend/src/app.js:46:1\n    at ModuleJob.run (node:internal/modules/esm/module_job:430:25)\n    at process.processTicksAndRejections (node:internal/process/task_queues:103:5)\n    at async onImport.tracePromise.__proto__ (node:internal/modules/esm/loader:661:26)\n    at async asyncRunEntryPointWithESMLoader (node:internal/modules/run_main:101:5)","timestamp":"2026-03-24 02:08:35.489","url":"missing"}
{"environment":"development","level":"info","message":"🚀 Server is running on port 6000","port":6000,"service":"neural-shop-backend","timestamp":"2026-03-24 02:08:35.494"}
{"category":"database","level":"info","message":"🗄️  MongoDB not configured","service":"neural-shop-backend","timestamp":"2026-03-24 02:08:35.496"}
{"level":"info","message":"Database URL null","service":"neural-shop-backend","timestamp":"2026-03-24 02:08:35.497"}
{"level":"error","message":"Failed to connect to MongoDB: The `uri` parameter to `openUri()` must be a string, got \"object\". Make sure the first parameter to `mongoose.connect()` or `mongoose.createConnection()` is a string.","service":"neural-shop-backend","stack":"MongooseError: The `uri` parameter to `openUri()` must be a string, got \"object\". Make sure the first parameter to `mongoose.connect()` or `mongoose.createConnection()` is a string.\n    at NativeConnection.createClient (C:\\Users\\kusha\\OneDrive\\Desktop\\WebDevelopment\\PROJECTs\\NeuralShop\\backend\\node_modules\\mongoose\\lib\\drivers\\node-mongodb-native\\connection.js:237:11)\n    at NativeConnection.openUri (C:\\Users\\kusha\\OneDrive\\Desktop\\WebDevelopment\\PROJECTs\\NeuralShop\\backend\\node_modules\\mongoose\\lib\\connection.js:1075:34)\n    at Mongoose.connect (C:\\Users\\kusha\\OneDrive\\Desktop\\WebDevelopment\\PROJECTs\\NeuralShop\\backend\\node_modules\\mongoose\\lib\\mongoose.js:450:15)\n    at connectDB (file:///C:/Users/kusha/OneDrive/Desktop/WebDevelopment/PROJECTs/NeuralShop/backend/src/config/db.js:8:20)\n    at file:///C:/Users/kusha/OneDrive/Desktop/WebDevelopment/PROJECTs/NeuralShop/backend/src/app.js:46:1\n    at ModuleJob.run (node:internal/modules/esm/module_job:430:25)\n    at process.processTicksAndRejections (node:internal/process/task_queues:103:5)\n    at async onImport.tracePromise.__proto__ (node:internal/modules/esm/loader:661:26)\n    at async asyncRunEntryPointWithESMLoader (node:internal/modules/run_main:101:5)","timestamp":"2026-03-24 02:08:35.510","url":"missing"}
{"environment":"development","level":"info","message":"🚀 Server is running on port 6000","port":6000,"service":"neural-shop-backend","timestamp":"2026-03-24 02:08:35.515"}
{"category":"database","level":"info","message":"🗄️  MongoDB not configured","service":"neural-shop-backend","timestamp":"2026-03-24 02:08:35.517"}
{"level":"info","message":"Database URL null","service":"neural-shop-backend","timestamp":"2026-03-24 02:08:35.731"}
{"level":"error","message":"Failed to connect to MongoDB: The `uri` parameter to `openUri()` must be a string, got \"object\". Make sure the first parameter to `mongoose.connect()` or `mongoose.createConnection()` is a string.","service":"neural-shop-backend","stack":"MongooseError: The `uri` parameter to `openUri()` must be a string, got \"object\". Make sure the first parameter to `mongoose.connect()` or `mongoose.createConnection()` is a string.\n    at NativeConnection.createClient (C:\\Users\\kusha\\OneDrive\\Desktop\\WebDevelopment\\PROJECTs\\NeuralShop\\backend\\node_modules\\mongoose\\lib\\drivers\\node-mongodb-native\\connection.js:237:11)\n    at NativeConnection.openUri (C:\\Users\\kusha\\OneDrive\\Desktop\\WebDevelopment\\PROJECTs\\NeuralShop\\backend\\node_modules\\mongoose\\lib\\connection.js:1075:34)\n    at Mongoose.connect (C:\\Users\\kusha\\OneDrive\\Desktop\\WebDevelopment\\PROJECTs\\NeuralShop\\backend\\node_modules\\mongoose\\lib\\mongoose.js:450:15)\n    at connectDB (file:///C:/Users/kusha/OneDrive/Desktop/WebDevelopment/PROJECTs/NeuralShop/backend/src/config/db.js:8:20)\n    at file:///C:/Users/kusha/OneDrive/Desktop/WebDevelopment/PROJECTs/NeuralShop/backend/src/app.js:46:1\n    at ModuleJob.run (node:internal/modules/esm/module_job:430:25)\n    at process.processTicksAndRejections (node:internal/process/task_queues:103:5)\n    at async onImport.tracePromise.__proto__ (node:internal/modules/esm/loader:661:26)\n    at async asyncRunEntryPointWithESMLoader (node:internal/modules/run_main:101:5)","timestamp":"2026-03-24 02:08:35.739","url":"missing"}
{"environment":"development","level":"info","message":"🚀 Server is running on port 6000","port":6000,"service":"neural-shop-backend","timestamp":"2026-03-24 02:08:35.742"}
{"category":"database","level":"info","message":"🗄️  MongoDB not configured","service":"neural-shop-backend","timestamp":"2026-03-24 02:08:35.744"}
{"level":"info","message":"Database URL null","service":"neural-shop-backend","timestamp":"2026-03-24 02:08:42.081"}
{"level":"error","message":"Failed to connect to MongoDB: The `uri` parameter to `openUri()` must be a string, got \"object\". Make sure the first parameter to `mongoose.connect()` or `mongoose.createConnection()` is a string.","service":"neural-shop-backend","stack":"MongooseError: The `uri` parameter to `openUri()` must be a string, got \"object\". Make sure the first parameter to `mongoose.connect()` or `mongoose.createConnection()` is a string.\n    at NativeConnection.createClient (C:\\Users\\kusha\\OneDrive\\Desktop\\WebDevelopment\\PROJECTs\\NeuralShop\\backend\\node_modules\\mongoose\\lib\\drivers\\node-mongodb-native\\connection.js:237:11)\n    at NativeConnection.openUri (C:\\Users\\kusha\\OneDrive\\Desktop\\WebDevelopment\\PROJECTs\\NeuralShop\\backend\\node_modules\\mongoose\\lib\\connection.js:1075:34)\n    at Mongoose.connect (C:\\Users\\kusha\\OneDrive\\Desktop\\WebDevelopment\\PROJECTs\\NeuralShop\\backend\\node_modules\\mongoose\\lib\\mongoose.js:450:15)\n    at connectDB (file:///C:/Users/kusha/OneDrive/Desktop/WebDevelopment/PROJECTs/NeuralShop/backend/src/config/db.js:8:20)\n    at file:///C:/Users/kusha/OneDrive/Desktop/WebDevelopment/PROJECTs/NeuralShop/backend/src/app.js:43:1\n    at ModuleJob.run (node:internal/modules/esm/module_job:430:25)\n    at process.processTicksAndRejections (node:internal/process/task_queues:103:5)\n    at async onImport.tracePromise.__proto__ (node:internal/modules/esm/loader:661:26)\n    at async asyncRunEntryPointWithESMLoader (node:internal/modules/run_main:101:5)","timestamp":"2026-03-24 02:08:42.096","url":"missing"}
{"environment":"development","level":"info","message":"🚀 Server is running on port 6000","port":6000,"service":"neural-shop-backend","timestamp":"2026-03-24 02:08:42.101"}
{"category":"database","level":"info","message":"🗄️  MongoDB not configured","service":"neural-shop-backend","timestamp":"2026-03-24 02:08:42.103"}
{"level":"info","message":"Database URL null","service":"neural-shop-backend","timestamp":"2026-03-24 02:08:42.125"}
{"level":"error","message":"Failed to connect to MongoDB: The `uri` parameter to `openUri()` must be a string, got \"object\". Make sure the first parameter to `mongoose.connect()` or `mongoose.createConnection()` is a string.","service":"neural-shop-backend","stack":"MongooseError: The `uri` parameter to `openUri()` must be a string, got \"object\". Make sure the first parameter to `mongoose.connect()` or `mongoose.createConnection()` is a string.\n    at NativeConnection.createClient (C:\\Users\\kusha\\OneDrive\\Desktop\\WebDevelopment\\PROJECTs\\NeuralShop\\backend\\node_modules\\mongoose\\lib\\drivers\\node-mongodb-native\\connection.js:237:11)\n    at NativeConnection.openUri (C:\\Users\\kusha\\OneDrive\\Desktop\\WebDevelopment\\PROJECTs\\NeuralShop\\backend\\node_modules\\mongoose\\lib\\connection.js:1075:34)\n    at Mongoose.connect (C:\\Users\\kusha\\OneDrive\\Desktop\\WebDevelopment\\PROJECTs\\NeuralShop\\backend\\node_modules\\mongoose\\lib\\mongoose.js:450:15)\n    at connectDB (file:///C:/Users/kusha/OneDrive/Desktop/WebDevelopment/PROJECTs/NeuralShop/backend/src/config/db.js:8:20)\n    at file:///C:/Users/kusha/OneDrive/Desktop/WebDevelopment/PROJECTs/NeuralShop/backend/src/app.js:43:1\n    at ModuleJob.run (node:internal/modules/esm/module_job:430:25)\n    at process.processTicksAndRejections (node:internal/process/task_queues:103:5)\n    at async onImport.tracePromise.__proto__ (node:internal/modules/esm/loader:661:26)\n    at async asyncRunEntryPointWithESMLoader (node:internal/modules/run_main:101:5)","timestamp":"2026-03-24 02:08:42.137","url":"missing"}
{"environment":"development","level":"info","message":"🚀 Server is running on port 6000","port":6000,"service":"neural-shop-backend","timestamp":"2026-03-24 02:08:42.143"}
{"category":"database","level":"info","message":"🗄️  MongoDB not configured","service":"neural-shop-backend","timestamp":"2026-03-24 02:08:42.145"}
{"level":"info","message":"Database URL null","service":"neural-shop-backend","timestamp":"2026-03-24 02:08:42.139"}
{"level":"error","message":"Failed to connect to MongoDB: The `uri` parameter to `openUri()` must be a string, got \"object\". Make sure the first parameter to `mongoose.connect()` or `mongoose.createConnection()` is a string.","service":"neural-shop-backend","stack":"MongooseError: The `uri` parameter to `openUri()` must be a string, got \"object\". Make sure the first parameter to `mongoose.connect()` or `mongoose.createConnection()` is a string.\n    at NativeConnection.createClient (C:\\Users\\kusha\\OneDrive\\Desktop\\WebDevelopment\\PROJECTs\\NeuralShop\\backend\\node_modules\\mongoose\\lib\\drivers\\node-mongodb-native\\connection.js:237:11)\n    at NativeConnection.openUri (C:\\Users\\kusha\\OneDrive\\Desktop\\WebDevelopment\\PROJECTs\\NeuralShop\\backend\\node_modules\\mongoose\\lib\\connection.js:1075:34)\n    at Mongoose.connect (C:\\Users\\kusha\\OneDrive\\Desktop\\WebDevelopment\\PROJECTs\\NeuralShop\\backend\\node_modules\\mongoose\\lib\\mongoose.js:450:15)\n    at connectDB (file:///C:/Users/kusha/OneDrive/Desktop/WebDevelopment/PROJECTs/NeuralShop/backend/src/config/db.js:8:20)\n    at file:///C:/Users/kusha/OneDrive/Desktop/WebDevelopment/PROJECTs/NeuralShop/backend/src/app.js:43:1\n    at ModuleJob.run (node:internal/modules/esm/module_job:430:25)\n    at process.processTicksAndRejections (node:internal/process/task_queues:103:5)\n    at async onImport.tracePromise.__proto__ (node:internal/modules/esm/loader:661:26)\n    at async asyncRunEntryPointWithESMLoader (node:internal/modules/run_main:101:5)","timestamp":"2026-03-24 02:08:42.157","url":"missing"}
{"environment":"development","level":"info","message":"🚀 Server is running on port 6000","port":6000,"service":"neural-shop-backend","timestamp":"2026-03-24 02:08:42.165"}
{"category":"database","level":"info","message":"🗄️  MongoDB not configured","service":"neural-shop-backend","timestamp":"2026-03-24 02:08:42.167"}
{"level":"info","message":"Database URL null","service":"neural-shop-backend","timestamp":"2026-03-24 02:08:42.426"}
{"level":"error","message":"Failed to connect to MongoDB: The `uri` parameter to `openUri()` must be a string, got \"object\". Make sure the first parameter to `mongoose.connect()` or `mongoose.createConnection()` is a string.","service":"neural-shop-backend","stack":"MongooseError: The `uri` parameter to `openUri()` must be a string, got \"object\". Make sure the first parameter to `mongoose.connect()` or `mongoose.createConnection()` is a string.\n    at NativeConnection.createClient (C:\\Users\\kusha\\OneDrive\\Desktop\\WebDevelopment\\PROJECTs\\NeuralShop\\backend\\node_modules\\mongoose\\lib\\drivers\\node-mongodb-native\\connection.js:237:11)\n    at NativeConnection.openUri (C:\\Users\\kusha\\OneDrive\\Desktop\\WebDevelopment\\PROJECTs\\NeuralShop\\backend\\node_modules\\mongoose\\lib\\connection.js:1075:34)\n    at Mongoose.connect (C:\\Users\\kusha\\OneDrive\\Desktop\\WebDevelopment\\PROJECTs\\NeuralShop\\backend\\node_modules\\mongoose\\lib\\mongoose.js:450:15)\n    at connectDB (file:///C:/Users/kusha/OneDrive/Desktop/WebDevelopment/PROJECTs/NeuralShop/backend/src/config/db.js:8:20)\n    at file:///C:/Users/kusha/OneDrive/Desktop/WebDevelopment/PROJECTs/NeuralShop/backend/src/app.js:43:1\n    at ModuleJob.run (node:internal/modules/esm/module_job:430:25)\n    at process.processTicksAndRejections (node:internal/process/task_queues:103:5)\n    at async onImport.tracePromise.__proto__ (node:internal/modules/esm/loader:661:26)\n    at async asyncRunEntryPointWithESMLoader (node:internal/modules/run_main:101:5)","timestamp":"2026-03-24 02:08:42.435","url":"missing"}
{"environment":"development","level":"info","message":"🚀 Server is running on port 6000","port":6000,"service":"neural-shop-backend","timestamp":"2026-03-24 02:08:42.439"}
{"category":"database","level":"info","message":"🗄️  MongoDB not configured","service":"neural-shop-backend","timestamp":"2026-03-24 02:08:42.440"}
{"level":"info","message":"Database URL null","service":"neural-shop-backend","timestamp":"2026-03-24 02:08:46.470"}
{"level":"info","message":"Database URL null","service":"neural-shop-backend","timestamp":"2026-03-24 02:08:46.468"}
{"level":"error","message":"Failed to connect to MongoDB: The `uri` parameter to `openUri()` must be a string, got \"object\". Make sure the first parameter to `mongoose.connect()` or `mongoose.createConnection()` is a string.","service":"neural-shop-backend","stack":"MongooseError: The `uri` parameter to `openUri()` must be a string, got \"object\". Make sure the first parameter to `mongoose.connect()` or `mongoose.createConnection()` is a string.\n    at NativeConnection.createClient (C:\\Users\\kusha\\OneDrive\\Desktop\\WebDevelopment\\PROJECTs\\NeuralShop\\backend\\node_modules\\mongoose\\lib\\drivers\\node-mongodb-native\\connection.js:237:11)\n    at NativeConnection.openUri (C:\\Users\\kusha\\OneDrive\\Desktop\\WebDevelopment\\PROJECTs\\NeuralShop\\backend\\node_modules\\mongoose\\lib\\connection.js:1075:34)\n    at Mongoose.connect (C:\\Users\\kusha\\OneDrive\\Desktop\\WebDevelopment\\PROJECTs\\NeuralShop\\backend\\node_modules\\mongoose\\lib\\mongoose.js:450:15)\n    at connectDB (file:///C:/Users/kusha/OneDrive/Desktop/WebDevelopment/PROJECTs/NeuralShop/backend/src/config/db.js:8:20)\n    at file:///C:/Users/kusha/OneDrive/Desktop/WebDevelopment/PROJECTs/NeuralShop/backend/src/app.js:43:1\n    at ModuleJob.run (node:internal/modules/esm/module_job:430:25)\n    at process.processTicksAndRejections (node:internal/process/task_queues:103:5)\n    at async onImport.tracePromise.__proto__ (node:internal/modules/esm/loader:661:26)\n    at async asyncRunEntryPointWithESMLoader (node:internal/modules/run_main:101:5)","timestamp":"2026-03-24 02:08:46.481","url":"missing"}
{"environment":"development","level":"info","message":"🚀 Server is running on port 6000","port":6000,"service":"neural-shop-backend","timestamp":"2026-03-24 02:08:46.485"}
{"category":"database","level":"info","message":"🗄️  MongoDB not configured","service":"neural-shop-backend","timestamp":"2026-03-24 02:08:46.487"}
{"level":"error","message":"Failed to connect to MongoDB: The `uri` parameter to `openUri()` must be a string, got \"object\". Make sure the first parameter to `mongoose.connect()` or `mongoose.createConnection()` is a string.","service":"neural-shop-backend","stack":"MongooseError: The `uri` parameter to `openUri()` must be a string, got \"object\". Make sure the first parameter to `mongoose.connect()` or `mongoose.createConnection()` is a string.\n    at NativeConnection.createClient (C:\\Users\\kusha\\OneDrive\\Desktop\\WebDevelopment\\PROJECTs\\NeuralShop\\backend\\node_modules\\mongoose\\lib\\drivers\\node-mongodb-native\\connection.js:237:11)\n    at NativeConnection.openUri (C:\\Users\\kusha\\OneDrive\\Desktop\\WebDevelopment\\PROJECTs\\NeuralShop\\backend\\node_modules\\mongoose\\lib\\connection.js:1075:34)\n    at Mongoose.connect (C:\\Users\\kusha\\OneDrive\\Desktop\\WebDevelopment\\PROJECTs\\NeuralShop\\backend\\node_modules\\mongoose\\lib\\mongoose.js:450:15)\n    at connectDB (file:///C:/Users/kusha/OneDrive/Desktop/WebDevelopment/PROJECTs/NeuralShop/backend/src/config/db.js:8:20)\n    at file:///C:/Users/kusha/OneDrive/Desktop/WebDevelopment/PROJECTs/NeuralShop/backend/src/app.js:43:1\n    at ModuleJob.run (node:internal/modules/esm/module_job:430:25)\n    at process.processTicksAndRejections (node:internal/process/task_queues:103:5)\n    at async onImport.tracePromise.__proto__ (node:internal/modules/esm/loader:661:26)\n    at async asyncRunEntryPointWithESMLoader (node:internal/modules/run_main:101:5)","timestamp":"2026-03-24 02:08:46.481","url":"missing"}
{"environment":"development","level":"info","message":"🚀 Server is running on port 6000","port":6000,"service":"neural-shop-backend","timestamp":"2026-03-24 02:08:46.485"}
{"category":"database","level":"info","message":"🗄️  MongoDB not configured","service":"neural-shop-backend","timestamp":"2026-03-24 02:08:46.488"}
{"level":"info","message":"Database URL null","service":"neural-shop-backend","timestamp":"2026-03-24 02:08:46.515"}
{"level":"error","message":"Failed to connect to MongoDB: The `uri` parameter to `openUri()` must be a string, got \"object\". Make sure the first parameter to `mongoose.connect()` or `mongoose.createConnection()` is a string.","service":"neural-shop-backend","stack":"MongooseError: The `uri` parameter to `openUri()` must be a string, got \"object\". Make sure the first parameter to `mongoose.connect()` or `mongoose.createConnection()` is a string.\n    at NativeConnection.createClient (C:\\Users\\kusha\\OneDrive\\Desktop\\WebDevelopment\\PROJECTs\\NeuralShop\\backend\\node_modules\\mongoose\\lib\\drivers\\node-mongodb-native\\connection.js:237:11)\n    at NativeConnection.openUri (C:\\Users\\kusha\\OneDrive\\Desktop\\WebDevelopment\\PROJECTs\\NeuralShop\\backend\\node_modules\\mongoose\\lib\\connection.js:1075:34)\n    at Mongoose.connect (C:\\Users\\kusha\\OneDrive\\Desktop\\WebDevelopment\\PROJECTs\\NeuralShop\\backend\\node_modules\\mongoose\\lib\\mongoose.js:450:15)\n    at connectDB (file:///C:/Users/kusha/OneDrive/Desktop/WebDevelopment/PROJECTs/NeuralShop/backend/src/config/db.js:8:20)\n    at file:///C:/Users/kusha/OneDrive/Desktop/WebDevelopment/PROJECTs/NeuralShop/backend/src/app.js:43:1\n    at ModuleJob.run (node:internal/modules/esm/module_job:430:25)\n    at process.processTicksAndRejections (node:internal/process/task_queues:103:5)\n    at async onImport.tracePromise.__proto__ (node:internal/modules/esm/loader:661:26)\n    at async asyncRunEntryPointWithESMLoader (node:internal/modules/run_main:101:5)","timestamp":"2026-03-24 02:08:46.527","url":"missing"}
{"environment":"development","level":"info","message":"🚀 Server is running on port 6000","port":6000,"service":"neural-shop-backend","timestamp":"2026-03-24 02:08:46.532"}
{"category":"database","level":"info","message":"🗄️  MongoDB not configured","service":"neural-shop-backend","timestamp":"2026-03-24 02:08:46.533"}
{"level":"info","message":"Database URL null","service":"neural-shop-backend","timestamp":"2026-03-24 02:09:00.823"}
{"level":"error","message":"Failed to connect to MongoDB: The `uri` parameter to `openUri()` must be a string, got \"object\". Make sure the first parameter to `mongoose.connect()` or `mongoose.createConnection()` is a string.","service":"neural-shop-backend","stack":"MongooseError: The `uri` parameter to `openUri()` must be a string, got \"object\". Make sure the first parameter to `mongoose.connect()` or `mongoose.createConnection()` is a string.\n    at NativeConnection.createClient (C:\\Users\\kusha\\OneDrive\\Desktop\\WebDevelopment\\PROJECTs\\NeuralShop\\backend\\node_modules\\mongoose\\lib\\drivers\\node-mongodb-native\\connection.js:237:11)\n    at NativeConnection.openUri (C:\\Users\\kusha\\OneDrive\\Desktop\\WebDevelopment\\PROJECTs\\NeuralShop\\backend\\node_modules\\mongoose\\lib\\connection.js:1075:34)\n    at Mongoose.connect (C:\\Users\\kusha\\OneDrive\\Desktop\\WebDevelopment\\PROJECTs\\NeuralShop\\backend\\node_modules\\mongoose\\lib\\mongoose.js:450:15)\n    at connectDB (file:///C:/Users/kusha/OneDrive/Desktop/WebDevelopment/PROJECTs/NeuralShop/backend/src/config/db.js:8:20)\n    at file:///C:/Users/kusha/OneDrive/Desktop/WebDevelopment/PROJECTs/NeuralShop/backend/src/app.js:43:1\n    at ModuleJob.run (node:internal/modules/esm/module_job:430:25)\n    at process.processTicksAndRejections (node:internal/process/task_queues:103:5)\n    at async onImport.tracePromise.__proto__ (node:internal/modules/esm/loader:661:26)\n    at async asyncRunEntryPointWithESMLoader (node:internal/modules/run_main:101:5)","timestamp":"2026-03-24 02:09:00.836","url":"missing"}
{"environment":"development","level":"info","message":"🚀 Server is running on port 6000","port":6000,"service":"neural-shop-backend","timestamp":"2026-03-24 02:09:00.843"}
{"category":"database","level":"info","message":"🗄️  MongoDB not configured","service":"neural-shop-backend","timestamp":"2026-03-24 02:09:00.845"}
{"level":"info","message":"Database URL null","service":"neural-shop-backend","timestamp":"2026-03-24 02:09:47.819"}
{"level":"error","message":"Failed to connect to MongoDB: The `uri` parameter to `openUri()` must be a string, got \"object\". Make sure the first parameter to `mongoose.connect()` or `mongoose.createConnection()` is a string.","service":"neural-shop-backend","stack":"MongooseError: The `uri` parameter to `openUri()` must be a string, got \"object\". Make sure the first parameter to `mongoose.connect()` or `mongoose.createConnection()` is a string.\n    at NativeConnection.createClient (C:\\Users\\kusha\\OneDrive\\Desktop\\WebDevelopment\\PROJECTs\\NeuralShop\\backend\\node_modules\\mongoose\\lib\\drivers\\node-mongodb-native\\connection.js:237:11)\n    at NativeConnection.openUri (C:\\Users\\kusha\\OneDrive\\Desktop\\WebDevelopment\\PROJECTs\\NeuralShop\\backend\\node_modules\\mongoose\\lib\\connection.js:1075:34)\n    at Mongoose.connect (C:\\Users\\kusha\\OneDrive\\Desktop\\WebDevelopment\\PROJECTs\\NeuralShop\\backend\\node_modules\\mongoose\\lib\\mongoose.js:450:15)\n    at connectDB (file:///C:/Users/kusha/OneDrive/Desktop/WebDevelopment/PROJECTs/NeuralShop/backend/src/config/db.js:8:20)\n    at file:///C:/Users/kusha/OneDrive/Desktop/WebDevelopment/PROJECTs/NeuralShop/backend/src/app.js:43:1\n    at ModuleJob.run (node:internal/modules/esm/module_job:430:25)\n    at process.processTicksAndRejections (node:internal/process/task_queues:103:5)\n    at async onImport.tracePromise.__proto__ (node:internal/modules/esm/loader:661:26)\n    at async asyncRunEntryPointWithESMLoader (node:internal/modules/run_main:101:5)","timestamp":"2026-03-24 02:09:47.833","url":"missing"}
{"environment":"development","level":"info","message":"🚀 Server is running on port 6000","port":6000,"service":"neural-shop-backend","timestamp":"2026-03-24 02:09:47.839"}
{"category":"database","level":"info","message":"🗄️  MongoDB not configured","service":"neural-shop-backend","timestamp":"2026-03-24 02:09:47.841"}
{"level":"info","message":"Database URL null","service":"neural-shop-backend","timestamp":"2026-03-24 02:09:47.829"}
{"level":"error","message":"Failed to connect to MongoDB: The `uri` parameter to `openUri()` must be a string, got \"object\". Make sure the first parameter to `mongoose.connect()` or `mongoose.createConnection()` is a string.","service":"neural-shop-backend","stack":"MongooseError: The `uri` parameter to `openUri()` must be a string, got \"object\". Make sure the first parameter to `mongoose.connect()` or `mongoose.createConnection()` is a string.\n    at NativeConnection.createClient (C:\\Users\\kusha\\OneDrive\\Desktop\\WebDevelopment\\PROJECTs\\NeuralShop\\backend\\node_modules\\mongoose\\lib\\drivers\\node-mongodb-native\\connection.js:237:11)\n    at NativeConnection.openUri (C:\\Users\\kusha\\OneDrive\\Desktop\\WebDevelopment\\PROJECTs\\NeuralShop\\backend\\node_modules\\mongoose\\lib\\connection.js:1075:34)\n    at Mongoose.connect (C:\\Users\\kusha\\OneDrive\\Desktop\\WebDevelopment\\PROJECTs\\NeuralShop\\backend\\node_modules\\mongoose\\lib\\mongoose.js:450:15)\n    at connectDB (file:///C:/Users/kusha/OneDrive/Desktop/WebDevelopment/PROJECTs/NeuralShop/backend/src/config/db.js:8:20)\n    at file:///C:/Users/kusha/OneDrive/Desktop/WebDevelopment/PROJECTs/NeuralShop/backend/src/app.js:43:1\n    at ModuleJob.run (node:internal/modules/esm/module_job:430:25)\n    at process.processTicksAndRejections (node:internal/process/task_queues:103:5)\n    at async onImport.tracePromise.__proto__ (node:internal/modules/esm/loader:661:26)\n    at async asyncRunEntryPointWithESMLoader (node:internal/modules/run_main:101:5)","timestamp":"2026-03-24 02:09:47.844","url":"missing"}
{"environment":"development","level":"info","message":"🚀 Server is running on port 6000","port":6000,"service":"neural-shop-backend","timestamp":"2026-03-24 02:09:47.854"}
{"category":"database","level":"info","message":"🗄️  MongoDB not configured","service":"neural-shop-backend","timestamp":"2026-03-24 02:09:47.857"}
{"level":"info","message":"Database URL null","service":"neural-shop-backend","timestamp":"2026-03-24 02:09:47.862"}
{"level":"error","message":"Failed to connect to MongoDB: The `uri` parameter to `openUri()` must be a string, got \"object\". Make sure the first parameter to `mongoose.connect()` or `mongoose.createConnection()` is a string.","service":"neural-shop-backend","stack":"MongooseError: The `uri` parameter to `openUri()` must be a string, got \"object\". Make sure the first parameter to `mongoose.connect()` or `mongoose.createConnection()` is a string.\n    at NativeConnection.createClient (C:\\Users\\kusha\\OneDrive\\Desktop\\WebDevelopment\\PROJECTs\\NeuralShop\\backend\\node_modules\\mongoose\\lib\\drivers\\node-mongodb-native\\connection.js:237:11)\n    at NativeConnection.openUri (C:\\Users\\kusha\\OneDrive\\Desktop\\WebDevelopment\\PROJECTs\\NeuralShop\\backend\\node_modules\\mongoose\\lib\\connection.js:1075:34)\n    at Mongoose.connect (C:\\Users\\kusha\\OneDrive\\Desktop\\WebDevelopment\\PROJECTs\\NeuralShop\\backend\\node_modules\\mongoose\\lib\\mongoose.js:450:15)\n    at connectDB (file:///C:/Users/kusha/OneDrive/Desktop/WebDevelopment/PROJECTs/NeuralShop/backend/src/config/db.js:8:20)\n    at file:///C:/Users/kusha/OneDrive/Desktop/WebDevelopment/PROJECTs/NeuralShop/backend/src/app.js:43:1\n    at ModuleJob.run (node:internal/modules/esm/module_job:430:25)\n    at process.processTicksAndRejections (node:internal/process/task_queues:103:5)\n    at async onImport.tracePromise.__proto__ (node:internal/modules/esm/loader:661:26)\n    at async asyncRunEntryPointWithESMLoader (node:internal/modules/run_main:101:5)","timestamp":"2026-03-24 02:09:47.879","url":"missing"}
{"environment":"development","level":"info","message":"🚀 Server is running on port 6000","port":6000,"service":"neural-shop-backend","timestamp":"2026-03-24 02:09:47.884"}
{"category":"database","level":"info","message":"🗄️  MongoDB not configured","service":"neural-shop-backend","timestamp":"2026-03-24 02:09:47.885"}
{"level":"info","message":"Database URL null","service":"neural-shop-backend","timestamp":"2026-03-24 02:09:48.168"}
{"level":"error","message":"Failed to connect to MongoDB: The `uri` parameter to `openUri()` must be a string, got \"object\". Make sure the first parameter to `mongoose.connect()` or `mongoose.createConnection()` is a string.","service":"neural-shop-backend","stack":"MongooseError: The `uri` parameter to `openUri()` must be a string, got \"object\". Make sure the first parameter to `mongoose.connect()` or `mongoose.createConnection()` is a string.\n    at NativeConnection.createClient (C:\\Users\\kusha\\OneDrive\\Desktop\\WebDevelopment\\PROJECTs\\NeuralShop\\backend\\node_modules\\mongoose\\lib\\drivers\\node-mongodb-native\\connection.js:237:11)\n    at NativeConnection.openUri (C:\\Users\\kusha\\OneDrive\\Desktop\\WebDevelopment\\PROJECTs\\NeuralShop\\backend\\node_modules\\mongoose\\lib\\connection.js:1075:34)\n    at Mongoose.connect (C:\\Users\\kusha\\OneDrive\\Desktop\\WebDevelopment\\PROJECTs\\NeuralShop\\backend\\node_modules\\mongoose\\lib\\mongoose.js:450:15)\n    at connectDB (file:///C:/Users/kusha/OneDrive/Desktop/WebDevelopment/PROJECTs/NeuralShop/backend/src/config/db.js:8:20)\n    at file:///C:/Users/kusha/OneDrive/Desktop/WebDevelopment/PROJECTs/NeuralShop/backend/src/app.js:43:1\n    at ModuleJob.run (node:internal/modules/esm/module_job:430:25)\n    at process.processTicksAndRejections (node:internal/process/task_queues:103:5)\n    at async onImport.tracePromise.__proto__ (node:internal/modules/esm/loader:661:26)\n    at async asyncRunEntryPointWithESMLoader (node:internal/modules/run_main:101:5)","timestamp":"2026-03-24 02:09:48.181","url":"missing"}
{"environment":"development","level":"info","message":"🚀 Server is running on port 6000","port":6000,"service":"neural-shop-backend","timestamp":"2026-03-24 02:09:48.187"}
{"category":"database","level":"info","message":"🗄️  MongoDB not configured","service":"neural-shop-backend","timestamp":"2026-03-24 02:09:48.190"}
{"level":"info","message":"Database URL null","service":"neural-shop-backend","timestamp":"2026-03-24 02:09:59.002"}
{"level":"error","message":"Failed to connect to MongoDB: The `uri` parameter to `openUri()` must be a string, got \"object\". Make sure the first parameter to `mongoose.connect()` or `mongoose.createConnection()` is a string.","service":"neural-shop-backend","stack":"MongooseError: The `uri` parameter to `openUri()` must be a string, got \"object\". Make sure the first parameter to `mongoose.connect()` or `mongoose.createConnection()` is a string.\n    at NativeConnection.createClient (C:\\Users\\kusha\\OneDrive\\Desktop\\WebDevelopment\\PROJECTs\\NeuralShop\\backend\\node_modules\\mongoose\\lib\\drivers\\node-mongodb-native\\connection.js:237:11)\n    at NativeConnection.openUri (C:\\Users\\kusha\\OneDrive\\Desktop\\WebDevelopment\\PROJECTs\\NeuralShop\\backend\\node_modules\\mongoose\\lib\\connection.js:1075:34)\n    at Mongoose.connect (C:\\Users\\kusha\\OneDrive\\Desktop\\WebDevelopment\\PROJECTs\\NeuralShop\\backend\\node_modules\\mongoose\\lib\\mongoose.js:450:15)\n    at connectDB (file:///C:/Users/kusha/OneDrive/Desktop/WebDevelopment/PROJECTs/NeuralShop/backend/src/config/db.js:8:20)\n    at file:///C:/Users/kusha/OneDrive/Desktop/WebDevelopment/PROJECTs/NeuralShop/backend/src/app.js:43:1\n    at ModuleJob.run (node:internal/modules/esm/module_job:430:25)\n    at process.processTicksAndRejections (node:internal/process/task_queues:103:5)\n    at async onImport.tracePromise.__proto__ (node:internal/modules/esm/loader:661:26)\n    at async asyncRunEntryPointWithESMLoader (node:internal/modules/run_main:101:5)","timestamp":"2026-03-24 02:09:59.015","url":"missing"}
{"environment":"development","level":"info","message":"🚀 Server is running on port 6000","port":6000,"service":"neural-shop-backend","timestamp":"2026-03-24 02:09:59.019"}
{"category":"database","level":"info","message":"🗄️  MongoDB not configured","service":"neural-shop-backend","timestamp":"2026-03-24 02:09:59.021"}
{"level":"info","message":"Database URL null","service":"neural-shop-backend","timestamp":"2026-03-24 02:09:59.004"}
{"level":"error","message":"Failed to connect to MongoDB: The `uri` parameter to `openUri()` must be a string, got \"object\". Make sure the first parameter to `mongoose.connect()` or `mongoose.createConnection()` is a string.","service":"neural-shop-backend","stack":"MongooseError: The `uri` parameter to `openUri()` must be a string, got \"object\". Make sure the first parameter to `mongoose.connect()` or `mongoose.createConnection()` is a string.\n    at NativeConnection.createClient (C:\\Users\\kusha\\OneDrive\\Desktop\\WebDevelopment\\PROJECTs\\NeuralShop\\backend\\node_modules\\mongoose\\lib\\drivers\\node-mongodb-native\\connection.js:237:11)\n    at NativeConnection.openUri (C:\\Users\\kusha\\OneDrive\\Desktop\\WebDevelopment\\PROJECTs\\NeuralShop\\backend\\node_modules\\mongoose\\lib\\connection.js:1075:34)\n    at Mongoose.connect (C:\\Users\\kusha\\OneDrive\\Desktop\\WebDevelopment\\PROJECTs\\NeuralShop\\backend\\node_modules\\mongoose\\lib\\mongoose.js:450:15)\n    at connectDB (file:///C:/Users/kusha/OneDrive/Desktop/WebDevelopment/PROJECTs/NeuralShop/backend/src/config/db.js:8:20)\n    at file:///C:/Users/kusha/OneDrive/Desktop/WebDevelopment/PROJECTs/NeuralShop/backend/src/app.js:43:1\n    at ModuleJob.run (node:internal/modules/esm/module_job:430:25)\n    at process.processTicksAndRejections (node:internal/process/task_queues:103:5)\n    at async onImport.tracePromise.__proto__ (node:internal/modules/esm/loader:661:26)\n    at async asyncRunEntryPointWithESMLoader (node:internal/modules/run_main:101:5)","timestamp":"2026-03-24 02:09:59.017","url":"missing"}
{"environment":"development","level":"info","message":"🚀 Server is running on port 6000","port":6000,"service":"neural-shop-backend","timestamp":"2026-03-24 02:09:59.021"}
{"category":"database","level":"info","message":"🗄️  MongoDB not configured","service":"neural-shop-backend","timestamp":"2026-03-24 02:09:59.023"}
{"level":"info","message":"Database URL null","service":"neural-shop-backend","timestamp":"2026-03-24 02:09:59.044"}
{"level":"error","message":"Failed to connect to MongoDB: The `uri` parameter to `openUri()` must be a string, got \"object\". Make sure the first parameter to `mongoose.connect()` or `mongoose.createConnection()` is a string.","service":"neural-shop-backend","stack":"MongooseError: The `uri` parameter to `openUri()` must be a string, got \"object\". Make sure the first parameter to `mongoose.connect()` or `mongoose.createConnection()` is a string.\n    at NativeConnection.createClient (C:\\Users\\kusha\\OneDrive\\Desktop\\WebDevelopment\\PROJECTs\\NeuralShop\\backend\\node_modules\\mongoose\\lib\\drivers\\node-mongodb-native\\connection.js:237:11)\n    at NativeConnection.openUri (C:\\Users\\kusha\\OneDrive\\Desktop\\WebDevelopment\\PROJECTs\\NeuralShop\\backend\\node_modules\\mongoose\\lib\\connection.js:1075:34)\n    at Mongoose.connect (C:\\Users\\kusha\\OneDrive\\Desktop\\WebDevelopment\\PROJECTs\\NeuralShop\\backend\\node_modules\\mongoose\\lib\\mongoose.js:450:15)\n    at connectDB (file:///C:/Users/kusha/OneDrive/Desktop/WebDevelopment/PROJECTs/NeuralShop/backend/src/config/db.js:8:20)\n    at file:///C:/Users/kusha/OneDrive/Desktop/WebDevelopment/PROJECTs/NeuralShop/backend/src/app.js:43:1\n    at ModuleJob.run (node:internal/modules/esm/module_job:430:25)\n    at process.processTicksAndRejections (node:internal/process/task_queues:103:5)\n    at async onImport.tracePromise.__proto__ (node:internal/modules/esm/loader:661:26)\n    at async asyncRunEntryPointWithESMLoader (node:internal/modules/run_main:101:5)","timestamp":"2026-03-24 02:09:59.057","url":"missing"}
{"environment":"development","level":"info","message":"🚀 Server is running on port 6000","port":6000,"service":"neural-shop-backend","timestamp":"2026-03-24 02:09:59.061"}
{"category":"database","level":"info","message":"🗄️  MongoDB not configured","service":"neural-shop-backend","timestamp":"2026-03-24 02:09:59.064"}
{"level":"info","message":"Database URL null","service":"neural-shop-backend","timestamp":"2026-03-24 02:09:59.259"}
{"level":"error","message":"Failed to connect to MongoDB: The `uri` parameter to `openUri()` must be a string, got \"object\". Make sure the first parameter to `mongoose.connect()` or `mongoose.createConnection()` is a string.","service":"neural-shop-backend","stack":"MongooseError: The `uri` parameter to `openUri()` must be a string, got \"object\". Make sure the first parameter to `mongoose.connect()` or `mongoose.createConnection()` is a string.\n    at NativeConnection.createClient (C:\\Users\\kusha\\OneDrive\\Desktop\\WebDevelopment\\PROJECTs\\NeuralShop\\backend\\node_modules\\mongoose\\lib\\drivers\\node-mongodb-native\\connection.js:237:11)\n    at NativeConnection.openUri (C:\\Users\\kusha\\OneDrive\\Desktop\\WebDevelopment\\PROJECTs\\NeuralShop\\backend\\node_modules\\mongoose\\lib\\connection.js:1075:34)\n    at Mongoose.connect (C:\\Users\\kusha\\OneDrive\\Desktop\\WebDevelopment\\PROJECTs\\NeuralShop\\backend\\node_modules\\mongoose\\lib\\mongoose.js:450:15)\n    at connectDB (file:///C:/Users/kusha/OneDrive/Desktop/WebDevelopment/PROJECTs/NeuralShop/backend/src/config/db.js:8:20)\n    at file:///C:/Users/kusha/OneDrive/Desktop/WebDevelopment/PROJECTs/NeuralShop/backend/src/app.js:43:1\n    at ModuleJob.run (node:internal/modules/esm/module_job:430:25)\n    at process.processTicksAndRejections (node:internal/process/task_queues:103:5)\n    at async onImport.tracePromise.__proto__ (node:internal/modules/esm/loader:661:26)\n    at async asyncRunEntryPointWithESMLoader (node:internal/modules/run_main:101:5)","timestamp":"2026-03-24 02:09:59.270","url":"missing"}
{"environment":"development","level":"info","message":"🚀 Server is running on port 6000","port":6000,"service":"neural-shop-backend","timestamp":"2026-03-24 02:09:59.274"}
{"category":"database","level":"info","message":"🗄️  MongoDB not configured","service":"neural-shop-backend","timestamp":"2026-03-24 02:09:59.275"}
{"level":"info","message":"Database URL mongodb://admin:admin@localhost:27017/neural_shop?authSource=admin","service":"neural-shop-backend","timestamp":"2026-03-24 02:10:03.292"}
{"level":"info","message":"Database URL mongodb://admin:admin@localhost:27017/neural_shop?authSource=admin","service":"neural-shop-backend","timestamp":"2026-03-24 02:10:03.287"}
{"level":"info","message":"Database URL mongodb://admin:admin@localhost:27017/neural_shop?authSource=admin","service":"neural-shop-backend","timestamp":"2026-03-24 02:10:03.293"}
{"environment":"production","level":"info","message":"🚀 Server is running on port 8000","port":8000,"service":"neural-shop-backend","timestamp":"2026-03-24 02:10:03.364"}
{"category":"database","level":"info","message":"🗄️  MongoDB connected","service":"neural-shop-backend","timestamp":"2026-03-24 02:10:03.367"}
{"environment":"production","level":"info","message":"🚀 Server is running on port 8000","port":8000,"service":"neural-shop-backend","timestamp":"2026-03-24 02:10:03.359"}
{"category":"database","level":"info","message":"🗄️  MongoDB connected","service":"neural-shop-backend","timestamp":"2026-03-24 02:10:03.361"}
{"environment":"production","level":"info","message":"🚀 Server is running on port 8000","port":8000,"service":"neural-shop-backend","timestamp":"2026-03-24 02:10:03.367"}
{"category":"database","level":"info","message":"🗄️  MongoDB connected","service":"neural-shop-backend","timestamp":"2026-03-24 02:10:03.383"}
{"level":"info","message":"Database URL mongodb://admin:admin@localhost:27017/neural_shop?authSource=admin","service":"neural-shop-backend","timestamp":"2026-03-24 02:10:03.289"}
{"environment":"production","level":"info","message":"🚀 Server is running on port 8000","port":8000,"service":"neural-shop-backend","timestamp":"2026-03-24 02:10:03.368"}
{"category":"database","level":"info","message":"🗄️  MongoDB connected","service":"neural-shop-backend","timestamp":"2026-03-24 02:10:03.384"}
{"category":"database","host":"localhost:27017","level":"info","message":"🗄️  Connected successfully","service":"neural-shop-backend","timestamp":"2026-03-24 02:10:03.480"}
{"category":"database","host":"localhost:27017","level":"info","message":"🗄️  Connected successfully","service":"neural-shop-backend","timestamp":"2026-03-24 02:10:03.481"}
{"category":"database","host":"localhost:27017","level":"info","message":"🗄️  Connected successfully","service":"neural-shop-backend","timestamp":"2026-03-24 02:10:03.477"}
{"category":"database","host":"localhost:27017","level":"info","message":"🗄️  Connected successfully","service":"neural-shop-backend","timestamp":"2026-03-24 02:10:03.533"}
{"level":"info","message":"Database URL mongodb://admin:admin@localhost:27017/neural_shop?authSource=admin","service":"neural-shop-backend","timestamp":"2026-03-24 02:10:21.478"}
{"level":"info","message":"Database URL mongodb://admin:admin@localhost:27017/neural_shop?authSource=admin","service":"neural-shop-backend","timestamp":"2026-03-24 02:10:21.474"}
{"environment":"production","level":"info","message":"🚀 Server is running on port 8000","port":8000,"service":"neural-shop-backend","timestamp":"2026-03-24 02:10:21.522"}
{"category":"database","level":"info","message":"🗄️  MongoDB connected","service":"neural-shop-backend","timestamp":"2026-03-24 02:10:21.523"}
{"environment":"production","level":"info","message":"🚀 Server is running on port 8000","port":8000,"service":"neural-shop-backend","timestamp":"2026-03-24 02:10:21.523"}
{"category":"database","level":"info","message":"🗄️  MongoDB connected","service":"neural-shop-backend","timestamp":"2026-03-24 02:10:21.525"}
{"level":"info","message":"Database URL mongodb://admin:admin@localhost:27017/neural_shop?authSource=admin","service":"neural-shop-backend","timestamp":"2026-03-24 02:10:21.491"}
{"environment":"production","level":"info","message":"🚀 Server is running on port 8000","port":8000,"service":"neural-shop-backend","timestamp":"2026-03-24 02:10:21.551"}
{"category":"database","level":"info","message":"🗄️  MongoDB connected","service":"neural-shop-backend","timestamp":"2026-03-24 02:10:21.554"}
{"level":"info","message":"Database URL mongodb://admin:admin@localhost:27017/neural_shop?authSource=admin","service":"neural-shop-backend","timestamp":"2026-03-24 02:10:21.500"}
{"category":"database","host":"localhost:27017","level":"info","message":"🗄️  Connected successfully","service":"neural-shop-backend","timestamp":"2026-03-24 02:10:21.604"}
{"environment":"production","level":"info","message":"🚀 Server is running on port 8000","port":8000,"service":"neural-shop-backend","timestamp":"2026-03-24 02:10:21.579"}
{"category":"database","level":"info","message":"🗄️  MongoDB connected","service":"neural-shop-backend","timestamp":"2026-03-24 02:10:21.582"}
{"category":"database","host":"localhost:27017","level":"info","message":"🗄️  Connected successfully","service":"neural-shop-backend","timestamp":"2026-03-24 02:10:21.608"}
{"category":"database","host":"localhost:27017","level":"info","message":"🗄️  Connected successfully","service":"neural-shop-backend","timestamp":"2026-03-24 02:10:21.633"}
{"category":"database","host":"localhost:27017","level":"info","message":"🗄️  Connected successfully","service":"neural-shop-backend","timestamp":"2026-03-24 02:10:21.654"}
{"level":"info","message":"Database URL mongodb://admin:admin@localhost:27017/neural_shop?authSource=admin","service":"neural-shop-backend","timestamp":"2026-03-24 02:10:37.293"}
{"environment":"production","level":"info","message":"🚀 Server is running on port 8000","port":8000,"service":"neural-shop-backend","timestamp":"2026-03-24 02:10:37.359"}
{"category":"database","level":"info","message":"🗄️  MongoDB connected","service":"neural-shop-backend","timestamp":"2026-03-24 02:10:37.362"}
{"category":"database","host":"localhost:27017","level":"info","message":"🗄️  Connected successfully","service":"neural-shop-backend","timestamp":"2026-03-24 02:10:37.453"}
{"level":"info","message":"Database URL mongodb://admin:admin@localhost:27017/neural_shop?authSource=admin","service":"neural-shop-backend","timestamp":"2026-03-24 02:11:29.452"}
{"environment":"production","level":"info","message":"🚀 Server is running on port 8000","port":8000,"service":"neural-shop-backend","timestamp":"2026-03-24 02:11:29.493"}
{"category":"database","level":"info","message":"🗄️  MongoDB connected","service":"neural-shop-backend","timestamp":"2026-03-24 02:11:29.496"}
{"level":"info","message":"Database URL mongodb://admin:admin@localhost:27017/neural_shop?authSource=admin","service":"neural-shop-backend","timestamp":"2026-03-24 02:11:29.457"}
{"environment":"production","level":"info","message":"🚀 Server is running on port 8000","port":8000,"service":"neural-shop-backend","timestamp":"2026-03-24 02:11:29.500"}
{"category":"database","level":"info","message":"🗄️  MongoDB connected","service":"neural-shop-backend","timestamp":"2026-03-24 02:11:29.502"}
{"category":"database","host":"localhost:27017","level":"info","message":"🗄️  Connected successfully","service":"neural-shop-backend","timestamp":"2026-03-24 02:11:29.560"}
{"category":"database","host":"localhost:27017","level":"info","message":"🗄️  Connected successfully","service":"neural-shop-backend","timestamp":"2026-03-24 02:11:29.605"}
{"level":"info","message":"Database URL mongodb://admin:admin@localhost:27017/neural_shop?authSource=admin","service":"neural-shop-backend","timestamp":"2026-03-24 02:11:29.542"}
{"environment":"production","level":"info","message":"🚀 Server is running on port 8000","port":8000,"service":"neural-shop-backend","timestamp":"2026-03-24 02:11:29.657"}
{"category":"database","level":"info","message":"🗄️  MongoDB connected","service":"neural-shop-backend","timestamp":"2026-03-24 02:11:29.659"}
{"category":"database","host":"localhost:27017","level":"info","message":"🗄️  Connected successfully","service":"neural-shop-backend","timestamp":"2026-03-24 02:11:29.760"}
{"level":"info","message":"Database URL mongodb://admin:admin@localhost:27017/neural_shop?authSource=admin","service":"neural-shop-backend","timestamp":"2026-03-24 15:50:00.068"}
{"environment":"development","level":"info","message":"🚀 Server is running on port 8000","port":8000,"service":"neural-shop-backend","timestamp":"2026-03-24 15:50:00.121"}
{"category":"database","level":"info","message":"🗄️  MongoDB connected","service":"neural-shop-backend","timestamp":"2026-03-24 15:50:00.123"}
{"category":"database","host":"localhost:27017","level":"info","message":"🗄️  Connected successfully","service":"neural-shop-backend","timestamp":"2026-03-24 15:50:00.199"}
>>>>>>> e46555d8f8e41a1394076e4977938949b8144567
