<<<<<<< HEAD
{"level":"info","message":"🚀 Kafka consumers started","service":"neural-shop-backend","timestamp":"2026-04-03 15:16:09.104"}
{"level":"info","message":"Database URL mongodb://admin:admin@localhost:27017/neural_shop?authSource=admin","service":"neural-shop-backend","timestamp":"2026-04-03 15:19:26.001"}
{"environment":"development","level":"info","message":"🚀 Server is running on port 8000","port":8000,"service":"neural-shop-backend","timestamp":"2026-04-03 15:19:26.221"}
{"category":"database","level":"info","message":"🗄️  MongoDB connected","service":"neural-shop-backend","timestamp":"2026-04-03 15:19:26.222"}
{"level":"info","message":"✅ Redis Connected","service":"neural-shop-backend","timestamp":"2026-04-03 15:19:26.251"}
{"level":"info","message":"🚀 Redis Ready","service":"neural-shop-backend","timestamp":"2026-04-03 15:19:26.301"}
{"level":"info","message":"🚀 Redis connected","service":"neural-shop-backend","timestamp":"2026-04-03 15:19:26.303"}
{"category":"database","host":"localhost:27017","level":"info","message":"🗄️  Connected successfully","service":"neural-shop-backend","timestamp":"2026-04-03 15:19:26.342"}
{"level":"info","message":"🚀 Kafka producer connected","service":"neural-shop-backend","timestamp":"2026-04-03 15:19:26.356"}
{"level":"info","message":"Database URL mongodb://admin:admin@localhost:27017/neural_shop?authSource=admin","service":"neural-shop-backend","timestamp":"2026-04-03 15:19:31.036"}
{"environment":"development","level":"info","message":"🚀 Server is running on port 8000","port":8000,"service":"neural-shop-backend","timestamp":"2026-04-03 15:19:31.149"}
{"category":"database","level":"info","message":"🗄️  MongoDB connected","service":"neural-shop-backend","timestamp":"2026-04-03 15:19:31.151"}
{"level":"info","message":"✅ Redis Connected","service":"neural-shop-backend","timestamp":"2026-04-03 15:19:31.172"}
{"level":"info","message":"🚀 Redis Ready","service":"neural-shop-backend","timestamp":"2026-04-03 15:19:31.210"}
{"level":"info","message":"🚀 Redis connected","service":"neural-shop-backend","timestamp":"2026-04-03 15:19:31.222"}
{"category":"database","host":"localhost:27017","level":"info","message":"🗄️  Connected successfully","service":"neural-shop-backend","timestamp":"2026-04-03 15:19:31.234"}
{"level":"info","message":"🚀 Kafka producer connected","service":"neural-shop-backend","timestamp":"2026-04-03 15:19:31.271"}
{"level":"info","message":"Database URL mongodb://admin:admin@localhost:27017/neural_shop?authSource=admin","service":"neural-shop-backend","timestamp":"2026-04-03 15:19:34.030"}
{"environment":"development","level":"info","message":"🚀 Server is running on port 8000","port":8000,"service":"neural-shop-backend","timestamp":"2026-04-03 15:19:34.160"}
{"category":"database","level":"info","message":"🗄️  MongoDB connected","service":"neural-shop-backend","timestamp":"2026-04-03 15:19:34.162"}
{"level":"info","message":"✅ Redis Connected","service":"neural-shop-backend","timestamp":"2026-04-03 15:19:34.185"}
{"level":"info","message":"🚀 Redis Ready","service":"neural-shop-backend","timestamp":"2026-04-03 15:19:34.237"}
{"level":"info","message":"🚀 Redis connected","service":"neural-shop-backend","timestamp":"2026-04-03 15:19:34.240"}
{"category":"database","host":"localhost:27017","level":"info","message":"🗄️  Connected successfully","service":"neural-shop-backend","timestamp":"2026-04-03 15:19:34.280"}
{"level":"info","message":"🚀 Kafka producer connected","service":"neural-shop-backend","timestamp":"2026-04-03 15:19:34.291"}
{"level":"info","message":"Database URL mongodb://admin:admin@localhost:27017/neural_shop?authSource=admin","service":"neural-shop-backend","timestamp":"2026-04-03 15:19:36.071"}
{"environment":"development","level":"info","message":"🚀 Server is running on port 8000","port":8000,"service":"neural-shop-backend","timestamp":"2026-04-03 15:19:36.192"}
{"category":"database","level":"info","message":"🗄️  MongoDB connected","service":"neural-shop-backend","timestamp":"2026-04-03 15:19:36.194"}
{"level":"info","message":"✅ Redis Connected","service":"neural-shop-backend","timestamp":"2026-04-03 15:19:36.211"}
{"level":"info","message":"🚀 Redis Ready","service":"neural-shop-backend","timestamp":"2026-04-03 15:19:36.250"}
{"level":"info","message":"🚀 Redis connected","service":"neural-shop-backend","timestamp":"2026-04-03 15:19:36.252"}
{"category":"database","host":"localhost:27017","level":"info","message":"🗄️  Connected successfully","service":"neural-shop-backend","timestamp":"2026-04-03 15:19:36.259"}
{"level":"info","message":"🚀 Kafka producer connected","service":"neural-shop-backend","timestamp":"2026-04-03 15:19:36.286"}
{"level":"info","message":"Database URL mongodb://admin:admin@localhost:27017/neural_shop?authSource=admin","service":"neural-shop-backend","timestamp":"2026-04-03 15:22:19.331"}
{"environment":"development","level":"info","message":"🚀 Server is running on port 8000","port":8000,"service":"neural-shop-backend","timestamp":"2026-04-03 15:22:19.453"}
{"category":"database","level":"info","message":"🗄️  MongoDB connected","service":"neural-shop-backend","timestamp":"2026-04-03 15:22:19.454"}
{"level":"info","message":"✅ Redis Connected","service":"neural-shop-backend","timestamp":"2026-04-03 15:22:19.472"}
{"level":"info","message":"🚀 Redis Ready","service":"neural-shop-backend","timestamp":"2026-04-03 15:22:19.501"}
{"level":"info","message":"🚀 Redis connected","service":"neural-shop-backend","timestamp":"2026-04-03 15:22:19.503"}
{"category":"database","host":"localhost:27017","level":"info","message":"🗄️  Connected successfully","service":"neural-shop-backend","timestamp":"2026-04-03 15:22:19.534"}
{"level":"info","message":"🚀 Kafka producer connected","service":"neural-shop-backend","timestamp":"2026-04-03 15:22:19.543"}
{"level":"info","message":"🚀 Kafka consumers started","service":"neural-shop-backend","timestamp":"2026-04-03 15:22:22.626"}
{"level":"info","message":"Database URL mongodb://admin:admin@localhost:27017/neural_shop?authSource=admin","service":"neural-shop-backend","timestamp":"2026-04-03 15:22:29.225"}
{"environment":"development","level":"info","message":"🚀 Server is running on port 8000","port":8000,"service":"neural-shop-backend","timestamp":"2026-04-03 15:22:29.356"}
{"category":"database","level":"info","message":"🗄️  MongoDB connected","service":"neural-shop-backend","timestamp":"2026-04-03 15:22:29.357"}
{"level":"info","message":"✅ Redis Connected","service":"neural-shop-backend","timestamp":"2026-04-03 15:22:29.383"}
{"level":"info","message":"🚀 Redis Ready","service":"neural-shop-backend","timestamp":"2026-04-03 15:22:29.424"}
{"level":"info","message":"🚀 Redis connected","service":"neural-shop-backend","timestamp":"2026-04-03 15:22:29.426"}
{"category":"database","host":"localhost:27017","level":"info","message":"🗄️  Connected successfully","service":"neural-shop-backend","timestamp":"2026-04-03 15:22:29.454"}
{"level":"info","message":"🚀 Kafka producer connected","service":"neural-shop-backend","timestamp":"2026-04-03 15:22:29.464"}
{"level":"info","message":"Database URL mongodb://admin:admin@localhost:27017/neural_shop?authSource=admin","service":"neural-shop-backend","timestamp":"2026-04-03 15:22:58.446"}
{"environment":"development","level":"info","message":"🚀 Server is running on port 8000","port":8000,"service":"neural-shop-backend","timestamp":"2026-04-03 15:22:58.562"}
{"category":"database","level":"info","message":"🗄️  MongoDB connected","service":"neural-shop-backend","timestamp":"2026-04-03 15:22:58.563"}
{"level":"info","message":"✅ Redis Connected","service":"neural-shop-backend","timestamp":"2026-04-03 15:22:58.578"}
{"level":"info","message":"🚀 Redis Ready","service":"neural-shop-backend","timestamp":"2026-04-03 15:22:58.612"}
{"level":"info","message":"🚀 Redis connected","service":"neural-shop-backend","timestamp":"2026-04-03 15:22:58.622"}
{"category":"database","host":"localhost:27017","level":"info","message":"🗄️  Connected successfully","service":"neural-shop-backend","timestamp":"2026-04-03 15:22:58.630"}
{"level":"info","message":"🚀 Kafka producer connected","service":"neural-shop-backend","timestamp":"2026-04-03 15:22:58.658"}
{"level":"info","message":"🚀 Kafka consumers started","service":"neural-shop-backend","timestamp":"2026-04-03 15:23:27.668"}
{"category":"http","ip":"::1","level":"info","message":"→ GET / [200]","service":"neural-shop-backend","timestamp":"2026-04-03 15:23:37.803","userAgent":"PostmanRuntime/7.53.0"}
{"level":"info","message":"Database URL mongodb://admin:admin@localhost:27017/neural_shop?authSource=admin","service":"neural-shop-backend","timestamp":"2026-04-03 15:24:47.196"}
{"environment":"development","level":"info","message":"🚀 Server is running on port 8000","port":8000,"service":"neural-shop-backend","timestamp":"2026-04-03 15:24:47.324"}
{"category":"database","level":"info","message":"🗄️  MongoDB connected","service":"neural-shop-backend","timestamp":"2026-04-03 15:24:47.325"}
{"level":"info","message":"✅ Redis Connected","service":"neural-shop-backend","timestamp":"2026-04-03 15:24:47.351"}
{"level":"info","message":"🚀 Redis Ready","service":"neural-shop-backend","timestamp":"2026-04-03 15:24:47.398"}
{"level":"info","message":"🚀 Redis connected","service":"neural-shop-backend","timestamp":"2026-04-03 15:24:47.399"}
{"category":"database","host":"localhost:27017","level":"info","message":"🗄️  Connected successfully","service":"neural-shop-backend","timestamp":"2026-04-03 15:24:47.408"}
{"level":"info","message":"🚀 Kafka producer connected","service":"neural-shop-backend","timestamp":"2026-04-03 15:24:47.434"}
{"level":"info","message":"🚀 Kafka consumers started","service":"neural-shop-backend","timestamp":"2026-04-03 15:25:07.801"}
{"level":"warn","message":"Route not found","method":"POST","path":"/api/auth/registration","service":"neural-shop-backend","timestamp":"2026-04-03 15:27:48.277"}
{"category":"http","ip":"::1","level":"info","message":"→ POST /api/auth/registration [404]","service":"neural-shop-backend","timestamp":"2026-04-03 15:27:48.280","userAgent":"PostmanRuntime/7.53.0"}
{"level":"info","message":"Database URL mongodb://admin:admin@localhost:27017/neural_shop?authSource=admin","service":"neural-shop-backend","timestamp":"2026-04-03 15:28:58.947"}
{"environment":"development","level":"info","message":"🚀 Server is running on port 8000","port":8000,"service":"neural-shop-backend","timestamp":"2026-04-03 15:28:59.073"}
{"category":"database","level":"info","message":"🗄️  MongoDB connected","service":"neural-shop-backend","timestamp":"2026-04-03 15:28:59.074"}
{"level":"info","message":"✅ Redis Connected","service":"neural-shop-backend","timestamp":"2026-04-03 15:28:59.103"}
{"level":"info","message":"🚀 Redis Ready","service":"neural-shop-backend","timestamp":"2026-04-03 15:28:59.134"}
{"level":"info","message":"🚀 Redis connected","service":"neural-shop-backend","timestamp":"2026-04-03 15:28:59.137"}
{"category":"database","host":"localhost:27017","level":"info","message":"🗄️  Connected successfully","service":"neural-shop-backend","timestamp":"2026-04-03 15:28:59.164"}
{"level":"info","message":"🚀 Kafka producer connected","service":"neural-shop-backend","timestamp":"2026-04-03 15:28:59.173"}
{"level":"info","message":"Database URL mongodb://admin:admin@localhost:27017/neural_shop?authSource=admin","service":"neural-shop-backend","timestamp":"2026-04-03 15:29:02.499"}
{"environment":"development","level":"info","message":"🚀 Server is running on port 8000","port":8000,"service":"neural-shop-backend","timestamp":"2026-04-03 15:29:02.627"}
{"category":"database","level":"info","message":"🗄️  MongoDB connected","service":"neural-shop-backend","timestamp":"2026-04-03 15:29:02.628"}
{"level":"info","message":"✅ Redis Connected","service":"neural-shop-backend","timestamp":"2026-04-03 15:29:02.647"}
{"level":"info","message":"🚀 Redis Ready","service":"neural-shop-backend","timestamp":"2026-04-03 15:29:02.690"}
{"level":"info","message":"🚀 Redis connected","service":"neural-shop-backend","timestamp":"2026-04-03 15:29:02.692"}
{"category":"database","host":"localhost:27017","level":"info","message":"🗄️  Connected successfully","service":"neural-shop-backend","timestamp":"2026-04-03 15:29:02.718"}
{"level":"info","message":"🚀 Kafka producer connected","service":"neural-shop-backend","timestamp":"2026-04-03 15:29:02.727"}
{"level":"info","message":"Database URL mongodb://admin:admin@localhost:27017/neural_shop?authSource=admin","service":"neural-shop-backend","timestamp":"2026-04-03 15:29:05.653"}
{"environment":"development","level":"info","message":"🚀 Server is running on port 8000","port":8000,"service":"neural-shop-backend","timestamp":"2026-04-03 15:29:05.770"}
{"category":"database","level":"info","message":"🗄️  MongoDB connected","service":"neural-shop-backend","timestamp":"2026-04-03 15:29:05.771"}
{"level":"info","message":"✅ Redis Connected","service":"neural-shop-backend","timestamp":"2026-04-03 15:29:05.791"}
{"level":"info","message":"🚀 Redis Ready","service":"neural-shop-backend","timestamp":"2026-04-03 15:29:05.830"}
{"level":"info","message":"🚀 Redis connected","service":"neural-shop-backend","timestamp":"2026-04-03 15:29:05.832"}
{"category":"database","host":"localhost:27017","level":"info","message":"🗄️  Connected successfully","service":"neural-shop-backend","timestamp":"2026-04-03 15:29:05.840"}
{"level":"info","message":"🚀 Kafka producer connected","service":"neural-shop-backend","timestamp":"2026-04-03 15:29:05.868"}
{"level":"info","message":"Database URL mongodb://admin:admin@localhost:27017/neural_shop?authSource=admin","service":"neural-shop-backend","timestamp":"2026-04-03 15:29:12.892"}
{"environment":"development","level":"info","message":"🚀 Server is running on port 8000","port":8000,"service":"neural-shop-backend","timestamp":"2026-04-03 15:29:13.017"}
{"category":"database","level":"info","message":"🗄️  MongoDB connected","service":"neural-shop-backend","timestamp":"2026-04-03 15:29:13.018"}
{"level":"info","message":"✅ Redis Connected","service":"neural-shop-backend","timestamp":"2026-04-03 15:29:13.041"}
{"level":"info","message":"🚀 Redis Ready","service":"neural-shop-backend","timestamp":"2026-04-03 15:29:13.091"}
{"level":"info","message":"🚀 Redis connected","service":"neural-shop-backend","timestamp":"2026-04-03 15:29:13.093"}
{"category":"database","host":"localhost:27017","level":"info","message":"🗄️  Connected successfully","service":"neural-shop-backend","timestamp":"2026-04-03 15:29:13.100"}
{"level":"info","message":"🚀 Kafka producer connected","service":"neural-shop-backend","timestamp":"2026-04-03 15:29:13.132"}
{"level":"info","message":"Database URL mongodb://admin:admin@localhost:27017/neural_shop?authSource=admin","service":"neural-shop-backend","timestamp":"2026-04-03 15:29:18.628"}
{"environment":"development","level":"info","message":"🚀 Server is running on port 8000","port":8000,"service":"neural-shop-backend","timestamp":"2026-04-03 15:29:18.749"}
{"category":"database","level":"info","message":"🗄️  MongoDB connected","service":"neural-shop-backend","timestamp":"2026-04-03 15:29:18.750"}
{"level":"info","message":"✅ Redis Connected","service":"neural-shop-backend","timestamp":"2026-04-03 15:29:18.772"}
{"level":"info","message":"🚀 Redis Ready","service":"neural-shop-backend","timestamp":"2026-04-03 15:29:18.812"}
{"level":"info","message":"🚀 Redis connected","service":"neural-shop-backend","timestamp":"2026-04-03 15:29:18.814"}
{"category":"database","host":"localhost:27017","level":"info","message":"🗄️  Connected successfully","service":"neural-shop-backend","timestamp":"2026-04-03 15:29:18.821"}
{"level":"info","message":"🚀 Kafka producer connected","service":"neural-shop-backend","timestamp":"2026-04-03 15:29:18.847"}
{"category":"http","ip":"::1","level":"info","message":"→ GET / [200]","service":"neural-shop-backend","timestamp":"2026-04-03 15:29:24.732","userAgent":"PostmanRuntime/7.53.0"}
{"level":"info","message":"🚀 Kafka consumers started","service":"neural-shop-backend","timestamp":"2026-04-03 15:29:48.339"}
{"level":"info","message":"Database URL mongodb://admin:admin@localhost:27017/neural_shop?authSource=admin","service":"neural-shop-backend","timestamp":"2026-04-03 15:29:50.975"}
{"environment":"development","level":"info","message":"🚀 Server is running on port 8000","port":8000,"service":"neural-shop-backend","timestamp":"2026-04-03 15:29:51.112"}
{"category":"database","level":"info","message":"🗄️  MongoDB connected","service":"neural-shop-backend","timestamp":"2026-04-03 15:29:51.114"}
{"level":"info","message":"✅ Redis Connected","service":"neural-shop-backend","timestamp":"2026-04-03 15:29:51.141"}
{"level":"info","message":"🚀 Redis Ready","service":"neural-shop-backend","timestamp":"2026-04-03 15:29:51.180"}
{"level":"info","message":"🚀 Redis connected","service":"neural-shop-backend","timestamp":"2026-04-03 15:29:51.182"}
{"category":"database","host":"localhost:27017","level":"info","message":"🗄️  Connected successfully","service":"neural-shop-backend","timestamp":"2026-04-03 15:29:51.206"}
{"level":"info","message":"🚀 Kafka producer connected","service":"neural-shop-backend","timestamp":"2026-04-03 15:29:51.214"}
{"level":"info","message":"Database URL mongodb://admin:admin@localhost:27017/neural_shop?authSource=admin","service":"neural-shop-backend","timestamp":"2026-04-03 15:30:15.695"}
{"environment":"development","level":"info","message":"🚀 Server is running on port 8000","port":8000,"service":"neural-shop-backend","timestamp":"2026-04-03 15:30:15.841"}
{"category":"database","level":"info","message":"🗄️  MongoDB connected","service":"neural-shop-backend","timestamp":"2026-04-03 15:30:15.842"}
{"level":"info","message":"✅ Redis Connected","service":"neural-shop-backend","timestamp":"2026-04-03 15:30:15.866"}
{"level":"info","message":"🚀 Redis Ready","service":"neural-shop-backend","timestamp":"2026-04-03 15:30:15.904"}
{"level":"info","message":"🚀 Redis connected","service":"neural-shop-backend","timestamp":"2026-04-03 15:30:15.906"}
{"category":"database","host":"localhost:27017","level":"info","message":"🗄️  Connected successfully","service":"neural-shop-backend","timestamp":"2026-04-03 15:30:15.937"}
{"level":"info","message":"🚀 Kafka producer connected","service":"neural-shop-backend","timestamp":"2026-04-03 15:30:15.951"}
{"category":"http","ip":"::1","level":"info","message":"→ POST /registration [201]","service":"neural-shop-backend","timestamp":"2026-04-03 15:30:19.081","userAgent":"PostmanRuntime/7.53.0"}
{"level":"info","message":"🚀 Kafka consumers started","service":"neural-shop-backend","timestamp":"2026-04-03 15:30:48.624"}
{"category":"http","ip":"::1","level":"info","message":"→ POST /registration [400]","service":"neural-shop-backend","timestamp":"2026-04-03 15:31:02.099","userAgent":"PostmanRuntime/7.53.0"}
{"level":"info","message":"Database URL mongodb://admin:admin@localhost:27017/neural_shop?authSource=admin","service":"neural-shop-backend","timestamp":"2026-04-03 15:34:22.269"}
{"environment":"development","level":"info","message":"🚀 Server is running on port 8000","port":8000,"service":"neural-shop-backend","timestamp":"2026-04-03 15:34:22.388"}
{"category":"database","level":"info","message":"🗄️  MongoDB connected","service":"neural-shop-backend","timestamp":"2026-04-03 15:34:22.389"}
{"level":"info","message":"✅ Redis Connected","service":"neural-shop-backend","timestamp":"2026-04-03 15:34:22.416"}
{"level":"info","message":"🚀 Redis Ready","service":"neural-shop-backend","timestamp":"2026-04-03 15:34:22.466"}
{"level":"info","message":"🚀 Redis connected","service":"neural-shop-backend","timestamp":"2026-04-03 15:34:22.467"}
{"category":"database","host":"localhost:27017","level":"info","message":"🗄️  Connected successfully","service":"neural-shop-backend","timestamp":"2026-04-03 15:34:22.474"}
{"level":"info","message":"🚀 Kafka producer connected","service":"neural-shop-backend","timestamp":"2026-04-03 15:34:22.501"}
{"level":"info","message":"Database URL mongodb://admin:admin@localhost:27017/neural_shop?authSource=admin","service":"neural-shop-backend","timestamp":"2026-04-03 15:34:25.562"}
{"environment":"development","level":"info","message":"🚀 Server is running on port 8000","port":8000,"service":"neural-shop-backend","timestamp":"2026-04-03 15:34:25.691"}
{"category":"database","level":"info","message":"🗄️  MongoDB connected","service":"neural-shop-backend","timestamp":"2026-04-03 15:34:25.692"}
{"level":"info","message":"✅ Redis Connected","service":"neural-shop-backend","timestamp":"2026-04-03 15:34:25.715"}
{"level":"info","message":"🚀 Redis Ready","service":"neural-shop-backend","timestamp":"2026-04-03 15:34:25.771"}
{"level":"info","message":"🚀 Redis connected","service":"neural-shop-backend","timestamp":"2026-04-03 15:34:25.773"}
{"category":"database","host":"localhost:27017","level":"info","message":"🗄️  Connected successfully","service":"neural-shop-backend","timestamp":"2026-04-03 15:34:25.783"}
{"level":"info","message":"🚀 Kafka producer connected","service":"neural-shop-backend","timestamp":"2026-04-03 15:34:25.822"}
{"level":"info","message":"Database URL mongodb://admin:admin@localhost:27017/neural_shop?authSource=admin","service":"neural-shop-backend","timestamp":"2026-04-03 15:34:35.478"}
{"environment":"development","level":"info","message":"🚀 Server is running on port 8000","port":8000,"service":"neural-shop-backend","timestamp":"2026-04-03 15:34:35.605"}
{"category":"database","level":"info","message":"🗄️  MongoDB connected","service":"neural-shop-backend","timestamp":"2026-04-03 15:34:35.606"}
{"level":"info","message":"✅ Redis Connected","service":"neural-shop-backend","timestamp":"2026-04-03 15:34:35.630"}
{"level":"info","message":"🚀 Redis Ready","service":"neural-shop-backend","timestamp":"2026-04-03 15:34:35.661"}
{"level":"info","message":"🚀 Redis connected","service":"neural-shop-backend","timestamp":"2026-04-03 15:34:35.664"}
{"level":"info","message":"🚀 Kafka producer connected","service":"neural-shop-backend","timestamp":"2026-04-03 15:34:35.690"}
{"category":"database","host":"localhost:27017","level":"info","message":"🗄️  Connected successfully","service":"neural-shop-backend","timestamp":"2026-04-03 15:34:35.697"}
{"level":"info","message":"Database URL mongodb://admin:admin@localhost:27017/neural_shop?authSource=admin","service":"neural-shop-backend","timestamp":"2026-04-03 15:34:43.349"}
{"environment":"development","level":"info","message":"🚀 Server is running on port 8000","port":8000,"service":"neural-shop-backend","timestamp":"2026-04-03 15:34:43.474"}
{"category":"database","level":"info","message":"🗄️  MongoDB connected","service":"neural-shop-backend","timestamp":"2026-04-03 15:34:43.475"}
{"level":"info","message":"✅ Redis Connected","service":"neural-shop-backend","timestamp":"2026-04-03 15:34:43.496"}
{"level":"info","message":"🚀 Redis Ready","service":"neural-shop-backend","timestamp":"2026-04-03 15:34:43.531"}
{"level":"info","message":"🚀 Redis connected","service":"neural-shop-backend","timestamp":"2026-04-03 15:34:43.533"}
{"category":"database","host":"localhost:27017","level":"info","message":"🗄️  Connected successfully","service":"neural-shop-backend","timestamp":"2026-04-03 15:34:43.559"}
{"level":"info","message":"🚀 Kafka producer connected","service":"neural-shop-backend","timestamp":"2026-04-03 15:34:43.569"}
{"level":"info","message":"Database URL mongodb://admin:admin@localhost:27017/neural_shop?authSource=admin","service":"neural-shop-backend","timestamp":"2026-04-03 15:34:51.952"}
{"environment":"development","level":"info","message":"🚀 Server is running on port 8000","port":8000,"service":"neural-shop-backend","timestamp":"2026-04-03 15:34:52.082"}
{"category":"database","level":"info","message":"🗄️  MongoDB connected","service":"neural-shop-backend","timestamp":"2026-04-03 15:34:52.084"}
{"level":"info","message":"✅ Redis Connected","service":"neural-shop-backend","timestamp":"2026-04-03 15:34:52.103"}
{"level":"info","message":"🚀 Redis Ready","service":"neural-shop-backend","timestamp":"2026-04-03 15:34:52.138"}
{"level":"info","message":"🚀 Redis connected","service":"neural-shop-backend","timestamp":"2026-04-03 15:34:52.140"}
{"category":"database","host":"localhost:27017","level":"info","message":"🗄️  Connected successfully","service":"neural-shop-backend","timestamp":"2026-04-03 15:34:52.147"}
{"level":"info","message":"🚀 Kafka producer connected","service":"neural-shop-backend","timestamp":"2026-04-03 15:34:52.176"}
{"level":"info","message":"🚀 Kafka consumers started","service":"neural-shop-backend","timestamp":"2026-04-03 15:35:18.872"}
{"category":"http","ip":"::1","level":"info","message":"→ POST /verify-email [200]","service":"neural-shop-backend","timestamp":"2026-04-03 15:37:07.824","userAgent":"PostmanRuntime/7.53.0"}
{"category":"http","ip":"::1","level":"info","message":"→ POST /login [400]","service":"neural-shop-backend","timestamp":"2026-04-03 15:38:08.003","userAgent":"PostmanRuntime/7.53.0"}
{"level":"info","message":"Database URL mongodb://admin:admin@localhost:27017/neural_shop?authSource=admin","service":"neural-shop-backend","timestamp":"2026-04-03 15:38:30.918"}
{"environment":"development","level":"info","message":"🚀 Server is running on port 8000","port":8000,"service":"neural-shop-backend","timestamp":"2026-04-03 15:38:31.046"}
{"category":"database","level":"info","message":"🗄️  MongoDB connected","service":"neural-shop-backend","timestamp":"2026-04-03 15:38:31.048"}
{"level":"info","message":"✅ Redis Connected","service":"neural-shop-backend","timestamp":"2026-04-03 15:38:31.071"}
{"level":"info","message":"🚀 Redis Ready","service":"neural-shop-backend","timestamp":"2026-04-03 15:38:31.112"}
{"level":"info","message":"🚀 Redis connected","service":"neural-shop-backend","timestamp":"2026-04-03 15:38:31.119"}
{"category":"database","host":"localhost:27017","level":"info","message":"🗄️  Connected successfully","service":"neural-shop-backend","timestamp":"2026-04-03 15:38:31.152"}
{"level":"info","message":"🚀 Kafka producer connected","service":"neural-shop-backend","timestamp":"2026-04-03 15:38:31.162"}
{"level":"info","message":"Database URL mongodb://admin:admin@localhost:27017/neural_shop?authSource=admin","service":"neural-shop-backend","timestamp":"2026-04-03 15:38:35.546"}
{"environment":"development","level":"info","message":"🚀 Server is running on port 8000","port":8000,"service":"neural-shop-backend","timestamp":"2026-04-03 15:38:35.668"}
{"category":"database","level":"info","message":"🗄️  MongoDB connected","service":"neural-shop-backend","timestamp":"2026-04-03 15:38:35.669"}
{"level":"info","message":"✅ Redis Connected","service":"neural-shop-backend","timestamp":"2026-04-03 15:38:35.681"}
{"level":"info","message":"🚀 Redis Ready","service":"neural-shop-backend","timestamp":"2026-04-03 15:38:35.709"}
{"level":"info","message":"🚀 Redis connected","service":"neural-shop-backend","timestamp":"2026-04-03 15:38:35.711"}
{"category":"database","host":"localhost:27017","level":"info","message":"🗄️  Connected successfully","service":"neural-shop-backend","timestamp":"2026-04-03 15:38:35.737"}
{"level":"info","message":"🚀 Kafka producer connected","service":"neural-shop-backend","timestamp":"2026-04-03 15:38:35.747"}
{"level":"info","message":"Database URL mongodb://admin:admin@localhost:27017/neural_shop?authSource=admin","service":"neural-shop-backend","timestamp":"2026-04-03 15:38:46.591"}
{"environment":"development","level":"info","message":"🚀 Server is running on port 8000","port":8000,"service":"neural-shop-backend","timestamp":"2026-04-03 15:38:46.725"}
{"category":"database","level":"info","message":"🗄️  MongoDB connected","service":"neural-shop-backend","timestamp":"2026-04-03 15:38:46.728"}
{"level":"info","message":"✅ Redis Connected","service":"neural-shop-backend","timestamp":"2026-04-03 15:38:46.753"}
{"level":"info","message":"🚀 Redis Ready","service":"neural-shop-backend","timestamp":"2026-04-03 15:38:46.793"}
{"level":"info","message":"🚀 Redis connected","service":"neural-shop-backend","timestamp":"2026-04-03 15:38:46.795"}
{"category":"database","host":"localhost:27017","level":"info","message":"🗄️  Connected successfully","service":"neural-shop-backend","timestamp":"2026-04-03 15:38:46.820"}
{"level":"info","message":"🚀 Kafka producer connected","service":"neural-shop-backend","timestamp":"2026-04-03 15:38:46.849"}
{"level":"info","message":"🚀 Kafka consumers started","service":"neural-shop-backend","timestamp":"2026-04-03 15:38:59.135"}
{"category":"http","ip":"::1","level":"info","message":"→ POST /login [400]","service":"neural-shop-backend","timestamp":"2026-04-03 15:39:36.290","userAgent":"PostmanRuntime/7.53.0"}
{"level":"info","message":"Database URL mongodb://admin:admin@localhost:27017/neural_shop?authSource=admin","service":"neural-shop-backend","timestamp":"2026-04-03 15:39:54.769"}
{"environment":"development","level":"info","message":"🚀 Server is running on port 8000","port":8000,"service":"neural-shop-backend","timestamp":"2026-04-03 15:39:54.898"}
{"category":"database","level":"info","message":"🗄️  MongoDB connected","service":"neural-shop-backend","timestamp":"2026-04-03 15:39:54.899"}
{"level":"info","message":"✅ Redis Connected","service":"neural-shop-backend","timestamp":"2026-04-03 15:39:54.912"}
{"level":"info","message":"🚀 Redis Ready","service":"neural-shop-backend","timestamp":"2026-04-03 15:39:54.946"}
{"level":"info","message":"🚀 Redis connected","service":"neural-shop-backend","timestamp":"2026-04-03 15:39:54.948"}
{"category":"database","host":"localhost:27017","level":"info","message":"🗄️  Connected successfully","service":"neural-shop-backend","timestamp":"2026-04-03 15:39:54.956"}
{"level":"info","message":"🚀 Kafka producer connected","service":"neural-shop-backend","timestamp":"2026-04-03 15:39:54.985"}
{"level":"info","message":"Database URL mongodb://admin:admin@localhost:27017/neural_shop?authSource=admin","service":"neural-shop-backend","timestamp":"2026-04-03 15:39:59.018"}
{"environment":"development","level":"info","message":"🚀 Server is running on port 8000","port":8000,"service":"neural-shop-backend","timestamp":"2026-04-03 15:39:59.143"}
{"category":"database","level":"info","message":"🗄️  MongoDB connected","service":"neural-shop-backend","timestamp":"2026-04-03 15:39:59.144"}
{"level":"info","message":"✅ Redis Connected","service":"neural-shop-backend","timestamp":"2026-04-03 15:39:59.161"}
{"level":"info","message":"🚀 Redis Ready","service":"neural-shop-backend","timestamp":"2026-04-03 15:39:59.196"}
{"level":"info","message":"🚀 Redis connected","service":"neural-shop-backend","timestamp":"2026-04-03 15:39:59.198"}
{"category":"database","host":"localhost:27017","level":"info","message":"🗄️  Connected successfully","service":"neural-shop-backend","timestamp":"2026-04-03 15:39:59.208"}
{"level":"info","message":"🚀 Kafka producer connected","service":"neural-shop-backend","timestamp":"2026-04-03 15:39:59.240"}
{"level":"info","message":"Database URL mongodb://admin:admin@localhost:27017/neural_shop?authSource=admin","service":"neural-shop-backend","timestamp":"2026-04-03 15:40:09.432"}
{"environment":"development","level":"info","message":"🚀 Server is running on port 8000","port":8000,"service":"neural-shop-backend","timestamp":"2026-04-03 15:40:09.560"}
{"category":"database","level":"info","message":"🗄️  MongoDB connected","service":"neural-shop-backend","timestamp":"2026-04-03 15:40:09.561"}
{"level":"info","message":"✅ Redis Connected","service":"neural-shop-backend","timestamp":"2026-04-03 15:40:09.583"}
{"level":"info","message":"🚀 Redis Ready","service":"neural-shop-backend","timestamp":"2026-04-03 15:40:09.615"}
{"level":"info","message":"🚀 Redis connected","service":"neural-shop-backend","timestamp":"2026-04-03 15:40:09.617"}
{"level":"info","message":"🚀 Kafka producer connected","service":"neural-shop-backend","timestamp":"2026-04-03 15:40:09.642"}
{"category":"database","host":"localhost:27017","level":"info","message":"🗄️  Connected successfully","service":"neural-shop-backend","timestamp":"2026-04-03 15:40:09.648"}
{"level":"info","message":"Database URL mongodb://admin:admin@localhost:27017/neural_shop?authSource=admin","service":"neural-shop-backend","timestamp":"2026-04-03 15:40:19.505"}
{"environment":"development","level":"info","message":"🚀 Server is running on port 8000","port":8000,"service":"neural-shop-backend","timestamp":"2026-04-03 15:40:19.655"}
{"category":"database","level":"info","message":"🗄️  MongoDB connected","service":"neural-shop-backend","timestamp":"2026-04-03 15:40:19.656"}
{"level":"info","message":"✅ Redis Connected","service":"neural-shop-backend","timestamp":"2026-04-03 15:40:19.677"}
{"level":"info","message":"🚀 Redis Ready","service":"neural-shop-backend","timestamp":"2026-04-03 15:40:19.716"}
{"level":"info","message":"🚀 Redis connected","service":"neural-shop-backend","timestamp":"2026-04-03 15:40:19.718"}
{"category":"database","host":"localhost:27017","level":"info","message":"🗄️  Connected successfully","service":"neural-shop-backend","timestamp":"2026-04-03 15:40:19.745"}
{"level":"info","message":"🚀 Kafka producer connected","service":"neural-shop-backend","timestamp":"2026-04-03 15:40:19.781"}
{"level":"info","message":"Database URL mongodb://admin:admin@localhost:27017/neural_shop?authSource=admin","service":"neural-shop-backend","timestamp":"2026-04-03 15:40:21.434"}
{"environment":"development","level":"info","message":"🚀 Server is running on port 8000","port":8000,"service":"neural-shop-backend","timestamp":"2026-04-03 15:40:21.558"}
{"category":"database","level":"info","message":"🗄️  MongoDB connected","service":"neural-shop-backend","timestamp":"2026-04-03 15:40:21.559"}
{"level":"info","message":"✅ Redis Connected","service":"neural-shop-backend","timestamp":"2026-04-03 15:40:21.587"}
{"level":"info","message":"🚀 Redis Ready","service":"neural-shop-backend","timestamp":"2026-04-03 15:40:21.625"}
{"level":"info","message":"🚀 Redis connected","service":"neural-shop-backend","timestamp":"2026-04-03 15:40:21.626"}
{"category":"database","host":"localhost:27017","level":"info","message":"🗄️  Connected successfully","service":"neural-shop-backend","timestamp":"2026-04-03 15:40:21.633"}
{"level":"info","message":"🚀 Kafka producer connected","service":"neural-shop-backend","timestamp":"2026-04-03 15:40:21.656"}
{"level":"info","message":"Database URL mongodb://admin:admin@localhost:27017/neural_shop?authSource=admin","service":"neural-shop-backend","timestamp":"2026-04-03 15:40:26.517"}
{"environment":"development","level":"info","message":"🚀 Server is running on port 8000","port":8000,"service":"neural-shop-backend","timestamp":"2026-04-03 15:40:26.732"}
{"category":"database","level":"info","message":"🗄️  MongoDB connected","service":"neural-shop-backend","timestamp":"2026-04-03 15:40:26.735"}
{"level":"info","message":"✅ Redis Connected","service":"neural-shop-backend","timestamp":"2026-04-03 15:40:26.780"}
{"level":"info","message":"🚀 Redis Ready","service":"neural-shop-backend","timestamp":"2026-04-03 15:40:26.824"}
{"level":"info","message":"🚀 Redis connected","service":"neural-shop-backend","timestamp":"2026-04-03 15:40:26.827"}
{"category":"database","host":"localhost:27017","level":"info","message":"🗄️  Connected successfully","service":"neural-shop-backend","timestamp":"2026-04-03 15:40:26.856"}
{"level":"info","message":"🚀 Kafka producer connected","service":"neural-shop-backend","timestamp":"2026-04-03 15:40:26.883"}
{"level":"info","message":"Database URL mongodb://admin:admin@localhost:27017/neural_shop?authSource=admin","service":"neural-shop-backend","timestamp":"2026-04-03 15:40:35.500"}
{"environment":"development","level":"info","message":"🚀 Server is running on port 8000","port":8000,"service":"neural-shop-backend","timestamp":"2026-04-03 15:40:35.633"}
{"category":"database","level":"info","message":"🗄️  MongoDB connected","service":"neural-shop-backend","timestamp":"2026-04-03 15:40:35.634"}
{"level":"info","message":"✅ Redis Connected","service":"neural-shop-backend","timestamp":"2026-04-03 15:40:35.655"}
{"level":"info","message":"🚀 Redis Ready","service":"neural-shop-backend","timestamp":"2026-04-03 15:40:35.694"}
{"level":"info","message":"🚀 Redis connected","service":"neural-shop-backend","timestamp":"2026-04-03 15:40:35.696"}
{"category":"database","host":"localhost:27017","level":"info","message":"🗄️  Connected successfully","service":"neural-shop-backend","timestamp":"2026-04-03 15:40:35.734"}
{"level":"info","message":"🚀 Kafka producer connected","service":"neural-shop-backend","timestamp":"2026-04-03 15:40:35.746"}
{"category":"http","ip":"::1","level":"info","message":"→ POST /login [400]","service":"neural-shop-backend","timestamp":"2026-04-03 15:40:53.100","userAgent":"PostmanRuntime/7.53.0"}
{"level":"info","message":"Database URL mongodb://admin:admin@localhost:27017/neural_shop?authSource=admin","service":"neural-shop-backend","timestamp":"2026-04-03 15:41:10.586"}
{"environment":"development","level":"info","message":"🚀 Server is running on port 8000","port":8000,"service":"neural-shop-backend","timestamp":"2026-04-03 15:41:10.697"}
{"category":"database","level":"info","message":"🗄️  MongoDB connected","service":"neural-shop-backend","timestamp":"2026-04-03 15:41:10.699"}
{"level":"info","message":"✅ Redis Connected","service":"neural-shop-backend","timestamp":"2026-04-03 15:41:10.731"}
{"level":"info","message":"🚀 Redis Ready","service":"neural-shop-backend","timestamp":"2026-04-03 15:41:10.766"}
{"level":"info","message":"🚀 Redis connected","service":"neural-shop-backend","timestamp":"2026-04-03 15:41:10.769"}
{"category":"database","host":"localhost:27017","level":"info","message":"🗄️  Connected successfully","service":"neural-shop-backend","timestamp":"2026-04-03 15:41:10.797"}
{"level":"info","message":"🚀 Kafka producer connected","service":"neural-shop-backend","timestamp":"2026-04-03 15:41:10.809"}
{"level":"info","message":"Database URL mongodb://admin:admin@localhost:27017/neural_shop?authSource=admin","service":"neural-shop-backend","timestamp":"2026-04-03 15:41:28.592"}
{"environment":"development","level":"info","message":"🚀 Server is running on port 8000","port":8000,"service":"neural-shop-backend","timestamp":"2026-04-03 15:41:28.718"}
{"category":"database","level":"info","message":"🗄️  MongoDB connected","service":"neural-shop-backend","timestamp":"2026-04-03 15:41:28.719"}
{"level":"info","message":"✅ Redis Connected","service":"neural-shop-backend","timestamp":"2026-04-03 15:41:28.741"}
{"level":"info","message":"🚀 Redis Ready","service":"neural-shop-backend","timestamp":"2026-04-03 15:41:28.785"}
{"level":"info","message":"🚀 Redis connected","service":"neural-shop-backend","timestamp":"2026-04-03 15:41:28.787"}
{"category":"database","host":"localhost:27017","level":"info","message":"🗄️  Connected successfully","service":"neural-shop-backend","timestamp":"2026-04-03 15:41:28.797"}
{"level":"info","message":"🚀 Kafka producer connected","service":"neural-shop-backend","timestamp":"2026-04-03 15:41:28.826"}
{"category":"http","ip":"::1","level":"info","message":"→ POST /login [400]","service":"neural-shop-backend","timestamp":"2026-04-03 15:41:31.837","userAgent":"PostmanRuntime/7.53.0"}
{"level":"info","message":"🚀 Kafka consumers started","service":"neural-shop-backend","timestamp":"2026-04-03 15:41:40.889"}
{"level":"info","message":"Database URL mongodb://admin:admin@localhost:27017/neural_shop?authSource=admin","service":"neural-shop-backend","timestamp":"2026-04-03 15:44:15.464"}
{"environment":"development","level":"info","message":"🚀 Server is running on port 8000","port":8000,"service":"neural-shop-backend","timestamp":"2026-04-03 15:44:15.595"}
{"category":"database","level":"info","message":"🗄️  MongoDB connected","service":"neural-shop-backend","timestamp":"2026-04-03 15:44:15.596"}
{"level":"info","message":"✅ Redis Connected","service":"neural-shop-backend","timestamp":"2026-04-03 15:44:15.608"}
{"level":"info","message":"🚀 Redis Ready","service":"neural-shop-backend","timestamp":"2026-04-03 15:44:15.652"}
{"level":"info","message":"🚀 Redis connected","service":"neural-shop-backend","timestamp":"2026-04-03 15:44:15.653"}
{"category":"database","host":"localhost:27017","level":"info","message":"🗄️  Connected successfully","service":"neural-shop-backend","timestamp":"2026-04-03 15:44:15.662"}
{"level":"info","message":"🚀 Kafka producer connected","service":"neural-shop-backend","timestamp":"2026-04-03 15:44:15.726"}
{"level":"info","message":"Database URL mongodb://admin:admin@localhost:27017/neural_shop?authSource=admin","service":"neural-shop-backend","timestamp":"2026-04-03 15:44:22.585"}
{"environment":"development","level":"info","message":"🚀 Server is running on port 8000","port":8000,"service":"neural-shop-backend","timestamp":"2026-04-03 15:44:22.709"}
{"category":"database","level":"info","message":"🗄️  MongoDB connected","service":"neural-shop-backend","timestamp":"2026-04-03 15:44:22.710"}
{"level":"info","message":"✅ Redis Connected","service":"neural-shop-backend","timestamp":"2026-04-03 15:44:22.734"}
{"level":"info","message":"🚀 Redis Ready","service":"neural-shop-backend","timestamp":"2026-04-03 15:44:22.780"}
{"level":"info","message":"🚀 Redis connected","service":"neural-shop-backend","timestamp":"2026-04-03 15:44:22.782"}
{"category":"database","host":"localhost:27017","level":"info","message":"🗄️  Connected successfully","service":"neural-shop-backend","timestamp":"2026-04-03 15:44:22.789"}
{"level":"info","message":"🚀 Kafka producer connected","service":"neural-shop-backend","timestamp":"2026-04-03 15:44:22.815"}
{"category":"http","ip":"::1","level":"info","message":"→ POST /login [400]","service":"neural-shop-backend","timestamp":"2026-04-03 15:44:32.136","userAgent":"PostmanRuntime/7.53.0"}
{"level":"info","message":"🚀 Kafka consumers started","service":"neural-shop-backend","timestamp":"2026-04-03 15:45:11.433"}
{"level":"info","message":"Database URL mongodb://admin:admin@localhost:27017/neural_shop?authSource=admin","service":"neural-shop-backend","timestamp":"2026-04-03 15:46:25.005"}
{"environment":"development","level":"info","message":"🚀 Server is running on port 8000","port":8000,"service":"neural-shop-backend","timestamp":"2026-04-03 15:46:25.130"}
{"category":"database","level":"info","message":"🗄️  MongoDB connected","service":"neural-shop-backend","timestamp":"2026-04-03 15:46:25.133"}
{"level":"info","message":"✅ Redis Connected","service":"neural-shop-backend","timestamp":"2026-04-03 15:46:25.163"}
{"level":"info","message":"🚀 Redis Ready","service":"neural-shop-backend","timestamp":"2026-04-03 15:46:25.204"}
{"level":"info","message":"🚀 Redis connected","service":"neural-shop-backend","timestamp":"2026-04-03 15:46:25.218"}
{"category":"database","host":"localhost:27017","level":"info","message":"🗄️  Connected successfully","service":"neural-shop-backend","timestamp":"2026-04-03 15:46:25.229"}
{"level":"info","message":"🚀 Kafka producer connected","service":"neural-shop-backend","timestamp":"2026-04-03 15:46:25.254"}
{"level":"info","message":"Database URL mongodb://admin:admin@localhost:27017/neural_shop?authSource=admin","service":"neural-shop-backend","timestamp":"2026-04-03 15:46:26.971"}
{"environment":"development","level":"info","message":"🚀 Server is running on port 8000","port":8000,"service":"neural-shop-backend","timestamp":"2026-04-03 15:46:27.081"}
{"category":"database","level":"info","message":"🗄️  MongoDB connected","service":"neural-shop-backend","timestamp":"2026-04-03 15:46:27.082"}
{"level":"info","message":"✅ Redis Connected","service":"neural-shop-backend","timestamp":"2026-04-03 15:46:27.104"}
{"level":"info","message":"🚀 Redis Ready","service":"neural-shop-backend","timestamp":"2026-04-03 15:46:27.139"}
{"level":"info","message":"🚀 Redis connected","service":"neural-shop-backend","timestamp":"2026-04-03 15:46:27.141"}
{"category":"database","host":"localhost:27017","level":"info","message":"🗄️  Connected successfully","service":"neural-shop-backend","timestamp":"2026-04-03 15:46:27.169"}
{"level":"info","message":"🚀 Kafka producer connected","service":"neural-shop-backend","timestamp":"2026-04-03 15:46:27.179"}
{"category":"http","ip":"::1","level":"info","message":"→ POST /login [200]","service":"neural-shop-backend","timestamp":"2026-04-03 15:46:34.315","userAgent":"PostmanRuntime/7.53.0"}
{"level":"info","message":"Database URL mongodb://admin:admin@localhost:27017/neural_shop?authSource=admin","service":"neural-shop-backend","timestamp":"2026-04-03 15:47:03.032"}
{"environment":"development","level":"info","message":"🚀 Server is running on port 8000","port":8000,"service":"neural-shop-backend","timestamp":"2026-04-03 15:47:03.148"}
{"category":"database","level":"info","message":"🗄️  MongoDB connected","service":"neural-shop-backend","timestamp":"2026-04-03 15:47:03.149"}
{"level":"info","message":"✅ Redis Connected","service":"neural-shop-backend","timestamp":"2026-04-03 15:47:03.170"}
{"level":"info","message":"🚀 Redis Ready","service":"neural-shop-backend","timestamp":"2026-04-03 15:47:03.205"}
{"level":"info","message":"🚀 Redis connected","service":"neural-shop-backend","timestamp":"2026-04-03 15:47:03.209"}
{"category":"database","host":"localhost:27017","level":"info","message":"🗄️  Connected successfully","service":"neural-shop-backend","timestamp":"2026-04-03 15:47:03.239"}
{"level":"info","message":"🚀 Kafka producer connected","service":"neural-shop-backend","timestamp":"2026-04-03 15:47:03.249"}
{"category":"http","ip":"::1","level":"info","message":"→ POST /login [200]","service":"neural-shop-backend","timestamp":"2026-04-03 15:47:06.508","userAgent":"PostmanRuntime/7.53.0"}
{"level":"info","message":"Database URL mongodb://admin:admin@localhost:27017/neural_shop?authSource=admin","service":"neural-shop-backend","timestamp":"2026-04-03 15:47:42.913"}
{"environment":"development","level":"info","message":"🚀 Server is running on port 8000","port":8000,"service":"neural-shop-backend","timestamp":"2026-04-03 15:47:43.062"}
{"category":"database","level":"info","message":"🗄️  MongoDB connected","service":"neural-shop-backend","timestamp":"2026-04-03 15:47:43.064"}
{"level":"info","message":"✅ Redis Connected","service":"neural-shop-backend","timestamp":"2026-04-03 15:47:43.086"}
{"level":"info","message":"🚀 Redis Ready","service":"neural-shop-backend","timestamp":"2026-04-03 15:47:43.130"}
{"level":"info","message":"🚀 Redis connected","service":"neural-shop-backend","timestamp":"2026-04-03 15:47:43.132"}
{"category":"database","host":"localhost:27017","level":"info","message":"🗄️  Connected successfully","service":"neural-shop-backend","timestamp":"2026-04-03 15:47:43.140"}
{"level":"info","message":"🚀 Kafka producer connected","service":"neural-shop-backend","timestamp":"2026-04-03 15:47:43.187"}
{"level":"info","message":"Database URL mongodb://admin:admin@localhost:27017/neural_shop?authSource=admin","service":"neural-shop-backend","timestamp":"2026-04-03 15:47:45.206"}
{"environment":"development","level":"info","message":"🚀 Server is running on port 8000","port":8000,"service":"neural-shop-backend","timestamp":"2026-04-03 15:47:45.360"}
{"category":"database","level":"info","message":"🗄️  MongoDB connected","service":"neural-shop-backend","timestamp":"2026-04-03 15:47:45.361"}
{"level":"info","message":"✅ Redis Connected","service":"neural-shop-backend","timestamp":"2026-04-03 15:47:45.372"}
{"level":"info","message":"🚀 Redis Ready","service":"neural-shop-backend","timestamp":"2026-04-03 15:47:45.407"}
{"level":"info","message":"🚀 Redis connected","service":"neural-shop-backend","timestamp":"2026-04-03 15:47:45.409"}
{"category":"database","host":"localhost:27017","level":"info","message":"🗄️  Connected successfully","service":"neural-shop-backend","timestamp":"2026-04-03 15:47:45.416"}
{"level":"info","message":"🚀 Kafka producer connected","service":"neural-shop-backend","timestamp":"2026-04-03 15:47:45.447"}
{"category":"http","ip":"::1","level":"info","message":"→ POST /login [400]","service":"neural-shop-backend","timestamp":"2026-04-03 15:47:50.856","userAgent":"PostmanRuntime/7.53.0"}
{"level":"info","message":"Database URL mongodb://admin:admin@localhost:27017/neural_shop?authSource=admin","service":"neural-shop-backend","timestamp":"2026-04-03 15:48:02.657"}
{"environment":"development","level":"info","message":"🚀 Server is running on port 8000","port":8000,"service":"neural-shop-backend","timestamp":"2026-04-03 15:48:02.790"}
{"category":"database","level":"info","message":"🗄️  MongoDB connected","service":"neural-shop-backend","timestamp":"2026-04-03 15:48:02.791"}
{"level":"info","message":"✅ Redis Connected","service":"neural-shop-backend","timestamp":"2026-04-03 15:48:02.818"}
{"level":"info","message":"🚀 Redis Ready","service":"neural-shop-backend","timestamp":"2026-04-03 15:48:02.867"}
{"level":"info","message":"🚀 Redis connected","service":"neural-shop-backend","timestamp":"2026-04-03 15:48:02.869"}
{"category":"database","host":"localhost:27017","level":"info","message":"🗄️  Connected successfully","service":"neural-shop-backend","timestamp":"2026-04-03 15:48:02.900"}
{"level":"info","message":"🚀 Kafka producer connected","service":"neural-shop-backend","timestamp":"2026-04-03 15:48:02.914"}
{"level":"info","message":"Database URL mongodb://admin:admin@localhost:27017/neural_shop?authSource=admin","service":"neural-shop-backend","timestamp":"2026-04-03 15:48:07.969"}
{"environment":"development","level":"info","message":"🚀 Server is running on port 8000","port":8000,"service":"neural-shop-backend","timestamp":"2026-04-03 15:48:08.092"}
{"category":"database","level":"info","message":"🗄️  MongoDB connected","service":"neural-shop-backend","timestamp":"2026-04-03 15:48:08.094"}
{"level":"info","message":"✅ Redis Connected","service":"neural-shop-backend","timestamp":"2026-04-03 15:48:08.117"}
{"level":"info","message":"🚀 Redis Ready","service":"neural-shop-backend","timestamp":"2026-04-03 15:48:08.155"}
{"level":"info","message":"🚀 Redis connected","service":"neural-shop-backend","timestamp":"2026-04-03 15:48:08.158"}
{"level":"info","message":"🚀 Kafka producer connected","service":"neural-shop-backend","timestamp":"2026-04-03 15:48:08.184"}
{"category":"database","host":"localhost:27017","level":"info","message":"🗄️  Connected successfully","service":"neural-shop-backend","timestamp":"2026-04-03 15:48:08.189"}
{"level":"info","message":"Database URL mongodb://admin:admin@localhost:27017/neural_shop?authSource=admin","service":"neural-shop-backend","timestamp":"2026-04-03 15:48:19.946"}
{"environment":"development","level":"info","message":"🚀 Server is running on port 8000","port":8000,"service":"neural-shop-backend","timestamp":"2026-04-03 15:48:20.066"}
{"category":"database","level":"info","message":"🗄️  MongoDB connected","service":"neural-shop-backend","timestamp":"2026-04-03 15:48:20.067"}
{"level":"info","message":"✅ Redis Connected","service":"neural-shop-backend","timestamp":"2026-04-03 15:48:20.083"}
{"level":"info","message":"🚀 Redis Ready","service":"neural-shop-backend","timestamp":"2026-04-03 15:48:20.123"}
{"level":"info","message":"🚀 Redis connected","service":"neural-shop-backend","timestamp":"2026-04-03 15:48:20.126"}
{"category":"database","host":"localhost:27017","level":"info","message":"🗄️  Connected successfully","service":"neural-shop-backend","timestamp":"2026-04-03 15:48:20.133"}
{"level":"info","message":"🚀 Kafka producer connected","service":"neural-shop-backend","timestamp":"2026-04-03 15:48:20.158"}
{"category":"http","ip":"::1","level":"info","message":"→ POST /login [200]","service":"neural-shop-backend","timestamp":"2026-04-03 15:48:25.014","userAgent":"PostmanRuntime/7.53.0"}
{"level":"info","message":"Database URL mongodb://admin:admin@localhost:27017/neural_shop?authSource=admin","service":"neural-shop-backend","timestamp":"2026-04-03 15:48:38.953"}
{"environment":"development","level":"info","message":"🚀 Server is running on port 8000","port":8000,"service":"neural-shop-backend","timestamp":"2026-04-03 15:48:39.107"}
{"category":"database","level":"info","message":"🗄️  MongoDB connected","service":"neural-shop-backend","timestamp":"2026-04-03 15:48:39.109"}
{"level":"info","message":"✅ Redis Connected","service":"neural-shop-backend","timestamp":"2026-04-03 15:48:39.138"}
{"level":"info","message":"🚀 Redis Ready","service":"neural-shop-backend","timestamp":"2026-04-03 15:48:39.181"}
{"level":"info","message":"🚀 Redis connected","service":"neural-shop-backend","timestamp":"2026-04-03 15:48:39.183"}
{"category":"database","host":"localhost:27017","level":"info","message":"🗄️  Connected successfully","service":"neural-shop-backend","timestamp":"2026-04-03 15:48:39.206"}
{"level":"info","message":"🚀 Kafka producer connected","service":"neural-shop-backend","timestamp":"2026-04-03 15:48:39.234"}
{"level":"info","message":"Database URL mongodb://admin:admin@localhost:27017/neural_shop?authSource=admin","service":"neural-shop-backend","timestamp":"2026-04-03 15:48:42.692"}
{"environment":"development","level":"info","message":"🚀 Server is running on port 8000","port":8000,"service":"neural-shop-backend","timestamp":"2026-04-03 15:48:42.809"}
{"category":"database","level":"info","message":"🗄️  MongoDB connected","service":"neural-shop-backend","timestamp":"2026-04-03 15:48:42.810"}
{"level":"info","message":"✅ Redis Connected","service":"neural-shop-backend","timestamp":"2026-04-03 15:48:42.827"}
{"level":"info","message":"🚀 Redis Ready","service":"neural-shop-backend","timestamp":"2026-04-03 15:48:42.862"}
{"level":"info","message":"🚀 Redis connected","service":"neural-shop-backend","timestamp":"2026-04-03 15:48:42.864"}
{"category":"database","host":"localhost:27017","level":"info","message":"🗄️  Connected successfully","service":"neural-shop-backend","timestamp":"2026-04-03 15:48:42.888"}
{"level":"info","message":"🚀 Kafka producer connected","service":"neural-shop-backend","timestamp":"2026-04-03 15:48:42.897"}
{"category":"http","ip":"::1","level":"info","message":"→ POST /login [200]","service":"neural-shop-backend","timestamp":"2026-04-03 15:48:45.029","userAgent":"PostmanRuntime/7.53.0"}
{"level":"info","message":"Database URL mongodb://admin:admin@localhost:27017/neural_shop?authSource=admin","service":"neural-shop-backend","timestamp":"2026-04-03 15:54:21.066"}
{"environment":"development","level":"info","message":"🚀 Server is running on port 8000","port":8000,"service":"neural-shop-backend","timestamp":"2026-04-03 15:54:21.203"}
{"category":"database","level":"info","message":"🗄️  MongoDB connected","service":"neural-shop-backend","timestamp":"2026-04-03 15:54:21.204"}
{"level":"info","message":"✅ Redis Connected","service":"neural-shop-backend","timestamp":"2026-04-03 15:54:21.244"}
{"level":"info","message":"🚀 Redis Ready","service":"neural-shop-backend","timestamp":"2026-04-03 15:54:21.271"}
{"level":"info","message":"🚀 Redis connected","service":"neural-shop-backend","timestamp":"2026-04-03 15:54:21.273"}
{"category":"database","host":"localhost:27017","level":"info","message":"🗄️  Connected successfully","service":"neural-shop-backend","timestamp":"2026-04-03 15:54:21.303"}
{"level":"info","message":"🚀 Kafka producer connected","service":"neural-shop-backend","timestamp":"2026-04-03 15:54:21.314"}
{"level":"info","message":"🚀 Kafka consumers started","service":"neural-shop-backend","timestamp":"2026-04-03 15:54:24.397"}
{"level":"info","message":"Database URL mongodb://admin:admin@localhost:27017/neural_shop?authSource=admin","service":"neural-shop-backend","timestamp":"2026-04-03 15:54:26.282"}
{"environment":"development","level":"info","message":"🚀 Server is running on port 8000","port":8000,"service":"neural-shop-backend","timestamp":"2026-04-03 15:54:26.412"}
{"category":"database","level":"info","message":"🗄️  MongoDB connected","service":"neural-shop-backend","timestamp":"2026-04-03 15:54:26.413"}
{"level":"info","message":"✅ Redis Connected","service":"neural-shop-backend","timestamp":"2026-04-03 15:54:26.437"}
{"level":"info","message":"🚀 Redis Ready","service":"neural-shop-backend","timestamp":"2026-04-03 15:54:26.476"}
{"level":"info","message":"🚀 Redis connected","service":"neural-shop-backend","timestamp":"2026-04-03 15:54:26.478"}
{"category":"database","host":"localhost:27017","level":"info","message":"🗄️  Connected successfully","service":"neural-shop-backend","timestamp":"2026-04-03 15:54:26.506"}
{"level":"info","message":"🚀 Kafka producer connected","service":"neural-shop-backend","timestamp":"2026-04-03 15:54:26.516"}
{"category":"http","ip":"::1","level":"info","message":"→ POST /login [400]","service":"neural-shop-backend","timestamp":"2026-04-03 15:54:36.493","userAgent":"PostmanRuntime/7.53.0"}
{"level":"info","message":"Database URL mongodb://admin:admin@localhost:27017/neural_shop?authSource=admin","service":"neural-shop-backend","timestamp":"2026-04-03 15:54:54.087"}
{"environment":"development","level":"info","message":"🚀 Server is running on port 8000","port":8000,"service":"neural-shop-backend","timestamp":"2026-04-03 15:54:54.234"}
{"category":"database","level":"info","message":"🗄️  MongoDB connected","service":"neural-shop-backend","timestamp":"2026-04-03 15:54:54.235"}
{"level":"info","message":"✅ Redis Connected","service":"neural-shop-backend","timestamp":"2026-04-03 15:54:54.256"}
{"level":"info","message":"🚀 Redis Ready","service":"neural-shop-backend","timestamp":"2026-04-03 15:54:54.302"}
{"level":"info","message":"🚀 Redis connected","service":"neural-shop-backend","timestamp":"2026-04-03 15:54:54.304"}
{"category":"database","host":"localhost:27017","level":"info","message":"🗄️  Connected successfully","service":"neural-shop-backend","timestamp":"2026-04-03 15:54:54.312"}
{"level":"info","message":"🚀 Kafka producer connected","service":"neural-shop-backend","timestamp":"2026-04-03 15:54:54.341"}
{"category":"http","ip":"::1","level":"info","message":"→ POST /login [400]","service":"neural-shop-backend","timestamp":"2026-04-03 15:54:56.810","userAgent":"PostmanRuntime/7.53.0"}
{"level":"info","message":"🚀 Kafka consumers started","service":"neural-shop-backend","timestamp":"2026-04-03 15:55:24.393"}
{"level":"info","message":"Database URL mongodb://admin:admin@localhost:27017/neural_shop?authSource=admin","service":"neural-shop-backend","timestamp":"2026-04-03 15:55:43.194"}
{"environment":"development","level":"info","message":"🚀 Server is running on port 8000","port":8000,"service":"neural-shop-backend","timestamp":"2026-04-03 15:55:43.325"}
{"category":"database","level":"info","message":"🗄️  MongoDB connected","service":"neural-shop-backend","timestamp":"2026-04-03 15:55:43.327"}
{"level":"info","message":"✅ Redis Connected","service":"neural-shop-backend","timestamp":"2026-04-03 15:55:43.351"}
{"level":"info","message":"🚀 Redis Ready","service":"neural-shop-backend","timestamp":"2026-04-03 15:55:43.389"}
{"level":"info","message":"🚀 Redis connected","service":"neural-shop-backend","timestamp":"2026-04-03 15:55:43.402"}
{"category":"database","host":"localhost:27017","level":"info","message":"🗄️  Connected successfully","service":"neural-shop-backend","timestamp":"2026-04-03 15:55:43.413"}
{"level":"info","message":"🚀 Kafka producer connected","service":"neural-shop-backend","timestamp":"2026-04-03 15:55:43.440"}
{"level":"info","message":"Database URL mongodb://admin:admin@localhost:27017/neural_shop?authSource=admin","service":"neural-shop-backend","timestamp":"2026-04-03 15:55:48.972"}
{"environment":"development","level":"info","message":"🚀 Server is running on port 8000","port":8000,"service":"neural-shop-backend","timestamp":"2026-04-03 15:55:49.101"}
{"category":"database","level":"info","message":"🗄️  MongoDB connected","service":"neural-shop-backend","timestamp":"2026-04-03 15:55:49.103"}
{"level":"info","message":"✅ Redis Connected","service":"neural-shop-backend","timestamp":"2026-04-03 15:55:49.133"}
{"level":"info","message":"🚀 Redis Ready","service":"neural-shop-backend","timestamp":"2026-04-03 15:55:49.173"}
{"level":"info","message":"🚀 Redis connected","service":"neural-shop-backend","timestamp":"2026-04-03 15:55:49.176"}
{"category":"database","host":"localhost:27017","level":"info","message":"🗄️  Connected successfully","service":"neural-shop-backend","timestamp":"2026-04-03 15:55:49.196"}
{"level":"info","message":"🚀 Kafka producer connected","service":"neural-shop-backend","timestamp":"2026-04-03 15:55:49.221"}
{"level":"info","message":"Database URL mongodb://admin:admin@localhost:27017/neural_shop?authSource=admin","service":"neural-shop-backend","timestamp":"2026-04-03 15:55:52.445"}
{"environment":"development","level":"info","message":"🚀 Server is running on port 8000","port":8000,"service":"neural-shop-backend","timestamp":"2026-04-03 15:55:52.578"}
{"category":"database","level":"info","message":"🗄️  MongoDB connected","service":"neural-shop-backend","timestamp":"2026-04-03 15:55:52.580"}
{"level":"info","message":"✅ Redis Connected","service":"neural-shop-backend","timestamp":"2026-04-03 15:55:52.610"}
{"level":"info","message":"🚀 Redis Ready","service":"neural-shop-backend","timestamp":"2026-04-03 15:55:52.638"}
{"level":"info","message":"🚀 Redis connected","service":"neural-shop-backend","timestamp":"2026-04-03 15:55:52.639"}
{"category":"database","host":"localhost:27017","level":"info","message":"🗄️  Connected successfully","service":"neural-shop-backend","timestamp":"2026-04-03 15:55:52.666"}
{"level":"info","message":"🚀 Kafka producer connected","service":"neural-shop-backend","timestamp":"2026-04-03 15:55:52.676"}
{"level":"info","message":"Database URL mongodb://admin:admin@localhost:27017/neural_shop?authSource=admin","service":"neural-shop-backend","timestamp":"2026-04-03 15:55:56.575"}
{"environment":"development","level":"info","message":"🚀 Server is running on port 8000","port":8000,"service":"neural-shop-backend","timestamp":"2026-04-03 15:55:56.710"}
{"category":"database","level":"info","message":"🗄️  MongoDB connected","service":"neural-shop-backend","timestamp":"2026-04-03 15:55:56.712"}
{"level":"info","message":"✅ Redis Connected","service":"neural-shop-backend","timestamp":"2026-04-03 15:55:56.735"}
{"level":"info","message":"🚀 Redis Ready","service":"neural-shop-backend","timestamp":"2026-04-03 15:55:56.775"}
{"level":"info","message":"🚀 Redis connected","service":"neural-shop-backend","timestamp":"2026-04-03 15:55:56.778"}
{"category":"database","host":"localhost:27017","level":"info","message":"🗄️  Connected successfully","service":"neural-shop-backend","timestamp":"2026-04-03 15:55:56.806"}
{"level":"info","message":"🚀 Kafka producer connected","service":"neural-shop-backend","timestamp":"2026-04-03 15:55:56.819"}
{"category":"http","ip":"::1","level":"info","message":"→ POST /login [200]","service":"neural-shop-backend","timestamp":"2026-04-03 15:55:59.965","userAgent":"PostmanRuntime/7.53.0"}
{"level":"info","message":"Database URL mongodb://admin:admin@localhost:27017/neural_shop?authSource=admin","service":"neural-shop-backend","timestamp":"2026-04-03 15:56:10.811"}
{"environment":"development","level":"info","message":"🚀 Server is running on port 8000","port":8000,"service":"neural-shop-backend","timestamp":"2026-04-03 15:56:11.019"}
{"category":"database","level":"info","message":"🗄️  MongoDB connected","service":"neural-shop-backend","timestamp":"2026-04-03 15:56:11.021"}
{"level":"info","message":"✅ Redis Connected","service":"neural-shop-backend","timestamp":"2026-04-03 15:56:11.060"}
{"level":"info","message":"🚀 Redis Ready","service":"neural-shop-backend","timestamp":"2026-04-03 15:56:11.100"}
{"level":"info","message":"🚀 Redis connected","service":"neural-shop-backend","timestamp":"2026-04-03 15:56:11.102"}
{"category":"database","host":"localhost:27017","level":"info","message":"🗄️  Connected successfully","service":"neural-shop-backend","timestamp":"2026-04-03 15:56:11.135"}
{"level":"info","message":"🚀 Kafka producer connected","service":"neural-shop-backend","timestamp":"2026-04-03 15:56:11.146"}
{"level":"info","message":"Database URL mongodb://admin:admin@localhost:27017/neural_shop?authSource=admin","service":"neural-shop-backend","timestamp":"2026-04-03 15:56:32.425"}
{"environment":"development","level":"info","message":"🚀 Server is running on port 8000","port":8000,"service":"neural-shop-backend","timestamp":"2026-04-03 15:56:32.559"}
{"category":"database","level":"info","message":"🗄️  MongoDB connected","service":"neural-shop-backend","timestamp":"2026-04-03 15:56:32.560"}
{"level":"info","message":"✅ Redis Connected","service":"neural-shop-backend","timestamp":"2026-04-03 15:56:32.579"}
{"level":"info","message":"🚀 Redis Ready","service":"neural-shop-backend","timestamp":"2026-04-03 15:56:32.613"}
{"level":"info","message":"🚀 Redis connected","service":"neural-shop-backend","timestamp":"2026-04-03 15:56:32.615"}
{"category":"database","host":"localhost:27017","level":"info","message":"🗄️  Connected successfully","service":"neural-shop-backend","timestamp":"2026-04-03 15:56:32.645"}
{"level":"info","message":"🚀 Kafka producer connected","service":"neural-shop-backend","timestamp":"2026-04-03 15:56:32.656"}
{"level":"info","message":"Database URL mongodb://admin:admin@localhost:27017/neural_shop?authSource=admin","service":"neural-shop-backend","timestamp":"2026-04-03 15:56:44.040"}
{"environment":"development","level":"info","message":"🚀 Server is running on port 8000","port":8000,"service":"neural-shop-backend","timestamp":"2026-04-03 15:56:44.178"}
{"category":"database","level":"info","message":"🗄️  MongoDB connected","service":"neural-shop-backend","timestamp":"2026-04-03 15:56:44.179"}
{"level":"info","message":"✅ Redis Connected","service":"neural-shop-backend","timestamp":"2026-04-03 15:56:44.206"}
{"level":"info","message":"🚀 Redis Ready","service":"neural-shop-backend","timestamp":"2026-04-03 15:56:44.246"}
{"level":"info","message":"🚀 Redis connected","service":"neural-shop-backend","timestamp":"2026-04-03 15:56:44.250"}
{"category":"database","host":"localhost:27017","level":"info","message":"🗄️  Connected successfully","service":"neural-shop-backend","timestamp":"2026-04-03 15:56:44.284"}
{"level":"info","message":"🚀 Kafka producer connected","service":"neural-shop-backend","timestamp":"2026-04-03 15:56:44.297"}
{"level":"info","message":"Database URL mongodb://admin:admin@localhost:27017/neural_shop?authSource=admin","service":"neural-shop-backend","timestamp":"2026-04-03 15:56:47.760"}
{"environment":"development","level":"info","message":"🚀 Server is running on port 8000","port":8000,"service":"neural-shop-backend","timestamp":"2026-04-03 15:56:47.919"}
{"category":"database","level":"info","message":"🗄️  MongoDB connected","service":"neural-shop-backend","timestamp":"2026-04-03 15:56:47.923"}
{"level":"info","message":"✅ Redis Connected","service":"neural-shop-backend","timestamp":"2026-04-03 15:56:47.945"}
{"level":"info","message":"🚀 Redis Ready","service":"neural-shop-backend","timestamp":"2026-04-03 15:56:47.984"}
{"level":"info","message":"🚀 Redis connected","service":"neural-shop-backend","timestamp":"2026-04-03 15:56:47.986"}
{"category":"database","host":"localhost:27017","level":"info","message":"🗄️  Connected successfully","service":"neural-shop-backend","timestamp":"2026-04-03 15:56:48.022"}
{"level":"info","message":"🚀 Kafka producer connected","service":"neural-shop-backend","timestamp":"2026-04-03 15:56:48.034"}
{"level":"info","message":"Database URL mongodb://admin:admin@localhost:27017/neural_shop?authSource=admin","service":"neural-shop-backend","timestamp":"2026-04-03 15:56:55.048"}
{"environment":"development","level":"info","message":"🚀 Server is running on port 8000","port":8000,"service":"neural-shop-backend","timestamp":"2026-04-03 15:56:55.190"}
{"category":"database","level":"info","message":"🗄️  MongoDB connected","service":"neural-shop-backend","timestamp":"2026-04-03 15:56:55.192"}
{"level":"info","message":"✅ Redis Connected","service":"neural-shop-backend","timestamp":"2026-04-03 15:56:55.221"}
{"level":"info","message":"🚀 Redis Ready","service":"neural-shop-backend","timestamp":"2026-04-03 15:56:55.269"}
{"category":"database","host":"localhost:27017","level":"info","message":"🗄️  Connected successfully","service":"neural-shop-backend","timestamp":"2026-04-03 15:56:55.274"}
{"level":"info","message":"🚀 Redis connected","service":"neural-shop-backend","timestamp":"2026-04-03 15:56:55.280"}
{"level":"info","message":"🚀 Kafka producer connected","service":"neural-shop-backend","timestamp":"2026-04-03 15:56:55.308"}
{"category":"http","ip":"::1","level":"info","message":"→ POST /login [400]","service":"neural-shop-backend","timestamp":"2026-04-03 15:57:01.593","userAgent":"PostmanRuntime/7.53.0"}
{"category":"http","ip":"::1","level":"info","message":"→ POST /login [400]","service":"neural-shop-backend","timestamp":"2026-04-03 15:57:06.476","userAgent":"PostmanRuntime/7.53.0"}
{"level":"info","message":"🚀 Kafka consumers started","service":"neural-shop-backend","timestamp":"2026-04-03 15:57:09.464"}
{"level":"info","message":"Database URL mongodb://admin:admin@localhost:27017/neural_shop?authSource=admin","service":"neural-shop-backend","timestamp":"2026-04-03 15:57:32.586"}
{"environment":"development","level":"info","message":"🚀 Server is running on port 8000","port":8000,"service":"neural-shop-backend","timestamp":"2026-04-03 15:57:32.738"}
{"category":"database","level":"info","message":"🗄️  MongoDB connected","service":"neural-shop-backend","timestamp":"2026-04-03 15:57:32.739"}
{"level":"info","message":"✅ Redis Connected","service":"neural-shop-backend","timestamp":"2026-04-03 15:57:32.779"}
{"level":"info","message":"🚀 Redis Ready","service":"neural-shop-backend","timestamp":"2026-04-03 15:57:32.851"}
{"level":"info","message":"🚀 Redis connected","service":"neural-shop-backend","timestamp":"2026-04-03 15:57:32.856"}
{"category":"database","host":"localhost:27017","level":"info","message":"🗄️  Connected successfully","service":"neural-shop-backend","timestamp":"2026-04-03 15:57:32.866"}
{"level":"info","message":"🚀 Kafka producer connected","service":"neural-shop-backend","timestamp":"2026-04-03 15:57:32.897"}
{"level":"info","message":"🚀 Kafka consumers started","service":"neural-shop-backend","timestamp":"2026-04-03 15:57:59.564"}
{"level":"info","message":"Database URL mongodb://admin:admin@localhost:27017/neural_shop?authSource=admin","service":"neural-shop-backend","timestamp":"2026-04-03 15:58:16.102"}
{"environment":"development","level":"info","message":"🚀 Server is running on port 8000","port":8000,"service":"neural-shop-backend","timestamp":"2026-04-03 15:58:16.245"}
{"category":"database","level":"info","message":"🗄️  MongoDB connected","service":"neural-shop-backend","timestamp":"2026-04-03 15:58:16.246"}
{"level":"info","message":"✅ Redis Connected","service":"neural-shop-backend","timestamp":"2026-04-03 15:58:16.261"}
{"level":"info","message":"🚀 Redis Ready","service":"neural-shop-backend","timestamp":"2026-04-03 15:58:16.292"}
{"level":"info","message":"🚀 Redis connected","service":"neural-shop-backend","timestamp":"2026-04-03 15:58:16.294"}
{"category":"database","host":"localhost:27017","level":"info","message":"🗄️  Connected successfully","service":"neural-shop-backend","timestamp":"2026-04-03 15:58:16.325"}
{"level":"info","message":"🚀 Kafka producer connected","service":"neural-shop-backend","timestamp":"2026-04-03 15:58:16.336"}
{"level":"info","message":"Database URL mongodb://admin:admin@localhost:27017/neural_shop?authSource=admin","service":"neural-shop-backend","timestamp":"2026-04-03 15:58:20.552"}
{"environment":"development","level":"info","message":"🚀 Server is running on port 8000","port":8000,"service":"neural-shop-backend","timestamp":"2026-04-03 15:58:20.689"}
{"category":"database","level":"info","message":"🗄️  MongoDB connected","service":"neural-shop-backend","timestamp":"2026-04-03 15:58:20.691"}
{"level":"info","message":"✅ Redis Connected","service":"neural-shop-backend","timestamp":"2026-04-03 15:58:20.712"}
{"level":"info","message":"🚀 Redis Ready","service":"neural-shop-backend","timestamp":"2026-04-03 15:58:20.748"}
{"level":"info","message":"🚀 Redis connected","service":"neural-shop-backend","timestamp":"2026-04-03 15:58:20.751"}
{"category":"database","host":"localhost:27017","level":"info","message":"🗄️  Connected successfully","service":"neural-shop-backend","timestamp":"2026-04-03 15:58:20.779"}
{"level":"info","message":"🚀 Kafka producer connected","service":"neural-shop-backend","timestamp":"2026-04-03 15:58:20.789"}
{"level":"info","message":"Database URL mongodb://admin:admin@localhost:27017/neural_shop?authSource=admin","service":"neural-shop-backend","timestamp":"2026-04-03 15:58:26.420"}
{"environment":"development","level":"info","message":"🚀 Server is running on port 8000","port":8000,"service":"neural-shop-backend","timestamp":"2026-04-03 15:58:26.561"}
{"category":"database","level":"info","message":"🗄️  MongoDB connected","service":"neural-shop-backend","timestamp":"2026-04-03 15:58:26.564"}
{"level":"info","message":"✅ Redis Connected","service":"neural-shop-backend","timestamp":"2026-04-03 15:58:26.582"}
{"level":"info","message":"🚀 Redis Ready","service":"neural-shop-backend","timestamp":"2026-04-03 15:58:26.625"}
{"level":"info","message":"🚀 Redis connected","service":"neural-shop-backend","timestamp":"2026-04-03 15:58:26.628"}
{"category":"database","host":"localhost:27017","level":"info","message":"🗄️  Connected successfully","service":"neural-shop-backend","timestamp":"2026-04-03 15:58:26.640"}
{"level":"info","message":"🚀 Kafka producer connected","service":"neural-shop-backend","timestamp":"2026-04-03 15:58:26.673"}
{"level":"info","message":"Database URL mongodb://admin:admin@localhost:27017/neural_shop?authSource=admin","service":"neural-shop-backend","timestamp":"2026-04-03 15:58:33.351"}
{"environment":"development","level":"info","message":"🚀 Server is running on port 8000","port":8000,"service":"neural-shop-backend","timestamp":"2026-04-03 15:58:33.506"}
{"category":"database","level":"info","message":"🗄️  MongoDB connected","service":"neural-shop-backend","timestamp":"2026-04-03 15:58:33.507"}
{"level":"info","message":"✅ Redis Connected","service":"neural-shop-backend","timestamp":"2026-04-03 15:58:33.532"}
{"level":"info","message":"🚀 Redis Ready","service":"neural-shop-backend","timestamp":"2026-04-03 15:58:33.592"}
{"level":"info","message":"🚀 Redis connected","service":"neural-shop-backend","timestamp":"2026-04-03 15:58:33.594"}
{"category":"database","host":"localhost:27017","level":"info","message":"🗄️  Connected successfully","service":"neural-shop-backend","timestamp":"2026-04-03 15:58:33.605"}
{"level":"info","message":"🚀 Kafka producer connected","service":"neural-shop-backend","timestamp":"2026-04-03 15:58:33.640"}
{"level":"info","message":"🚀 Kafka consumers started","service":"neural-shop-backend","timestamp":"2026-04-03 15:58:39.648"}
{"category":"http","ip":"::1","level":"info","message":"→ GET /logout [500]","service":"neural-shop-backend","timestamp":"2026-04-03 15:59:16.518","userAgent":"PostmanRuntime/7.53.0"}
{"level":"info","message":"Database URL mongodb://admin:admin@localhost:27017/neural_shop?authSource=admin","service":"neural-shop-backend","timestamp":"2026-04-03 15:59:30.165"}
{"environment":"development","level":"info","message":"🚀 Server is running on port 8000","port":8000,"service":"neural-shop-backend","timestamp":"2026-04-03 15:59:30.295"}
{"category":"database","level":"info","message":"🗄️  MongoDB connected","service":"neural-shop-backend","timestamp":"2026-04-03 15:59:30.296"}
{"level":"info","message":"✅ Redis Connected","service":"neural-shop-backend","timestamp":"2026-04-03 15:59:30.318"}
{"level":"info","message":"🚀 Redis Ready","service":"neural-shop-backend","timestamp":"2026-04-03 15:59:30.371"}
{"level":"info","message":"🚀 Redis connected","service":"neural-shop-backend","timestamp":"2026-04-03 15:59:30.373"}
{"category":"database","host":"localhost:27017","level":"info","message":"🗄️  Connected successfully","service":"neural-shop-backend","timestamp":"2026-04-03 15:59:30.401"}
{"level":"info","message":"🚀 Kafka producer connected","service":"neural-shop-backend","timestamp":"2026-04-03 15:59:30.433"}
{"category":"http","ip":"::1","level":"info","message":"→ GET /logout [500]","service":"neural-shop-backend","timestamp":"2026-04-03 15:59:36.331","userAgent":"PostmanRuntime/7.53.0"}
{"level":"info","message":"🚀 Kafka consumers started","service":"neural-shop-backend","timestamp":"2026-04-03 15:59:49.864"}
{"level":"info","message":"Database URL mongodb://admin:admin@localhost:27017/neural_shop?authSource=admin","service":"neural-shop-backend","timestamp":"2026-04-03 16:00:59.605"}
{"environment":"development","level":"info","message":"🚀 Server is running on port 8000","port":8000,"service":"neural-shop-backend","timestamp":"2026-04-03 16:00:59.738"}
{"category":"database","level":"info","message":"🗄️  MongoDB connected","service":"neural-shop-backend","timestamp":"2026-04-03 16:00:59.739"}
{"level":"info","message":"✅ Redis Connected","service":"neural-shop-backend","timestamp":"2026-04-03 16:00:59.758"}
{"level":"info","message":"🚀 Redis Ready","service":"neural-shop-backend","timestamp":"2026-04-03 16:00:59.793"}
{"level":"info","message":"🚀 Redis connected","service":"neural-shop-backend","timestamp":"2026-04-03 16:00:59.805"}
{"category":"database","host":"localhost:27017","level":"info","message":"🗄️  Connected successfully","service":"neural-shop-backend","timestamp":"2026-04-03 16:00:59.817"}
{"level":"info","message":"🚀 Kafka producer connected","service":"neural-shop-backend","timestamp":"2026-04-03 16:00:59.848"}
{"level":"info","message":"Database URL mongodb://admin:admin@localhost:27017/neural_shop?authSource=admin","service":"neural-shop-backend","timestamp":"2026-04-03 16:01:08.724"}
{"environment":"development","level":"info","message":"🚀 Server is running on port 8000","port":8000,"service":"neural-shop-backend","timestamp":"2026-04-03 16:01:08.871"}
{"category":"database","level":"info","message":"🗄️  MongoDB connected","service":"neural-shop-backend","timestamp":"2026-04-03 16:01:08.873"}
{"level":"info","message":"✅ Redis Connected","service":"neural-shop-backend","timestamp":"2026-04-03 16:01:08.899"}
{"level":"info","message":"🚀 Redis Ready","service":"neural-shop-backend","timestamp":"2026-04-03 16:01:08.951"}
{"level":"info","message":"🚀 Redis connected","service":"neural-shop-backend","timestamp":"2026-04-03 16:01:08.962"}
{"category":"database","host":"localhost:27017","level":"info","message":"🗄️  Connected successfully","service":"neural-shop-backend","timestamp":"2026-04-03 16:01:08.975"}
{"level":"info","message":"🚀 Kafka producer connected","service":"neural-shop-backend","timestamp":"2026-04-03 16:01:09.004"}
{"level":"info","message":"Database URL mongodb://admin:admin@localhost:27017/neural_shop?authSource=admin","service":"neural-shop-backend","timestamp":"2026-04-03 16:01:21.343"}
{"environment":"development","level":"info","message":"🚀 Server is running on port 8000","port":8000,"service":"neural-shop-backend","timestamp":"2026-04-03 16:01:21.506"}
{"category":"database","level":"info","message":"🗄️  MongoDB connected","service":"neural-shop-backend","timestamp":"2026-04-03 16:01:21.507"}
{"level":"info","message":"✅ Redis Connected","service":"neural-shop-backend","timestamp":"2026-04-03 16:01:21.529"}
{"level":"info","message":"🚀 Redis Ready","service":"neural-shop-backend","timestamp":"2026-04-03 16:01:21.564"}
{"level":"info","message":"🚀 Redis connected","service":"neural-shop-backend","timestamp":"2026-04-03 16:01:21.567"}
{"category":"database","host":"localhost:27017","level":"info","message":"🗄️  Connected successfully","service":"neural-shop-backend","timestamp":"2026-04-03 16:01:21.612"}
{"level":"info","message":"🚀 Kafka producer connected","service":"neural-shop-backend","timestamp":"2026-04-03 16:01:21.629"}
{"level":"info","message":"Database URL mongodb://admin:admin@localhost:27017/neural_shop?authSource=admin","service":"neural-shop-backend","timestamp":"2026-04-03 16:01:23.637"}
{"environment":"development","level":"info","message":"🚀 Server is running on port 8000","port":8000,"service":"neural-shop-backend","timestamp":"2026-04-03 16:01:23.782"}
{"category":"database","level":"info","message":"🗄️  MongoDB connected","service":"neural-shop-backend","timestamp":"2026-04-03 16:01:23.784"}
{"level":"info","message":"✅ Redis Connected","service":"neural-shop-backend","timestamp":"2026-04-03 16:01:23.818"}
{"level":"info","message":"🚀 Redis Ready","service":"neural-shop-backend","timestamp":"2026-04-03 16:01:23.859"}
{"level":"info","message":"🚀 Redis connected","service":"neural-shop-backend","timestamp":"2026-04-03 16:01:23.862"}
{"level":"info","message":"🚀 Kafka producer connected","service":"neural-shop-backend","timestamp":"2026-04-03 16:01:23.899"}
{"category":"database","host":"localhost:27017","level":"info","message":"🗄️  Connected successfully","service":"neural-shop-backend","timestamp":"2026-04-03 16:01:23.906"}
{"level":"info","message":"Database URL mongodb://admin:admin@localhost:27017/neural_shop?authSource=admin","service":"neural-shop-backend","timestamp":"2026-04-03 16:01:27.419"}
{"environment":"development","level":"info","message":"🚀 Server is running on port 8000","port":8000,"service":"neural-shop-backend","timestamp":"2026-04-03 16:01:27.613"}
{"category":"database","level":"info","message":"🗄️  MongoDB connected","service":"neural-shop-backend","timestamp":"2026-04-03 16:01:27.615"}
{"level":"info","message":"✅ Redis Connected","service":"neural-shop-backend","timestamp":"2026-04-03 16:01:27.641"}
{"level":"info","message":"Database URL mongodb://admin:admin@localhost:27017/neural_shop?authSource=admin","service":"neural-shop-backend","timestamp":"2026-04-03 16:01:29.445"}
{"environment":"development","level":"info","message":"🚀 Server is running on port 8000","port":8000,"service":"neural-shop-backend","timestamp":"2026-04-03 16:01:29.583"}
{"category":"database","level":"info","message":"🗄️  MongoDB connected","service":"neural-shop-backend","timestamp":"2026-04-03 16:01:29.586"}
{"level":"info","message":"✅ Redis Connected","service":"neural-shop-backend","timestamp":"2026-04-03 16:01:29.604"}
{"level":"info","message":"🚀 Redis Ready","service":"neural-shop-backend","timestamp":"2026-04-03 16:01:29.652"}
{"level":"info","message":"🚀 Redis connected","service":"neural-shop-backend","timestamp":"2026-04-03 16:01:29.653"}
{"category":"database","host":"localhost:27017","level":"info","message":"🗄️  Connected successfully","service":"neural-shop-backend","timestamp":"2026-04-03 16:01:29.661"}
{"level":"info","message":"🚀 Kafka producer connected","service":"neural-shop-backend","timestamp":"2026-04-03 16:01:29.688"}
{"level":"info","message":"Database URL mongodb://admin:admin@localhost:27017/neural_shop?authSource=admin","service":"neural-shop-backend","timestamp":"2026-04-03 16:01:34.394"}
{"environment":"development","level":"info","message":"🚀 Server is running on port 8000","port":8000,"service":"neural-shop-backend","timestamp":"2026-04-03 16:01:34.538"}
{"category":"database","level":"info","message":"🗄️  MongoDB connected","service":"neural-shop-backend","timestamp":"2026-04-03 16:01:34.539"}
{"level":"info","message":"✅ Redis Connected","service":"neural-shop-backend","timestamp":"2026-04-03 16:01:34.561"}
{"level":"info","message":"🚀 Redis Ready","service":"neural-shop-backend","timestamp":"2026-04-03 16:01:34.606"}
{"level":"info","message":"🚀 Redis connected","service":"neural-shop-backend","timestamp":"2026-04-03 16:01:34.614"}
{"category":"database","host":"localhost:27017","level":"info","message":"🗄️  Connected successfully","service":"neural-shop-backend","timestamp":"2026-04-03 16:01:34.647"}
{"level":"info","message":"🚀 Kafka producer connected","service":"neural-shop-backend","timestamp":"2026-04-03 16:01:34.660"}
{"level":"info","message":"Database URL mongodb://admin:admin@localhost:27017/neural_shop?authSource=admin","service":"neural-shop-backend","timestamp":"2026-04-03 16:02:11.817"}
{"environment":"development","level":"info","message":"🚀 Server is running on port 8000","port":8000,"service":"neural-shop-backend","timestamp":"2026-04-03 16:02:11.978"}
{"category":"database","level":"info","message":"🗄️  MongoDB connected","service":"neural-shop-backend","timestamp":"2026-04-03 16:02:11.979"}
{"level":"info","message":"✅ Redis Connected","service":"neural-shop-backend","timestamp":"2026-04-03 16:02:11.998"}
{"level":"info","message":"🚀 Redis Ready","service":"neural-shop-backend","timestamp":"2026-04-03 16:02:12.045"}
{"category":"database","host":"localhost:27017","level":"info","message":"🗄️  Connected successfully","service":"neural-shop-backend","timestamp":"2026-04-03 16:02:12.051"}
{"level":"info","message":"🚀 Redis connected","service":"neural-shop-backend","timestamp":"2026-04-03 16:02:12.058"}
{"level":"info","message":"🚀 Kafka producer connected","service":"neural-shop-backend","timestamp":"2026-04-03 16:02:12.088"}
{"level":"info","message":"Database URL mongodb://admin:admin@localhost:27017/neural_shop?authSource=admin","service":"neural-shop-backend","timestamp":"2026-04-03 16:02:14.083"}
{"environment":"development","level":"info","message":"🚀 Server is running on port 8000","port":8000,"service":"neural-shop-backend","timestamp":"2026-04-03 16:02:14.210"}
{"category":"database","level":"info","message":"🗄️  MongoDB connected","service":"neural-shop-backend","timestamp":"2026-04-03 16:02:14.213"}
{"level":"info","message":"✅ Redis Connected","service":"neural-shop-backend","timestamp":"2026-04-03 16:02:14.233"}
{"level":"info","message":"🚀 Redis Ready","service":"neural-shop-backend","timestamp":"2026-04-03 16:02:14.274"}
{"level":"info","message":"🚀 Redis connected","service":"neural-shop-backend","timestamp":"2026-04-03 16:02:14.276"}
{"category":"database","host":"localhost:27017","level":"info","message":"🗄️  Connected successfully","service":"neural-shop-backend","timestamp":"2026-04-03 16:02:14.306"}
{"level":"info","message":"🚀 Kafka producer connected","service":"neural-shop-backend","timestamp":"2026-04-03 16:02:14.316"}
{"level":"info","message":"Database URL mongodb://admin:admin@localhost:27017/neural_shop?authSource=admin","service":"neural-shop-backend","timestamp":"2026-04-03 16:02:18.756"}
{"environment":"development","level":"info","message":"🚀 Server is running on port 8000","port":8000,"service":"neural-shop-backend","timestamp":"2026-04-03 16:02:18.897"}
{"category":"database","level":"info","message":"🗄️  MongoDB connected","service":"neural-shop-backend","timestamp":"2026-04-03 16:02:18.898"}
{"level":"info","message":"✅ Redis Connected","service":"neural-shop-backend","timestamp":"2026-04-03 16:02:18.925"}
{"level":"info","message":"🚀 Redis Ready","service":"neural-shop-backend","timestamp":"2026-04-03 16:02:18.977"}
{"level":"info","message":"🚀 Redis connected","service":"neural-shop-backend","timestamp":"2026-04-03 16:02:18.980"}
{"category":"database","host":"localhost:27017","level":"info","message":"🗄️  Connected successfully","service":"neural-shop-backend","timestamp":"2026-04-03 16:02:19.021"}
{"level":"info","message":"🚀 Kafka producer connected","service":"neural-shop-backend","timestamp":"2026-04-03 16:02:19.035"}
{"level":"info","message":"Database URL mongodb://admin:admin@localhost:27017/neural_shop?authSource=admin","service":"neural-shop-backend","timestamp":"2026-04-03 16:02:20.852"}
{"environment":"development","level":"info","message":"🚀 Server is running on port 8000","port":8000,"service":"neural-shop-backend","timestamp":"2026-04-03 16:02:20.991"}
{"category":"database","level":"info","message":"🗄️  MongoDB connected","service":"neural-shop-backend","timestamp":"2026-04-03 16:02:20.993"}
{"level":"info","message":"✅ Redis Connected","service":"neural-shop-backend","timestamp":"2026-04-03 16:02:21.020"}
{"level":"info","message":"🚀 Redis Ready","service":"neural-shop-backend","timestamp":"2026-04-03 16:02:21.058"}
{"level":"info","message":"🚀 Redis connected","service":"neural-shop-backend","timestamp":"2026-04-03 16:02:21.069"}
{"category":"database","host":"localhost:27017","level":"info","message":"🗄️  Connected successfully","service":"neural-shop-backend","timestamp":"2026-04-03 16:02:21.078"}
{"level":"info","message":"🚀 Kafka producer connected","service":"neural-shop-backend","timestamp":"2026-04-03 16:02:21.105"}
{"level":"info","message":"Database URL mongodb://admin:admin@localhost:27017/neural_shop?authSource=admin","service":"neural-shop-backend","timestamp":"2026-04-03 16:02:23.622"}
{"environment":"development","level":"info","message":"🚀 Server is running on port 8000","port":8000,"service":"neural-shop-backend","timestamp":"2026-04-03 16:02:23.790"}
{"category":"database","level":"info","message":"🗄️  MongoDB connected","service":"neural-shop-backend","timestamp":"2026-04-03 16:02:23.792"}
{"level":"info","message":"✅ Redis Connected","service":"neural-shop-backend","timestamp":"2026-04-03 16:02:23.809"}
{"level":"info","message":"🚀 Redis Ready","service":"neural-shop-backend","timestamp":"2026-04-03 16:02:23.865"}
{"level":"info","message":"🚀 Redis connected","service":"neural-shop-backend","timestamp":"2026-04-03 16:02:23.868"}
{"category":"database","host":"localhost:27017","level":"info","message":"🗄️  Connected successfully","service":"neural-shop-backend","timestamp":"2026-04-03 16:02:23.879"}
{"level":"info","message":"🚀 Kafka producer connected","service":"neural-shop-backend","timestamp":"2026-04-03 16:02:23.929"}
{"category":"http","ip":"::1","level":"info","message":"→ GET /logout [200]","service":"neural-shop-backend","timestamp":"2026-04-03 16:02:26.013","userAgent":"PostmanRuntime/7.53.0"}
{"level":"info","message":"🚀 Kafka consumers started","service":"neural-shop-backend","timestamp":"2026-04-03 16:03:12.474"}
{"level":"info","message":"Database URL mongodb://admin:admin@localhost:27017/neural_shop?authSource=admin","service":"neural-shop-backend","timestamp":"2026-04-03 16:03:52.050"}
{"environment":"development","level":"info","message":"🚀 Server is running on port 8000","port":8000,"service":"neural-shop-backend","timestamp":"2026-04-03 16:03:52.189"}
{"category":"database","level":"info","message":"🗄️  MongoDB connected","service":"neural-shop-backend","timestamp":"2026-04-03 16:03:52.191"}
{"level":"info","message":"✅ Redis Connected","service":"neural-shop-backend","timestamp":"2026-04-03 16:03:52.211"}
{"level":"info","message":"🚀 Redis Ready","service":"neural-shop-backend","timestamp":"2026-04-03 16:03:52.247"}
{"level":"info","message":"🚀 Redis connected","service":"neural-shop-backend","timestamp":"2026-04-03 16:03:52.249"}
{"level":"info","message":"🚀 Kafka producer connected","service":"neural-shop-backend","timestamp":"2026-04-03 16:03:52.281"}
{"category":"database","host":"localhost:27017","level":"info","message":"🗄️  Connected successfully","service":"neural-shop-backend","timestamp":"2026-04-03 16:03:52.287"}
{"level":"info","message":"Database URL mongodb://admin:admin@localhost:27017/neural_shop?authSource=admin","service":"neural-shop-backend","timestamp":"2026-04-03 16:03:59.906"}
{"environment":"development","level":"info","message":"🚀 Server is running on port 8000","port":8000,"service":"neural-shop-backend","timestamp":"2026-04-03 16:04:00.069"}
{"category":"database","level":"info","message":"🗄️  MongoDB connected","service":"neural-shop-backend","timestamp":"2026-04-03 16:04:00.073"}
{"level":"info","message":"✅ Redis Connected","service":"neural-shop-backend","timestamp":"2026-04-03 16:04:00.122"}
{"level":"info","message":"🚀 Redis Ready","service":"neural-shop-backend","timestamp":"2026-04-03 16:04:00.190"}
{"level":"info","message":"🚀 Redis connected","service":"neural-shop-backend","timestamp":"2026-04-03 16:04:00.193"}
{"category":"database","host":"localhost:27017","level":"info","message":"🗄️  Connected successfully","service":"neural-shop-backend","timestamp":"2026-04-03 16:04:00.239"}
{"level":"info","message":"🚀 Kafka producer connected","service":"neural-shop-backend","timestamp":"2026-04-03 16:04:00.279"}
{"level":"info","message":"🚀 Kafka consumers started","service":"neural-shop-backend","timestamp":"2026-04-03 16:04:47.933"}
{"category":"http","ip":"::1","level":"info","message":"→ POST /registration [201]","service":"neural-shop-backend","timestamp":"2026-04-03 16:05:24.666","userAgent":"PostmanRuntime/7.53.0"}
{"category":"http","ip":"::1","level":"info","message":"→ POST /adminregister [201]","service":"neural-shop-backend","timestamp":"2026-04-03 16:05:57.429","userAgent":"PostmanRuntime/7.53.0"}
{"level":"info","message":"Database URL mongodb://admin:admin@localhost:27017/neural_shop?authSource=admin","service":"neural-shop-backend","timestamp":"2026-04-03 16:06:48.613"}
{"environment":"development","level":"info","message":"🚀 Server is running on port 8000","port":8000,"service":"neural-shop-backend","timestamp":"2026-04-03 16:06:48.771"}
{"category":"database","level":"info","message":"🗄️  MongoDB connected","service":"neural-shop-backend","timestamp":"2026-04-03 16:06:48.772"}
{"level":"info","message":"✅ Redis Connected","service":"neural-shop-backend","timestamp":"2026-04-03 16:06:48.791"}
{"level":"info","message":"🚀 Redis Ready","service":"neural-shop-backend","timestamp":"2026-04-03 16:06:48.826"}
{"level":"info","message":"🚀 Redis connected","service":"neural-shop-backend","timestamp":"2026-04-03 16:06:48.827"}
{"category":"database","host":"localhost:27017","level":"info","message":"🗄️  Connected successfully","service":"neural-shop-backend","timestamp":"2026-04-03 16:06:48.853"}
{"level":"info","message":"🚀 Kafka producer connected","service":"neural-shop-backend","timestamp":"2026-04-03 16:06:48.863"}
{"level":"info","message":"🚀 Kafka consumers started","service":"neural-shop-backend","timestamp":"2026-04-03 16:06:52.391"}
{"level":"info","message":"Database URL mongodb://admin:admin@localhost:27017/neural_shop?authSource=admin","service":"neural-shop-backend","timestamp":"2026-04-03 16:06:57.531"}
{"environment":"development","level":"info","message":"🚀 Server is running on port 8000","port":8000,"service":"neural-shop-backend","timestamp":"2026-04-03 16:06:57.650"}
{"category":"database","level":"info","message":"🗄️  MongoDB connected","service":"neural-shop-backend","timestamp":"2026-04-03 16:06:57.651"}
{"level":"info","message":"✅ Redis Connected","service":"neural-shop-backend","timestamp":"2026-04-03 16:06:57.671"}
{"level":"info","message":"🚀 Redis Ready","service":"neural-shop-backend","timestamp":"2026-04-03 16:06:57.706"}
{"level":"info","message":"🚀 Redis connected","service":"neural-shop-backend","timestamp":"2026-04-03 16:06:57.716"}
{"category":"database","host":"localhost:27017","level":"info","message":"🗄️  Connected successfully","service":"neural-shop-backend","timestamp":"2026-04-03 16:06:57.724"}
{"level":"info","message":"🚀 Kafka producer connected","service":"neural-shop-backend","timestamp":"2026-04-03 16:06:57.752"}
{"level":"info","message":"Database URL mongodb://admin:admin@localhost:27017/neural_shop?authSource=admin","service":"neural-shop-backend","timestamp":"2026-04-03 16:07:13.457"}
{"environment":"development","level":"info","message":"🚀 Server is running on port 8000","port":8000,"service":"neural-shop-backend","timestamp":"2026-04-03 16:07:13.587"}
{"category":"database","level":"info","message":"🗄️  MongoDB connected","service":"neural-shop-backend","timestamp":"2026-04-03 16:07:13.589"}
{"level":"info","message":"✅ Redis Connected","service":"neural-shop-backend","timestamp":"2026-04-03 16:07:13.620"}
{"level":"info","message":"🚀 Redis Ready","service":"neural-shop-backend","timestamp":"2026-04-03 16:07:13.655"}
{"level":"info","message":"🚀 Redis connected","service":"neural-shop-backend","timestamp":"2026-04-03 16:07:13.658"}
{"category":"database","host":"localhost:27017","level":"info","message":"🗄️  Connected successfully","service":"neural-shop-backend","timestamp":"2026-04-03 16:07:13.688"}
{"level":"info","message":"🚀 Kafka producer connected","service":"neural-shop-backend","timestamp":"2026-04-03 16:07:13.697"}
{"level":"info","message":"🚀 Kafka consumers started","service":"neural-shop-backend","timestamp":"2026-04-03 16:07:52.700"}
{"level":"info","message":"Database URL mongodb://admin:admin@localhost:27017/neural_shop?authSource=admin","service":"neural-shop-backend","timestamp":"2026-04-03 16:08:07.186"}
{"environment":"development","level":"info","message":"🚀 Server is running on port 8000","port":8000,"service":"neural-shop-backend","timestamp":"2026-04-03 16:08:07.303"}
{"category":"database","level":"info","message":"🗄️  MongoDB connected","service":"neural-shop-backend","timestamp":"2026-04-03 16:08:07.304"}
{"level":"info","message":"✅ Redis Connected","service":"neural-shop-backend","timestamp":"2026-04-03 16:08:07.329"}
{"level":"info","message":"🚀 Redis Ready","service":"neural-shop-backend","timestamp":"2026-04-03 16:08:07.373"}
{"level":"info","message":"🚀 Redis connected","service":"neural-shop-backend","timestamp":"2026-04-03 16:08:07.375"}
{"category":"database","host":"localhost:27017","level":"info","message":"🗄️  Connected successfully","service":"neural-shop-backend","timestamp":"2026-04-03 16:08:07.382"}
{"level":"info","message":"🚀 Kafka producer connected","service":"neural-shop-backend","timestamp":"2026-04-03 16:08:07.414"}
{"level":"info","message":"Database URL mongodb://admin:admin@localhost:27017/neural_shop?authSource=admin","service":"neural-shop-backend","timestamp":"2026-04-03 16:08:20.081"}
{"environment":"development","level":"info","message":"🚀 Server is running on port 8000","port":8000,"service":"neural-shop-backend","timestamp":"2026-04-03 16:08:20.202"}
{"category":"database","level":"info","message":"🗄️  MongoDB connected","service":"neural-shop-backend","timestamp":"2026-04-03 16:08:20.203"}
{"level":"info","message":"✅ Redis Connected","service":"neural-shop-backend","timestamp":"2026-04-03 16:08:20.227"}
{"level":"info","message":"🚀 Redis Ready","service":"neural-shop-backend","timestamp":"2026-04-03 16:08:20.269"}
{"level":"info","message":"🚀 Redis connected","service":"neural-shop-backend","timestamp":"2026-04-03 16:08:20.271"}
{"category":"database","host":"localhost:27017","level":"info","message":"🗄️  Connected successfully","service":"neural-shop-backend","timestamp":"2026-04-03 16:08:20.279"}
{"level":"info","message":"🚀 Kafka producer connected","service":"neural-shop-backend","timestamp":"2026-04-03 16:08:20.303"}
{"level":"info","message":"Database URL mongodb://admin:admin@localhost:27017/neural_shop?authSource=admin","service":"neural-shop-backend","timestamp":"2026-04-03 16:08:32.638"}
{"environment":"development","level":"info","message":"🚀 Server is running on port 8000","port":8000,"service":"neural-shop-backend","timestamp":"2026-04-03 16:08:32.773"}
{"category":"database","level":"info","message":"🗄️  MongoDB connected","service":"neural-shop-backend","timestamp":"2026-04-03 16:08:32.774"}
{"level":"info","message":"✅ Redis Connected","service":"neural-shop-backend","timestamp":"2026-04-03 16:08:32.797"}
{"level":"info","message":"🚀 Redis Ready","service":"neural-shop-backend","timestamp":"2026-04-03 16:08:32.841"}
{"level":"info","message":"🚀 Redis connected","service":"neural-shop-backend","timestamp":"2026-04-03 16:08:32.843"}
{"category":"database","host":"localhost:27017","level":"info","message":"🗄️  Connected successfully","service":"neural-shop-backend","timestamp":"2026-04-03 16:08:32.850"}
{"level":"info","message":"🚀 Kafka producer connected","service":"neural-shop-backend","timestamp":"2026-04-03 16:08:32.874"}
{"level":"info","message":"Database URL mongodb://admin:admin@localhost:27017/neural_shop?authSource=admin","service":"neural-shop-backend","timestamp":"2026-04-03 16:08:53.858"}
{"environment":"development","level":"info","message":"🚀 Server is running on port 8000","port":8000,"service":"neural-shop-backend","timestamp":"2026-04-03 16:08:53.975"}
{"category":"database","level":"info","message":"🗄️  MongoDB connected","service":"neural-shop-backend","timestamp":"2026-04-03 16:08:53.976"}
{"level":"info","message":"✅ Redis Connected","service":"neural-shop-backend","timestamp":"2026-04-03 16:08:53.995"}
{"level":"info","message":"🚀 Redis Ready","service":"neural-shop-backend","timestamp":"2026-04-03 16:08:54.042"}
{"level":"info","message":"🚀 Redis connected","service":"neural-shop-backend","timestamp":"2026-04-03 16:08:54.044"}
{"category":"database","host":"localhost:27017","level":"info","message":"🗄️  Connected successfully","service":"neural-shop-backend","timestamp":"2026-04-03 16:08:54.051"}
{"level":"info","message":"🚀 Kafka producer connected","service":"neural-shop-backend","timestamp":"2026-04-03 16:08:54.077"}
{"category":"http","ip":"::1","level":"info","message":"→ POST /adminregister [400]","service":"neural-shop-backend","timestamp":"2026-04-03 16:09:05.487","userAgent":"PostmanRuntime/7.53.0"}
{"category":"http","ip":"::1","level":"info","message":"→ POST /adminregister [201]","service":"neural-shop-backend","timestamp":"2026-04-03 16:09:23.263","userAgent":"PostmanRuntime/7.53.0"}
{"level":"info","message":"🚀 Kafka consumers started","service":"neural-shop-backend","timestamp":"2026-04-03 16:09:32.999"}
{"errors":[{"location":"body","msg":"Name is required","path":"name","type":"field","value":""},{"location":"body","msg":"Name must be at least 2 characters","path":"name","type":"field","value":""}],"level":"warn","message":"Validation error","method":"POST","path":"/registration","service":"neural-shop-backend","timestamp":"2026-04-03 16:10:09.114"}
{"category":"http","ip":"::1","level":"info","message":"→ POST /registration [400]","service":"neural-shop-backend","timestamp":"2026-04-03 16:10:09.115","userAgent":"PostmanRuntime/7.53.0"}
{"errors":[{"location":"body","msg":"OTP is required","path":"otp","type":"field"},{"location":"body","msg":"OTP must be 6 digits","path":"otp","type":"field"},{"location":"body","msg":"OTP must be numeric","path":"otp","type":"field"}],"level":"warn","message":"Validation error","method":"POST","path":"/verify-email","service":"neural-shop-backend","timestamp":"2026-04-03 16:10:54.301"}
{"category":"http","ip":"::1","level":"info","message":"→ POST /verify-email [400]","service":"neural-shop-backend","timestamp":"2026-04-03 16:10:54.303","userAgent":"PostmanRuntime/7.53.0"}
{"level":"info","message":"Database URL mongodb://admin:admin@localhost:27017/neural_shop?authSource=admin","service":"neural-shop-backend","timestamp":"2026-04-03 16:12:35.952"}
{"environment":"development","level":"info","message":"🚀 Server is running on port 8000","port":8000,"service":"neural-shop-backend","timestamp":"2026-04-03 16:12:36.063"}
{"category":"database","level":"info","message":"🗄️  MongoDB connected","service":"neural-shop-backend","timestamp":"2026-04-03 16:12:36.064"}
{"level":"info","message":"✅ Redis Connected","service":"neural-shop-backend","timestamp":"2026-04-03 16:12:36.090"}
{"level":"info","message":"🚀 Redis Ready","service":"neural-shop-backend","timestamp":"2026-04-03 16:12:36.125"}
{"level":"info","message":"🚀 Redis connected","service":"neural-shop-backend","timestamp":"2026-04-03 16:12:36.127"}
{"category":"database","host":"localhost:27017","level":"info","message":"🗄️  Connected successfully","service":"neural-shop-backend","timestamp":"2026-04-03 16:12:36.150"}
{"level":"info","message":"🚀 Kafka producer connected","service":"neural-shop-backend","timestamp":"2026-04-03 16:12:36.182"}
{"level":"info","message":"🚀 Kafka consumers started","service":"neural-shop-backend","timestamp":"2026-04-03 16:12:39.245"}
{"category":"http","ip":"::1","level":"info","message":"→ POST /adminregister [201]","service":"neural-shop-backend","timestamp":"2026-04-03 16:12:52.727","userAgent":"PostmanRuntime/7.53.0"}
{"category":"http","ip":"::1","level":"info","message":"→ POST /verify-email [400]","service":"neural-shop-backend","timestamp":"2026-04-03 16:13:33.070","userAgent":"PostmanRuntime/7.53.0"}
{"level":"info","message":"Database URL mongodb://admin:admin@localhost:27017/neural_shop?authSource=admin","service":"neural-shop-backend","timestamp":"2026-04-03 16:14:39.778"}
{"environment":"development","level":"info","message":"🚀 Server is running on port 8000","port":8000,"service":"neural-shop-backend","timestamp":"2026-04-03 16:14:39.942"}
{"category":"database","level":"info","message":"🗄️  MongoDB connected","service":"neural-shop-backend","timestamp":"2026-04-03 16:14:39.945"}
{"level":"info","message":"✅ Redis Connected","service":"neural-shop-backend","timestamp":"2026-04-03 16:14:39.970"}
{"level":"info","message":"🚀 Redis Ready","service":"neural-shop-backend","timestamp":"2026-04-03 16:14:40.010"}
{"level":"info","message":"🚀 Redis connected","service":"neural-shop-backend","timestamp":"2026-04-03 16:14:40.013"}
{"category":"database","host":"localhost:27017","level":"info","message":"🗄️  Connected successfully","service":"neural-shop-backend","timestamp":"2026-04-03 16:14:40.040"}
{"level":"info","message":"🚀 Kafka producer connected","service":"neural-shop-backend","timestamp":"2026-04-03 16:14:40.070"}
{"level":"info","message":"Database URL mongodb://admin:admin@localhost:27017/neural_shop?authSource=admin","service":"neural-shop-backend","timestamp":"2026-04-03 16:14:53.976"}
{"environment":"development","level":"info","message":"🚀 Server is running on port 8000","port":8000,"service":"neural-shop-backend","timestamp":"2026-04-03 16:14:54.087"}
{"category":"database","level":"info","message":"🗄️  MongoDB connected","service":"neural-shop-backend","timestamp":"2026-04-03 16:14:54.089"}
{"level":"info","message":"✅ Redis Connected","service":"neural-shop-backend","timestamp":"2026-04-03 16:14:54.114"}
{"level":"info","message":"🚀 Redis Ready","service":"neural-shop-backend","timestamp":"2026-04-03 16:14:54.151"}
{"level":"info","message":"🚀 Redis connected","service":"neural-shop-backend","timestamp":"2026-04-03 16:14:54.153"}
{"category":"database","host":"localhost:27017","level":"info","message":"🗄️  Connected successfully","service":"neural-shop-backend","timestamp":"2026-04-03 16:14:54.176"}
{"level":"info","message":"🚀 Kafka producer connected","service":"neural-shop-backend","timestamp":"2026-04-03 16:14:54.186"}
{"level":"info","message":"Database URL mongodb://admin:admin@localhost:27017/neural_shop?authSource=admin","service":"neural-shop-backend","timestamp":"2026-04-03 16:15:03.145"}
{"environment":"development","level":"info","message":"🚀 Server is running on port 8000","port":8000,"service":"neural-shop-backend","timestamp":"2026-04-03 16:15:03.274"}
{"category":"database","level":"info","message":"🗄️  MongoDB connected","service":"neural-shop-backend","timestamp":"2026-04-03 16:15:03.275"}
{"level":"info","message":"✅ Redis Connected","service":"neural-shop-backend","timestamp":"2026-04-03 16:15:03.297"}
{"level":"info","message":"🚀 Redis Ready","service":"neural-shop-backend","timestamp":"2026-04-03 16:15:03.335"}
{"level":"info","message":"🚀 Redis connected","service":"neural-shop-backend","timestamp":"2026-04-03 16:15:03.337"}
{"category":"database","host":"localhost:27017","level":"info","message":"🗄️  Connected successfully","service":"neural-shop-backend","timestamp":"2026-04-03 16:15:03.365"}
{"level":"info","message":"🚀 Kafka producer connected","service":"neural-shop-backend","timestamp":"2026-04-03 16:15:03.376"}
{"level":"info","message":"Database URL mongodb://admin:admin@localhost:27017/neural_shop?authSource=admin","service":"neural-shop-backend","timestamp":"2026-04-03 16:15:16.284"}
{"environment":"development","level":"info","message":"🚀 Server is running on port 8000","port":8000,"service":"neural-shop-backend","timestamp":"2026-04-03 16:15:16.405"}
{"category":"database","level":"info","message":"🗄️  MongoDB connected","service":"neural-shop-backend","timestamp":"2026-04-03 16:15:16.406"}
{"level":"info","message":"✅ Redis Connected","service":"neural-shop-backend","timestamp":"2026-04-03 16:15:16.433"}
{"level":"info","message":"🚀 Redis Ready","service":"neural-shop-backend","timestamp":"2026-04-03 16:15:16.477"}
{"level":"info","message":"🚀 Redis connected","service":"neural-shop-backend","timestamp":"2026-04-03 16:15:16.479"}
{"category":"database","host":"localhost:27017","level":"info","message":"🗄️  Connected successfully","service":"neural-shop-backend","timestamp":"2026-04-03 16:15:16.507"}
{"level":"info","message":"🚀 Kafka producer connected","service":"neural-shop-backend","timestamp":"2026-04-03 16:15:16.540"}
{"level":"info","message":"Database URL mongodb://admin:admin@localhost:27017/neural_shop?authSource=admin","service":"neural-shop-backend","timestamp":"2026-04-03 16:15:45.133"}
{"environment":"development","level":"info","message":"🚀 Server is running on port 8000","port":8000,"service":"neural-shop-backend","timestamp":"2026-04-03 16:15:45.288"}
{"category":"database","level":"info","message":"🗄️  MongoDB connected","service":"neural-shop-backend","timestamp":"2026-04-03 16:15:45.289"}
{"level":"info","message":"✅ Redis Connected","service":"neural-shop-backend","timestamp":"2026-04-03 16:15:45.303"}
{"level":"info","message":"🚀 Redis Ready","service":"neural-shop-backend","timestamp":"2026-04-03 16:15:45.330"}
{"level":"info","message":"🚀 Redis connected","service":"neural-shop-backend","timestamp":"2026-04-03 16:15:45.332"}
{"level":"info","message":"🚀 Kafka producer connected","service":"neural-shop-backend","timestamp":"2026-04-03 16:15:45.362"}
{"category":"database","host":"localhost:27017","level":"info","message":"🗄️  Connected successfully","service":"neural-shop-backend","timestamp":"2026-04-03 16:15:45.367"}
{"level":"info","message":"Database URL mongodb://admin:admin@localhost:27017/neural_shop?authSource=admin","service":"neural-shop-backend","timestamp":"2026-04-03 16:15:50.341"}
{"environment":"development","level":"info","message":"🚀 Server is running on port 8000","port":8000,"service":"neural-shop-backend","timestamp":"2026-04-03 16:15:50.457"}
{"category":"database","level":"info","message":"🗄️  MongoDB connected","service":"neural-shop-backend","timestamp":"2026-04-03 16:15:50.459"}
{"level":"info","message":"✅ Redis Connected","service":"neural-shop-backend","timestamp":"2026-04-03 16:15:50.481"}
{"level":"info","message":"🚀 Redis Ready","service":"neural-shop-backend","timestamp":"2026-04-03 16:15:50.533"}
{"level":"info","message":"🚀 Redis connected","service":"neural-shop-backend","timestamp":"2026-04-03 16:15:50.535"}
{"category":"database","host":"localhost:27017","level":"info","message":"🗄️  Connected successfully","service":"neural-shop-backend","timestamp":"2026-04-03 16:15:50.543"}
{"level":"info","message":"🚀 Kafka producer connected","service":"neural-shop-backend","timestamp":"2026-04-03 16:15:50.571"}
{"level":"info","message":"Database URL mongodb://admin:admin@localhost:27017/neural_shop?authSource=admin","service":"neural-shop-backend","timestamp":"2026-04-03 16:15:59.425"}
{"environment":"development","level":"info","message":"🚀 Server is running on port 8000","port":8000,"service":"neural-shop-backend","timestamp":"2026-04-03 16:15:59.582"}
{"category":"database","level":"info","message":"🗄️  MongoDB connected","service":"neural-shop-backend","timestamp":"2026-04-03 16:15:59.584"}
{"level":"info","message":"✅ Redis Connected","service":"neural-shop-backend","timestamp":"2026-04-03 16:15:59.612"}
{"level":"info","message":"🚀 Redis Ready","service":"neural-shop-backend","timestamp":"2026-04-03 16:15:59.644"}
{"level":"info","message":"🚀 Redis connected","service":"neural-shop-backend","timestamp":"2026-04-03 16:15:59.647"}
{"category":"database","host":"localhost:27017","level":"info","message":"🗄️  Connected successfully","service":"neural-shop-backend","timestamp":"2026-04-03 16:15:59.673"}
{"level":"info","message":"🚀 Kafka producer connected","service":"neural-shop-backend","timestamp":"2026-04-03 16:15:59.682"}
{"level":"info","message":"🚀 Kafka consumers started","service":"neural-shop-backend","timestamp":"2026-04-03 16:16:20.622"}
{"level":"info","message":"Database URL mongodb://admin:admin@localhost:27017/neural_shop?authSource=admin","service":"neural-shop-backend","timestamp":"2026-04-03 16:16:46.094"}
{"environment":"development","level":"info","message":"🚀 Server is running on port 8000","port":8000,"service":"neural-shop-backend","timestamp":"2026-04-03 16:16:46.221"}
{"category":"database","level":"info","message":"🗄️  MongoDB connected","service":"neural-shop-backend","timestamp":"2026-04-03 16:16:46.222"}
{"level":"info","message":"✅ Redis Connected","service":"neural-shop-backend","timestamp":"2026-04-03 16:16:46.239"}
{"level":"info","message":"🚀 Redis Ready","service":"neural-shop-backend","timestamp":"2026-04-03 16:16:46.283"}
{"level":"info","message":"🚀 Redis connected","service":"neural-shop-backend","timestamp":"2026-04-03 16:16:46.284"}
{"category":"database","host":"localhost:27017","level":"info","message":"🗄️  Connected successfully","service":"neural-shop-backend","timestamp":"2026-04-03 16:16:46.292"}
{"level":"info","message":"🚀 Kafka producer connected","service":"neural-shop-backend","timestamp":"2026-04-03 16:16:46.318"}
{"level":"info","message":"🚀 Kafka consumers started","service":"neural-shop-backend","timestamp":"2026-04-03 16:17:00.673"}
{"level":"info","message":"Database URL mongodb://admin:admin@localhost:27017/neural_shop?authSource=admin","service":"neural-shop-backend","timestamp":"2026-04-03 16:17:26.840"}
{"environment":"development","level":"info","message":"🚀 Server is running on port 8000","port":8000,"service":"neural-shop-backend","timestamp":"2026-04-03 16:17:26.974"}
{"category":"database","level":"info","message":"🗄️  MongoDB connected","service":"neural-shop-backend","timestamp":"2026-04-03 16:17:26.975"}
{"level":"info","message":"✅ Redis Connected","service":"neural-shop-backend","timestamp":"2026-04-03 16:17:26.994"}
{"level":"info","message":"🚀 Redis Ready","service":"neural-shop-backend","timestamp":"2026-04-03 16:17:27.040"}
{"category":"database","host":"localhost:27017","level":"info","message":"🗄️  Connected successfully","service":"neural-shop-backend","timestamp":"2026-04-03 16:17:27.044"}
{"level":"info","message":"🚀 Redis connected","service":"neural-shop-backend","timestamp":"2026-04-03 16:17:27.051"}
{"level":"info","message":"🚀 Kafka producer connected","service":"neural-shop-backend","timestamp":"2026-04-03 16:17:27.083"}
{"level":"info","message":"Database URL mongodb://admin:admin@localhost:27017/neural_shop?authSource=admin","service":"neural-shop-backend","timestamp":"2026-04-03 16:17:52.193"}
{"environment":"development","level":"info","message":"🚀 Server is running on port 8000","port":8000,"service":"neural-shop-backend","timestamp":"2026-04-03 16:17:52.317"}
{"category":"database","level":"info","message":"🗄️  MongoDB connected","service":"neural-shop-backend","timestamp":"2026-04-03 16:17:52.319"}
{"level":"info","message":"✅ Redis Connected","service":"neural-shop-backend","timestamp":"2026-04-03 16:17:52.342"}
{"level":"info","message":"🚀 Redis Ready","service":"neural-shop-backend","timestamp":"2026-04-03 16:17:52.374"}
{"level":"info","message":"🚀 Redis connected","service":"neural-shop-backend","timestamp":"2026-04-03 16:17:52.377"}
{"level":"info","message":"🚀 Kafka producer connected","service":"neural-shop-backend","timestamp":"2026-04-03 16:17:52.403"}
{"category":"database","host":"localhost:27017","level":"info","message":"🗄️  Connected successfully","service":"neural-shop-backend","timestamp":"2026-04-03 16:17:52.408"}
{"level":"info","message":"Database URL mongodb://admin:admin@localhost:27017/neural_shop?authSource=admin","service":"neural-shop-backend","timestamp":"2026-04-03 16:18:01.199"}
{"environment":"development","level":"info","message":"🚀 Server is running on port 8000","port":8000,"service":"neural-shop-backend","timestamp":"2026-04-03 16:18:01.321"}
{"category":"database","level":"info","message":"🗄️  MongoDB connected","service":"neural-shop-backend","timestamp":"2026-04-03 16:18:01.322"}
{"level":"info","message":"✅ Redis Connected","service":"neural-shop-backend","timestamp":"2026-04-03 16:18:01.348"}
{"level":"info","message":"🚀 Redis Ready","service":"neural-shop-backend","timestamp":"2026-04-03 16:18:01.389"}
{"level":"info","message":"🚀 Redis connected","service":"neural-shop-backend","timestamp":"2026-04-03 16:18:01.392"}
{"category":"database","host":"localhost:27017","level":"info","message":"🗄️  Connected successfully","service":"neural-shop-backend","timestamp":"2026-04-03 16:18:01.416"}
{"level":"info","message":"🚀 Kafka producer connected","service":"neural-shop-backend","timestamp":"2026-04-03 16:18:01.444"}
{"level":"info","message":"🚀 Kafka consumers started","service":"neural-shop-backend","timestamp":"2026-04-03 16:18:51.034"}
{"level":"info","message":"Database URL mongodb://admin:admin@localhost:27017/neural_shop?authSource=admin","service":"neural-shop-backend","timestamp":"2026-04-03 16:29:04.481"}
{"environment":"development","level":"info","message":"🚀 Server is running on port 8000","port":8000,"service":"neural-shop-backend","timestamp":"2026-04-03 16:29:04.621"}
{"category":"database","level":"info","message":"🗄️  MongoDB connected","service":"neural-shop-backend","timestamp":"2026-04-03 16:29:04.622"}
{"level":"info","message":"✅ Redis Connected","service":"neural-shop-backend","timestamp":"2026-04-03 16:29:04.641"}
{"level":"info","message":"🚀 Redis Ready","service":"neural-shop-backend","timestamp":"2026-04-03 16:29:04.673"}
{"level":"info","message":"🚀 Redis connected","service":"neural-shop-backend","timestamp":"2026-04-03 16:29:04.675"}
{"category":"database","host":"localhost:27017","level":"info","message":"🗄️  Connected successfully","service":"neural-shop-backend","timestamp":"2026-04-03 16:29:04.702"}
{"level":"info","message":"🚀 Kafka producer connected","service":"neural-shop-backend","timestamp":"2026-04-03 16:29:04.711"}
{"level":"info","message":"Database URL mongodb://admin:admin@localhost:27017/neural_shop?authSource=admin","service":"neural-shop-backend","timestamp":"2026-04-03 16:29:12.407"}
{"environment":"development","level":"info","message":"🚀 Server is running on port 8000","port":8000,"service":"neural-shop-backend","timestamp":"2026-04-03 16:29:12.525"}
{"category":"database","level":"info","message":"🗄️  MongoDB connected","service":"neural-shop-backend","timestamp":"2026-04-03 16:29:12.525"}
{"level":"info","message":"✅ Redis Connected","service":"neural-shop-backend","timestamp":"2026-04-03 16:29:12.544"}
{"level":"info","message":"🚀 Redis Ready","service":"neural-shop-backend","timestamp":"2026-04-03 16:29:12.585"}
{"level":"info","message":"🚀 Redis connected","service":"neural-shop-backend","timestamp":"2026-04-03 16:29:12.586"}
{"category":"database","host":"localhost:27017","level":"info","message":"🗄️  Connected successfully","service":"neural-shop-backend","timestamp":"2026-04-03 16:29:12.593"}
{"level":"info","message":"🚀 Kafka producer connected","service":"neural-shop-backend","timestamp":"2026-04-03 16:29:12.620"}
{"level":"info","message":"🚀 Kafka consumers started","service":"neural-shop-backend","timestamp":"2026-04-03 16:30:01.935"}
{"level":"info","message":"Database URL mongodb://admin:admin@localhost:27017/neural_shop?authSource=admin","service":"neural-shop-backend","timestamp":"2026-04-03 16:30:51.201"}
{"environment":"development","level":"info","message":"🚀 Server is running on port 8000","port":8000,"service":"neural-shop-backend","timestamp":"2026-04-03 16:30:51.353"}
{"category":"database","level":"info","message":"🗄️  MongoDB connected","service":"neural-shop-backend","timestamp":"2026-04-03 16:30:51.354"}
{"level":"info","message":"✅ Redis Connected","service":"neural-shop-backend","timestamp":"2026-04-03 16:30:51.374"}
{"level":"info","message":"🚀 Redis Ready","service":"neural-shop-backend","timestamp":"2026-04-03 16:30:51.408"}
{"level":"info","message":"🚀 Redis connected","service":"neural-shop-backend","timestamp":"2026-04-03 16:30:51.410"}
{"category":"database","host":"localhost:27017","level":"info","message":"🗄️  Connected successfully","service":"neural-shop-backend","timestamp":"2026-04-03 16:30:51.434"}
{"level":"info","message":"🚀 Kafka producer connected","service":"neural-shop-backend","timestamp":"2026-04-03 16:30:51.444"}
{"level":"info","message":"Database URL mongodb://admin:admin@localhost:27017/neural_shop?authSource=admin","service":"neural-shop-backend","timestamp":"2026-04-03 16:30:54.534"}
{"environment":"development","level":"info","message":"🚀 Server is running on port 8000","port":8000,"service":"neural-shop-backend","timestamp":"2026-04-03 16:30:54.650"}
{"category":"database","level":"info","message":"🗄️  MongoDB connected","service":"neural-shop-backend","timestamp":"2026-04-03 16:30:54.651"}
{"level":"info","message":"✅ Redis Connected","service":"neural-shop-backend","timestamp":"2026-04-03 16:30:54.669"}
{"level":"info","message":"🚀 Redis Ready","service":"neural-shop-backend","timestamp":"2026-04-03 16:30:54.703"}
{"level":"info","message":"🚀 Redis connected","service":"neural-shop-backend","timestamp":"2026-04-03 16:30:54.705"}
{"category":"database","host":"localhost:27017","level":"info","message":"🗄️  Connected successfully","service":"neural-shop-backend","timestamp":"2026-04-03 16:30:54.729"}
{"level":"info","message":"🚀 Kafka producer connected","service":"neural-shop-backend","timestamp":"2026-04-03 16:30:54.739"}
{"level":"info","message":"Database URL mongodb://admin:admin@localhost:27017/neural_shop?authSource=admin","service":"neural-shop-backend","timestamp":"2026-04-03 16:31:10.628"}
{"environment":"development","level":"info","message":"🚀 Server is running on port 8000","port":8000,"service":"neural-shop-backend","timestamp":"2026-04-03 16:31:10.769"}
{"category":"database","level":"info","message":"🗄️  MongoDB connected","service":"neural-shop-backend","timestamp":"2026-04-03 16:31:10.771"}
{"level":"info","message":"✅ Redis Connected","service":"neural-shop-backend","timestamp":"2026-04-03 16:31:10.791"}
{"level":"info","message":"🚀 Redis Ready","service":"neural-shop-backend","timestamp":"2026-04-03 16:31:10.846"}
{"level":"info","message":"🚀 Redis connected","service":"neural-shop-backend","timestamp":"2026-04-03 16:31:10.848"}
{"category":"database","host":"localhost:27017","level":"info","message":"🗄️  Connected successfully","service":"neural-shop-backend","timestamp":"2026-04-03 16:31:10.857"}
{"level":"info","message":"🚀 Kafka producer connected","service":"neural-shop-backend","timestamp":"2026-04-03 16:31:10.886"}
{"level":"info","message":"Database URL mongodb://admin:admin@localhost:27017/neural_shop?authSource=admin","service":"neural-shop-backend","timestamp":"2026-04-03 16:31:20.963"}
{"environment":"development","level":"info","message":"🚀 Server is running on port 8000","port":8000,"service":"neural-shop-backend","timestamp":"2026-04-03 16:31:21.097"}
{"category":"database","level":"info","message":"🗄️  MongoDB connected","service":"neural-shop-backend","timestamp":"2026-04-03 16:31:21.098"}
{"level":"info","message":"✅ Redis Connected","service":"neural-shop-backend","timestamp":"2026-04-03 16:31:21.118"}
{"level":"info","message":"🚀 Redis Ready","service":"neural-shop-backend","timestamp":"2026-04-03 16:31:21.161"}
{"level":"info","message":"🚀 Redis connected","service":"neural-shop-backend","timestamp":"2026-04-03 16:31:21.163"}
{"category":"database","host":"localhost:27017","level":"info","message":"🗄️  Connected successfully","service":"neural-shop-backend","timestamp":"2026-04-03 16:31:21.171"}
{"level":"info","message":"🚀 Kafka producer connected","service":"neural-shop-backend","timestamp":"2026-04-03 16:31:21.196"}
{"level":"info","message":"Database URL mongodb://admin:admin@localhost:27017/neural_shop?authSource=admin","service":"neural-shop-backend","timestamp":"2026-04-03 16:31:26.519"}
{"environment":"development","level":"info","message":"🚀 Server is running on port 8000","port":8000,"service":"neural-shop-backend","timestamp":"2026-04-03 16:31:26.637"}
{"category":"database","level":"info","message":"🗄️  MongoDB connected","service":"neural-shop-backend","timestamp":"2026-04-03 16:31:26.638"}
{"level":"info","message":"✅ Redis Connected","service":"neural-shop-backend","timestamp":"2026-04-03 16:31:26.664"}
{"level":"info","message":"🚀 Redis Ready","service":"neural-shop-backend","timestamp":"2026-04-03 16:31:26.692"}
{"level":"info","message":"🚀 Redis connected","service":"neural-shop-backend","timestamp":"2026-04-03 16:31:26.702"}
{"category":"database","host":"localhost:27017","level":"info","message":"🗄️  Connected successfully","service":"neural-shop-backend","timestamp":"2026-04-03 16:31:26.711"}
{"level":"info","message":"🚀 Kafka producer connected","service":"neural-shop-backend","timestamp":"2026-04-03 16:31:26.741"}
{"level":"info","message":"Database URL mongodb://admin:admin@localhost:27017/neural_shop?authSource=admin","service":"neural-shop-backend","timestamp":"2026-04-03 16:31:29.757"}
{"environment":"development","level":"info","message":"🚀 Server is running on port 8000","port":8000,"service":"neural-shop-backend","timestamp":"2026-04-03 16:31:29.870"}
{"category":"database","level":"info","message":"🗄️  MongoDB connected","service":"neural-shop-backend","timestamp":"2026-04-03 16:31:29.870"}
{"level":"info","message":"✅ Redis Connected","service":"neural-shop-backend","timestamp":"2026-04-03 16:31:29.891"}
{"level":"info","message":"🚀 Redis Ready","service":"neural-shop-backend","timestamp":"2026-04-03 16:31:29.917"}
{"level":"info","message":"🚀 Redis connected","service":"neural-shop-backend","timestamp":"2026-04-03 16:31:29.919"}
{"level":"info","message":"Database URL mongodb://admin:admin@localhost:27017/neural_shop?authSource=admin","service":"neural-shop-backend","timestamp":"2026-04-03 16:31:31.420"}
{"environment":"development","level":"info","message":"🚀 Server is running on port 8000","port":8000,"service":"neural-shop-backend","timestamp":"2026-04-03 16:31:31.533"}
{"category":"database","level":"info","message":"🗄️  MongoDB connected","service":"neural-shop-backend","timestamp":"2026-04-03 16:31:31.534"}
{"level":"info","message":"✅ Redis Connected","service":"neural-shop-backend","timestamp":"2026-04-03 16:31:31.559"}
{"level":"info","message":"🚀 Redis Ready","service":"neural-shop-backend","timestamp":"2026-04-03 16:31:31.588"}
{"level":"info","message":"🚀 Redis connected","service":"neural-shop-backend","timestamp":"2026-04-03 16:31:31.590"}
{"category":"database","host":"localhost:27017","level":"info","message":"🗄️  Connected successfully","service":"neural-shop-backend","timestamp":"2026-04-03 16:31:31.614"}
{"level":"info","message":"🚀 Kafka producer connected","service":"neural-shop-backend","timestamp":"2026-04-03 16:31:31.628"}
{"level":"info","message":"Database URL mongodb://admin:admin@localhost:27017/neural_shop?authSource=admin","service":"neural-shop-backend","timestamp":"2026-04-03 16:31:51.953"}
{"environment":"development","level":"info","message":"🚀 Server is running on port 8000","port":8000,"service":"neural-shop-backend","timestamp":"2026-04-03 16:31:52.066"}
{"category":"database","level":"info","message":"🗄️  MongoDB connected","service":"neural-shop-backend","timestamp":"2026-04-03 16:31:52.067"}
{"level":"info","message":"✅ Redis Connected","service":"neural-shop-backend","timestamp":"2026-04-03 16:31:52.091"}
{"level":"info","message":"🚀 Redis Ready","service":"neural-shop-backend","timestamp":"2026-04-03 16:31:52.126"}
{"level":"info","message":"🚀 Redis connected","service":"neural-shop-backend","timestamp":"2026-04-03 16:31:52.127"}
{"category":"database","host":"localhost:27017","level":"info","message":"🗄️  Connected successfully","service":"neural-shop-backend","timestamp":"2026-04-03 16:31:52.153"}
{"level":"info","message":"🚀 Kafka producer connected","service":"neural-shop-backend","timestamp":"2026-04-03 16:31:52.164"}
{"level":"info","message":"🚀 Kafka consumers started","service":"neural-shop-backend","timestamp":"2026-04-03 16:32:21.252"}
{"category":"http","ip":"::1","level":"info","message":"→ POST /adminregister [400]","service":"neural-shop-backend","timestamp":"2026-04-03 16:32:32.492","userAgent":"PostmanRuntime/7.53.0"}
{"level":"info","message":"Database URL mongodb://admin:admin@localhost:27017/neural_shop?authSource=admin","service":"neural-shop-backend","timestamp":"2026-04-03 16:33:42.598"}
{"environment":"development","level":"info","message":"🚀 Server is running on port 8000","port":8000,"service":"neural-shop-backend","timestamp":"2026-04-03 16:33:42.739"}
{"category":"database","level":"info","message":"🗄️  MongoDB connected","service":"neural-shop-backend","timestamp":"2026-04-03 16:33:42.740"}
{"level":"info","message":"✅ Redis Connected","service":"neural-shop-backend","timestamp":"2026-04-03 16:33:42.764"}
{"level":"info","message":"🚀 Redis Ready","service":"neural-shop-backend","timestamp":"2026-04-03 16:33:42.798"}
{"level":"info","message":"🚀 Redis connected","service":"neural-shop-backend","timestamp":"2026-04-03 16:33:42.800"}
{"category":"database","host":"localhost:27017","level":"info","message":"🗄️  Connected successfully","service":"neural-shop-backend","timestamp":"2026-04-03 16:33:42.830"}
{"level":"info","message":"🚀 Kafka producer connected","service":"neural-shop-backend","timestamp":"2026-04-03 16:33:42.840"}
{"level":"info","message":"Database URL mongodb://admin:admin@localhost:27017/neural_shop?authSource=admin","service":"neural-shop-backend","timestamp":"2026-04-03 16:33:53.119"}
{"environment":"development","level":"info","message":"🚀 Server is running on port 8000","port":8000,"service":"neural-shop-backend","timestamp":"2026-04-03 16:33:53.232"}
{"category":"database","level":"info","message":"🗄️  MongoDB connected","service":"neural-shop-backend","timestamp":"2026-04-03 16:33:53.233"}
{"level":"info","message":"✅ Redis Connected","service":"neural-shop-backend","timestamp":"2026-04-03 16:33:53.264"}
{"level":"info","message":"🚀 Redis Ready","service":"neural-shop-backend","timestamp":"2026-04-03 16:33:53.290"}
{"level":"info","message":"🚀 Redis connected","service":"neural-shop-backend","timestamp":"2026-04-03 16:33:53.291"}
{"category":"database","host":"localhost:27017","level":"info","message":"🗄️  Connected successfully","service":"neural-shop-backend","timestamp":"2026-04-03 16:33:53.321"}
{"level":"info","message":"🚀 Kafka producer connected","service":"neural-shop-backend","timestamp":"2026-04-03 16:33:53.331"}
{"level":"info","message":"Database URL mongodb://admin:admin@localhost:27017/neural_shop?authSource=admin","service":"neural-shop-backend","timestamp":"2026-04-03 16:33:59.073"}
{"environment":"development","level":"info","message":"🚀 Server is running on port 8000","port":8000,"service":"neural-shop-backend","timestamp":"2026-04-03 16:33:59.192"}
{"category":"database","level":"info","message":"🗄️  MongoDB connected","service":"neural-shop-backend","timestamp":"2026-04-03 16:33:59.193"}
{"level":"info","message":"✅ Redis Connected","service":"neural-shop-backend","timestamp":"2026-04-03 16:33:59.215"}
{"level":"info","message":"🚀 Redis Ready","service":"neural-shop-backend","timestamp":"2026-04-03 16:33:59.256"}
{"level":"info","message":"🚀 Redis connected","service":"neural-shop-backend","timestamp":"2026-04-03 16:33:59.259"}
{"category":"database","host":"localhost:27017","level":"info","message":"🗄️  Connected successfully","service":"neural-shop-backend","timestamp":"2026-04-03 16:33:59.287"}
{"level":"info","message":"🚀 Kafka producer connected","service":"neural-shop-backend","timestamp":"2026-04-03 16:33:59.296"}
{"level":"info","message":"Database URL mongodb://admin:admin@localhost:27017/neural_shop?authSource=admin","service":"neural-shop-backend","timestamp":"2026-04-03 16:34:09.673"}
{"environment":"development","level":"info","message":"🚀 Server is running on port 8000","port":8000,"service":"neural-shop-backend","timestamp":"2026-04-03 16:34:09.856"}
{"category":"database","level":"info","message":"🗄️  MongoDB connected","service":"neural-shop-backend","timestamp":"2026-04-03 16:34:09.857"}
{"level":"info","message":"✅ Redis Connected","service":"neural-shop-backend","timestamp":"2026-04-03 16:34:09.876"}
{"level":"info","message":"🚀 Redis Ready","service":"neural-shop-backend","timestamp":"2026-04-03 16:34:09.929"}
{"level":"info","message":"🚀 Redis connected","service":"neural-shop-backend","timestamp":"2026-04-03 16:34:09.931"}
{"category":"database","host":"localhost:27017","level":"info","message":"🗄️  Connected successfully","service":"neural-shop-backend","timestamp":"2026-04-03 16:34:09.939"}
{"level":"info","message":"🚀 Kafka producer connected","service":"neural-shop-backend","timestamp":"2026-04-03 16:34:09.968"}
{"level":"info","message":"Database URL mongodb://admin:admin@localhost:27017/neural_shop?authSource=admin","service":"neural-shop-backend","timestamp":"2026-04-03 16:34:14.166"}
{"environment":"development","level":"info","message":"🚀 Server is running on port 8000","port":8000,"service":"neural-shop-backend","timestamp":"2026-04-03 16:34:14.277"}
{"category":"database","level":"info","message":"🗄️  MongoDB connected","service":"neural-shop-backend","timestamp":"2026-04-03 16:34:14.278"}
{"level":"info","message":"✅ Redis Connected","service":"neural-shop-backend","timestamp":"2026-04-03 16:34:14.294"}
{"level":"info","message":"🚀 Redis Ready","service":"neural-shop-backend","timestamp":"2026-04-03 16:34:14.321"}
{"level":"info","message":"🚀 Redis connected","service":"neural-shop-backend","timestamp":"2026-04-03 16:34:14.323"}
{"category":"database","host":"localhost:27017","level":"info","message":"🗄️  Connected successfully","service":"neural-shop-backend","timestamp":"2026-04-03 16:34:14.351"}
{"level":"info","message":"🚀 Kafka producer connected","service":"neural-shop-backend","timestamp":"2026-04-03 16:34:14.360"}
{"level":"info","message":"Database URL mongodb://admin:admin@localhost:27017/neural_shop?authSource=admin","service":"neural-shop-backend","timestamp":"2026-04-03 16:34:17.366"}
{"environment":"development","level":"info","message":"🚀 Server is running on port 8000","port":8000,"service":"neural-shop-backend","timestamp":"2026-04-03 16:34:17.478"}
{"category":"database","level":"info","message":"🗄️  MongoDB connected","service":"neural-shop-backend","timestamp":"2026-04-03 16:34:17.479"}
{"level":"info","message":"✅ Redis Connected","service":"neural-shop-backend","timestamp":"2026-04-03 16:34:17.507"}
{"level":"info","message":"🚀 Redis Ready","service":"neural-shop-backend","timestamp":"2026-04-03 16:34:17.547"}
{"level":"info","message":"🚀 Redis connected","service":"neural-shop-backend","timestamp":"2026-04-03 16:34:17.549"}
{"category":"database","host":"localhost:27017","level":"info","message":"🗄️  Connected successfully","service":"neural-shop-backend","timestamp":"2026-04-03 16:34:17.556"}
{"level":"info","message":"🚀 Kafka producer connected","service":"neural-shop-backend","timestamp":"2026-04-03 16:34:17.579"}
{"level":"info","message":"Database URL mongodb://admin:admin@localhost:27017/neural_shop?authSource=admin","service":"neural-shop-backend","timestamp":"2026-04-03 16:34:33.715"}
{"environment":"development","level":"info","message":"🚀 Server is running on port 8000","port":8000,"service":"neural-shop-backend","timestamp":"2026-04-03 16:34:33.869"}
{"category":"database","level":"info","message":"🗄️  MongoDB connected","service":"neural-shop-backend","timestamp":"2026-04-03 16:34:33.870"}
{"level":"info","message":"✅ Redis Connected","service":"neural-shop-backend","timestamp":"2026-04-03 16:34:33.902"}
{"level":"info","message":"🚀 Redis Ready","service":"neural-shop-backend","timestamp":"2026-04-03 16:34:33.942"}
{"level":"info","message":"🚀 Redis connected","service":"neural-shop-backend","timestamp":"2026-04-03 16:34:33.944"}
{"category":"database","host":"localhost:27017","level":"info","message":"🗄️  Connected successfully","service":"neural-shop-backend","timestamp":"2026-04-03 16:34:33.969"}
{"level":"info","message":"🚀 Kafka producer connected","service":"neural-shop-backend","timestamp":"2026-04-03 16:34:33.998"}
{"level":"info","message":"Database URL mongodb://admin:admin@localhost:27017/neural_shop?authSource=admin","service":"neural-shop-backend","timestamp":"2026-04-03 16:34:53.655"}
{"environment":"development","level":"info","message":"🚀 Server is running on port 8000","port":8000,"service":"neural-shop-backend","timestamp":"2026-04-03 16:34:53.774"}
{"category":"database","level":"info","message":"🗄️  MongoDB connected","service":"neural-shop-backend","timestamp":"2026-04-03 16:34:53.775"}
{"level":"info","message":"✅ Redis Connected","service":"neural-shop-backend","timestamp":"2026-04-03 16:34:53.796"}
{"level":"info","message":"🚀 Redis Ready","service":"neural-shop-backend","timestamp":"2026-04-03 16:34:53.840"}
{"level":"info","message":"🚀 Redis connected","service":"neural-shop-backend","timestamp":"2026-04-03 16:34:53.841"}
{"category":"database","host":"localhost:27017","level":"info","message":"🗄️  Connected successfully","service":"neural-shop-backend","timestamp":"2026-04-03 16:34:53.848"}
{"level":"info","message":"🚀 Kafka producer connected","service":"neural-shop-backend","timestamp":"2026-04-03 16:34:53.873"}
{"level":"info","message":"Database URL mongodb://admin:admin@localhost:27017/neural_shop?authSource=admin","service":"neural-shop-backend","timestamp":"2026-04-03 16:34:56.861"}
{"environment":"development","level":"info","message":"🚀 Server is running on port 8000","port":8000,"service":"neural-shop-backend","timestamp":"2026-04-03 16:34:56.969"}
{"category":"database","level":"info","message":"🗄️  MongoDB connected","service":"neural-shop-backend","timestamp":"2026-04-03 16:34:56.970"}
{"level":"info","message":"✅ Redis Connected","service":"neural-shop-backend","timestamp":"2026-04-03 16:34:56.991"}
{"level":"info","message":"🚀 Redis Ready","service":"neural-shop-backend","timestamp":"2026-04-03 16:34:57.034"}
{"level":"info","message":"🚀 Redis connected","service":"neural-shop-backend","timestamp":"2026-04-03 16:34:57.036"}
{"category":"database","host":"localhost:27017","level":"info","message":"🗄️  Connected successfully","service":"neural-shop-backend","timestamp":"2026-04-03 16:34:57.042"}
{"level":"info","message":"🚀 Kafka producer connected","service":"neural-shop-backend","timestamp":"2026-04-03 16:34:57.065"}
{"level":"info","message":"Database URL mongodb://admin:admin@localhost:27017/neural_shop?authSource=admin","service":"neural-shop-backend","timestamp":"2026-04-03 16:35:10.527"}
{"environment":"development","level":"info","message":"🚀 Server is running on port 8000","port":8000,"service":"neural-shop-backend","timestamp":"2026-04-03 16:35:10.635"}
{"category":"database","level":"info","message":"🗄️  MongoDB connected","service":"neural-shop-backend","timestamp":"2026-04-03 16:35:10.636"}
{"level":"info","message":"✅ Redis Connected","service":"neural-shop-backend","timestamp":"2026-04-03 16:35:10.656"}
{"level":"info","message":"🚀 Redis Ready","service":"neural-shop-backend","timestamp":"2026-04-03 16:35:10.685"}
{"level":"info","message":"🚀 Redis connected","service":"neural-shop-backend","timestamp":"2026-04-03 16:35:10.687"}
{"level":"info","message":"🚀 Kafka producer connected","service":"neural-shop-backend","timestamp":"2026-04-03 16:35:10.713"}
{"category":"database","host":"localhost:27017","level":"info","message":"🗄️  Connected successfully","service":"neural-shop-backend","timestamp":"2026-04-03 16:35:10.719"}
{"level":"info","message":"Database URL mongodb://admin:admin@localhost:27017/neural_shop?authSource=admin","service":"neural-shop-backend","timestamp":"2026-04-03 16:35:14.833"}
{"environment":"development","level":"info","message":"🚀 Server is running on port 8000","port":8000,"service":"neural-shop-backend","timestamp":"2026-04-03 16:35:14.977"}
{"category":"database","level":"info","message":"🗄️  MongoDB connected","service":"neural-shop-backend","timestamp":"2026-04-03 16:35:14.979"}
{"level":"info","message":"✅ Redis Connected","service":"neural-shop-backend","timestamp":"2026-04-03 16:35:14.995"}
{"level":"info","message":"🚀 Redis Ready","service":"neural-shop-backend","timestamp":"2026-04-03 16:35:15.025"}
{"level":"info","message":"🚀 Redis connected","service":"neural-shop-backend","timestamp":"2026-04-03 16:35:15.027"}
{"level":"info","message":"🚀 Kafka producer connected","service":"neural-shop-backend","timestamp":"2026-04-03 16:35:15.061"}
{"category":"database","host":"localhost:27017","level":"info","message":"🗄️  Connected successfully","service":"neural-shop-backend","timestamp":"2026-04-03 16:35:15.069"}
{"level":"info","message":"Database URL mongodb://admin:admin@localhost:27017/neural_shop?authSource=admin","service":"neural-shop-backend","timestamp":"2026-04-03 16:35:46.663"}
{"environment":"development","level":"info","message":"🚀 Server is running on port 8000","port":8000,"service":"neural-shop-backend","timestamp":"2026-04-03 16:35:46.812"}
{"category":"database","level":"info","message":"🗄️  MongoDB connected","service":"neural-shop-backend","timestamp":"2026-04-03 16:35:46.814"}
{"level":"info","message":"✅ Redis Connected","service":"neural-shop-backend","timestamp":"2026-04-03 16:35:46.833"}
{"level":"info","message":"🚀 Redis Ready","service":"neural-shop-backend","timestamp":"2026-04-03 16:35:46.874"}
{"category":"database","host":"localhost:27017","level":"info","message":"🗄️  Connected successfully","service":"neural-shop-backend","timestamp":"2026-04-03 16:35:46.880"}
{"level":"info","message":"🚀 Redis connected","service":"neural-shop-backend","timestamp":"2026-04-03 16:35:46.888"}
{"level":"info","message":"🚀 Kafka producer connected","service":"neural-shop-backend","timestamp":"2026-04-03 16:35:46.915"}
{"level":"info","message":"Database URL mongodb://admin:admin@localhost:27017/neural_shop?authSource=admin","service":"neural-shop-backend","timestamp":"2026-04-03 16:36:18.482"}
{"environment":"development","level":"info","message":"🚀 Server is running on port 8000","port":8000,"service":"neural-shop-backend","timestamp":"2026-04-03 16:36:18.626"}
{"category":"database","level":"info","message":"🗄️  MongoDB connected","service":"neural-shop-backend","timestamp":"2026-04-03 16:36:18.628"}
{"level":"info","message":"✅ Redis Connected","service":"neural-shop-backend","timestamp":"2026-04-03 16:36:18.642"}
{"level":"info","message":"🚀 Redis Ready","service":"neural-shop-backend","timestamp":"2026-04-03 16:36:18.667"}
{"level":"info","message":"🚀 Redis connected","service":"neural-shop-backend","timestamp":"2026-04-03 16:36:18.679"}
{"category":"database","host":"localhost:27017","level":"info","message":"🗄️  Connected successfully","service":"neural-shop-backend","timestamp":"2026-04-03 16:36:18.731"}
{"level":"info","message":"🚀 Kafka producer connected","service":"neural-shop-backend","timestamp":"2026-04-03 16:36:18.772"}
{"level":"info","message":"Database URL mongodb://admin:admin@localhost:27017/neural_shop?authSource=admin","service":"neural-shop-backend","timestamp":"2026-04-03 16:36:21.523"}
{"environment":"development","level":"info","message":"🚀 Server is running on port 8000","port":8000,"service":"neural-shop-backend","timestamp":"2026-04-03 16:36:21.643"}
{"category":"database","level":"info","message":"🗄️  MongoDB connected","service":"neural-shop-backend","timestamp":"2026-04-03 16:36:21.644"}
{"level":"info","message":"✅ Redis Connected","service":"neural-shop-backend","timestamp":"2026-04-03 16:36:21.663"}
{"level":"info","message":"🚀 Redis Ready","service":"neural-shop-backend","timestamp":"2026-04-03 16:36:21.714"}
{"level":"info","message":"🚀 Redis connected","service":"neural-shop-backend","timestamp":"2026-04-03 16:36:21.715"}
{"category":"database","host":"localhost:27017","level":"info","message":"🗄️  Connected successfully","service":"neural-shop-backend","timestamp":"2026-04-03 16:36:21.722"}
{"level":"info","message":"🚀 Kafka producer connected","service":"neural-shop-backend","timestamp":"2026-04-03 16:36:21.745"}
{"level":"info","message":"Database URL mongodb://admin:admin@localhost:27017/neural_shop?authSource=admin","service":"neural-shop-backend","timestamp":"2026-04-03 16:36:25.750"}
{"environment":"development","level":"info","message":"🚀 Server is running on port 8000","port":8000,"service":"neural-shop-backend","timestamp":"2026-04-03 16:36:25.876"}
{"category":"database","level":"info","message":"🗄️  MongoDB connected","service":"neural-shop-backend","timestamp":"2026-04-03 16:36:25.877"}
{"level":"info","message":"✅ Redis Connected","service":"neural-shop-backend","timestamp":"2026-04-03 16:36:25.902"}
{"level":"info","message":"🚀 Redis Ready","service":"neural-shop-backend","timestamp":"2026-04-03 16:36:25.937"}
{"level":"info","message":"🚀 Redis connected","service":"neural-shop-backend","timestamp":"2026-04-03 16:36:25.939"}
{"level":"info","message":"🚀 Kafka producer connected","service":"neural-shop-backend","timestamp":"2026-04-03 16:36:25.967"}
{"category":"database","host":"localhost:27017","level":"info","message":"🗄️  Connected successfully","service":"neural-shop-backend","timestamp":"2026-04-03 16:36:25.973"}
{"level":"info","message":"Database URL mongodb://admin:admin@localhost:27017/neural_shop?authSource=admin","service":"neural-shop-backend","timestamp":"2026-04-03 16:36:46.263"}
{"environment":"development","level":"info","message":"🚀 Server is running on port 8000","port":8000,"service":"neural-shop-backend","timestamp":"2026-04-03 16:36:46.389"}
{"category":"database","level":"info","message":"🗄️  MongoDB connected","service":"neural-shop-backend","timestamp":"2026-04-03 16:36:46.390"}
{"level":"info","message":"✅ Redis Connected","service":"neural-shop-backend","timestamp":"2026-04-03 16:36:46.411"}
{"level":"info","message":"🚀 Redis Ready","service":"neural-shop-backend","timestamp":"2026-04-03 16:36:46.472"}
{"level":"info","message":"🚀 Redis connected","service":"neural-shop-backend","timestamp":"2026-04-03 16:36:46.476"}
{"category":"database","host":"localhost:27017","level":"info","message":"🗄️  Connected successfully","service":"neural-shop-backend","timestamp":"2026-04-03 16:36:46.505"}
{"level":"info","message":"🚀 Kafka producer connected","service":"neural-shop-backend","timestamp":"2026-04-03 16:36:46.537"}
{"level":"info","message":"Database URL mongodb://admin:admin@localhost:27017/neural_shop?authSource=admin","service":"neural-shop-backend","timestamp":"2026-04-03 16:36:56.674"}
{"environment":"development","level":"info","message":"🚀 Server is running on port 8000","port":8000,"service":"neural-shop-backend","timestamp":"2026-04-03 16:36:56.798"}
{"category":"database","level":"info","message":"🗄️  MongoDB connected","service":"neural-shop-backend","timestamp":"2026-04-03 16:36:56.800"}
{"level":"info","message":"✅ Redis Connected","service":"neural-shop-backend","timestamp":"2026-04-03 16:36:56.821"}
{"level":"info","message":"🚀 Redis Ready","service":"neural-shop-backend","timestamp":"2026-04-03 16:36:56.857"}
{"level":"info","message":"🚀 Redis connected","service":"neural-shop-backend","timestamp":"2026-04-03 16:36:56.859"}
{"category":"database","host":"localhost:27017","level":"info","message":"🗄️  Connected successfully","service":"neural-shop-backend","timestamp":"2026-04-03 16:36:56.882"}
{"level":"info","message":"🚀 Kafka producer connected","service":"neural-shop-backend","timestamp":"2026-04-03 16:36:56.912"}
{"level":"info","message":"Database URL mongodb://admin:admin@localhost:27017/neural_shop?authSource=admin","service":"neural-shop-backend","timestamp":"2026-04-03 16:37:02.331"}
{"environment":"development","level":"info","message":"🚀 Server is running on port 8000","port":8000,"service":"neural-shop-backend","timestamp":"2026-04-03 16:37:02.480"}
{"category":"database","level":"info","message":"🗄️  MongoDB connected","service":"neural-shop-backend","timestamp":"2026-04-03 16:37:02.481"}
{"level":"info","message":"✅ Redis Connected","service":"neural-shop-backend","timestamp":"2026-04-03 16:37:02.509"}
{"level":"info","message":"🚀 Redis Ready","service":"neural-shop-backend","timestamp":"2026-04-03 16:37:02.543"}
{"level":"info","message":"🚀 Redis connected","service":"neural-shop-backend","timestamp":"2026-04-03 16:37:02.545"}
{"category":"database","host":"localhost:27017","level":"info","message":"🗄️  Connected successfully","service":"neural-shop-backend","timestamp":"2026-04-03 16:37:02.576"}
{"level":"info","message":"🚀 Kafka producer connected","service":"neural-shop-backend","timestamp":"2026-04-03 16:37:02.585"}
{"level":"info","message":"🚀 Kafka consumers started","service":"neural-shop-backend","timestamp":"2026-04-03 16:37:26.975"}
{"level":"info","message":"Database URL mongodb://admin:admin@localhost:27017/neural_shop?authSource=admin","service":"neural-shop-backend","timestamp":"2026-04-03 16:37:31.242"}
{"environment":"development","level":"info","message":"🚀 Server is running on port 8000","port":8000,"service":"neural-shop-backend","timestamp":"2026-04-03 16:37:31.360"}
{"category":"database","level":"info","message":"🗄️  MongoDB connected","service":"neural-shop-backend","timestamp":"2026-04-03 16:37:31.361"}
{"level":"info","message":"✅ Redis Connected","service":"neural-shop-backend","timestamp":"2026-04-03 16:37:31.379"}
{"level":"info","message":"🚀 Redis Ready","service":"neural-shop-backend","timestamp":"2026-04-03 16:37:31.412"}
{"level":"info","message":"🚀 Redis connected","service":"neural-shop-backend","timestamp":"2026-04-03 16:37:31.414"}
{"category":"database","host":"localhost:27017","level":"info","message":"🗄️  Connected successfully","service":"neural-shop-backend","timestamp":"2026-04-03 16:37:31.448"}
{"level":"info","message":"🚀 Kafka producer connected","service":"neural-shop-backend","timestamp":"2026-04-03 16:37:31.459"}
{"level":"info","message":"Database URL mongodb://admin:admin@localhost:27017/neural_shop?authSource=admin","service":"neural-shop-backend","timestamp":"2026-04-03 16:37:42.206"}
{"environment":"development","level":"info","message":"🚀 Server is running on port 8000","port":8000,"service":"neural-shop-backend","timestamp":"2026-04-03 16:37:42.349"}
{"category":"database","level":"info","message":"🗄️  MongoDB connected","service":"neural-shop-backend","timestamp":"2026-04-03 16:37:42.352"}
{"level":"info","message":"✅ Redis Connected","service":"neural-shop-backend","timestamp":"2026-04-03 16:37:42.393"}
{"level":"info","message":"🚀 Redis Ready","service":"neural-shop-backend","timestamp":"2026-04-03 16:37:42.429"}
{"level":"info","message":"🚀 Redis connected","service":"neural-shop-backend","timestamp":"2026-04-03 16:37:42.431"}
{"category":"database","host":"localhost:27017","level":"info","message":"🗄️  Connected successfully","service":"neural-shop-backend","timestamp":"2026-04-03 16:37:42.461"}
{"level":"info","message":"🚀 Kafka producer connected","service":"neural-shop-backend","timestamp":"2026-04-03 16:37:42.474"}
{"level":"info","message":"🚀 Kafka consumers started","service":"neural-shop-backend","timestamp":"2026-04-03 16:38:27.241"}
{"level":"info","message":"Database URL mongodb://admin:admin@localhost:27017/neural_shop?authSource=admin","service":"neural-shop-backend","timestamp":"2026-04-03 16:38:36.386"}
{"environment":"development","level":"info","message":"🚀 Server is running on port 8000","port":8000,"service":"neural-shop-backend","timestamp":"2026-04-03 16:38:36.510"}
{"category":"database","level":"info","message":"🗄️  MongoDB connected","service":"neural-shop-backend","timestamp":"2026-04-03 16:38:36.511"}
{"level":"info","message":"✅ Redis Connected","service":"neural-shop-backend","timestamp":"2026-04-03 16:38:36.531"}
{"level":"info","message":"🚀 Redis Ready","service":"neural-shop-backend","timestamp":"2026-04-03 16:38:36.564"}
{"level":"info","message":"🚀 Redis connected","service":"neural-shop-backend","timestamp":"2026-04-03 16:38:36.566"}
{"category":"database","host":"localhost:27017","level":"info","message":"🗄️  Connected successfully","service":"neural-shop-backend","timestamp":"2026-04-03 16:38:36.590"}
{"level":"info","message":"🚀 Kafka producer connected","service":"neural-shop-backend","timestamp":"2026-04-03 16:38:36.598"}
{"level":"info","message":"Database URL mongodb://admin:admin@localhost:27017/neural_shop?authSource=admin","service":"neural-shop-backend","timestamp":"2026-04-03 16:38:39.315"}
{"environment":"development","level":"info","message":"🚀 Server is running on port 8000","port":8000,"service":"neural-shop-backend","timestamp":"2026-04-03 16:38:39.432"}
{"category":"database","level":"info","message":"🗄️  MongoDB connected","service":"neural-shop-backend","timestamp":"2026-04-03 16:38:39.434"}
{"level":"info","message":"✅ Redis Connected","service":"neural-shop-backend","timestamp":"2026-04-03 16:38:39.453"}
{"level":"info","message":"🚀 Redis Ready","service":"neural-shop-backend","timestamp":"2026-04-03 16:38:39.483"}
{"level":"info","message":"🚀 Redis connected","service":"neural-shop-backend","timestamp":"2026-04-03 16:38:39.484"}
{"category":"database","host":"localhost:27017","level":"info","message":"🗄️  Connected successfully","service":"neural-shop-backend","timestamp":"2026-04-03 16:38:39.509"}
{"level":"info","message":"🚀 Kafka producer connected","service":"neural-shop-backend","timestamp":"2026-04-03 16:38:39.518"}
{"level":"info","message":"🚀 Kafka consumers started","service":"neural-shop-backend","timestamp":"2026-04-03 16:39:02.284"}
{"level":"info","message":"Database URL mongodb://admin:admin@localhost:27017/neural_shop?authSource=admin","service":"neural-shop-backend","timestamp":"2026-04-03 16:39:51.397"}
{"environment":"development","level":"info","message":"🚀 Server is running on port 8000","port":8000,"service":"neural-shop-backend","timestamp":"2026-04-03 16:39:51.513"}
{"category":"database","level":"info","message":"🗄️  MongoDB connected","service":"neural-shop-backend","timestamp":"2026-04-03 16:39:51.515"}
{"level":"info","message":"✅ Redis Connected","service":"neural-shop-backend","timestamp":"2026-04-03 16:39:51.545"}
{"level":"info","message":"🚀 Redis Ready","service":"neural-shop-backend","timestamp":"2026-04-03 16:39:51.593"}
{"level":"info","message":"🚀 Redis connected","service":"neural-shop-backend","timestamp":"2026-04-03 16:39:51.595"}
{"category":"database","host":"localhost:27017","level":"info","message":"🗄️  Connected successfully","service":"neural-shop-backend","timestamp":"2026-04-03 16:39:51.602"}
{"level":"info","message":"🚀 Kafka producer connected","service":"neural-shop-backend","timestamp":"2026-04-03 16:39:51.631"}
{"level":"info","message":"Database URL mongodb://admin:admin@localhost:27017/neural_shop?authSource=admin","service":"neural-shop-backend","timestamp":"2026-04-03 16:39:57.537"}
{"environment":"development","level":"info","message":"🚀 Server is running on port 8000","port":8000,"service":"neural-shop-backend","timestamp":"2026-04-03 16:39:57.666"}
{"category":"database","level":"info","message":"🗄️  MongoDB connected","service":"neural-shop-backend","timestamp":"2026-04-03 16:39:57.667"}
{"level":"info","message":"✅ Redis Connected","service":"neural-shop-backend","timestamp":"2026-04-03 16:39:57.688"}
{"level":"info","message":"🚀 Redis Ready","service":"neural-shop-backend","timestamp":"2026-04-03 16:39:57.733"}
{"level":"info","message":"🚀 Redis connected","service":"neural-shop-backend","timestamp":"2026-04-03 16:39:57.735"}
{"category":"database","host":"localhost:27017","level":"info","message":"🗄️  Connected successfully","service":"neural-shop-backend","timestamp":"2026-04-03 16:39:57.742"}
{"level":"info","message":"🚀 Kafka producer connected","service":"neural-shop-backend","timestamp":"2026-04-03 16:39:57.775"}
{"level":"info","message":"🚀 Kafka consumers started","service":"neural-shop-backend","timestamp":"2026-04-03 16:40:42.666"}
{"level":"info","message":"Database URL mongodb://admin:admin@localhost:27017/neural_shop?authSource=admin","service":"neural-shop-backend","timestamp":"2026-04-03 16:44:35.218"}
{"environment":"development","level":"info","message":"🚀 Server is running on port 8000","port":8000,"service":"neural-shop-backend","timestamp":"2026-04-03 16:44:35.368"}
{"category":"database","level":"info","message":"🗄️  MongoDB connected","service":"neural-shop-backend","timestamp":"2026-04-03 16:44:35.370"}
{"level":"info","message":"✅ Redis Connected","service":"neural-shop-backend","timestamp":"2026-04-03 16:44:35.396"}
{"level":"info","message":"🚀 Redis Ready","service":"neural-shop-backend","timestamp":"2026-04-03 16:44:35.446"}
{"level":"info","message":"🚀 Redis connected","service":"neural-shop-backend","timestamp":"2026-04-03 16:44:35.448"}
{"category":"database","host":"localhost:27017","level":"info","message":"🗄️  Connected successfully","service":"neural-shop-backend","timestamp":"2026-04-03 16:44:35.457"}
{"level":"info","message":"🚀 Kafka producer connected","service":"neural-shop-backend","timestamp":"2026-04-03 16:44:35.485"}
{"level":"info","message":"Database URL mongodb://admin:admin@localhost:27017/neural_shop?authSource=admin","service":"neural-shop-backend","timestamp":"2026-04-03 16:44:58.182"}
{"environment":"development","level":"info","message":"🚀 Server is running on port 8000","port":8000,"service":"neural-shop-backend","timestamp":"2026-04-03 16:44:58.313"}
{"category":"database","level":"info","message":"🗄️  MongoDB connected","service":"neural-shop-backend","timestamp":"2026-04-03 16:44:58.314"}
{"level":"info","message":"✅ Redis Connected","service":"neural-shop-backend","timestamp":"2026-04-03 16:44:58.335"}
{"level":"info","message":"🚀 Redis Ready","service":"neural-shop-backend","timestamp":"2026-04-03 16:44:58.376"}
{"level":"info","message":"🚀 Redis connected","service":"neural-shop-backend","timestamp":"2026-04-03 16:44:58.377"}
{"category":"database","host":"localhost:27017","level":"info","message":"🗄️  Connected successfully","service":"neural-shop-backend","timestamp":"2026-04-03 16:44:58.384"}
{"level":"info","message":"🚀 Kafka producer connected","service":"neural-shop-backend","timestamp":"2026-04-03 16:44:58.414"}
{"level":"info","message":"🚀 Kafka consumers started","service":"neural-shop-backend","timestamp":"2026-04-03 16:45:24.290"}
{"level":"info","message":"Database URL mongodb://admin:admin@localhost:27017/neural_shop?authSource=admin","service":"neural-shop-backend","timestamp":"2026-04-03 16:45:37.303"}
{"environment":"development","level":"info","message":"🚀 Server is running on port 8000","port":8000,"service":"neural-shop-backend","timestamp":"2026-04-03 16:45:37.426"}
{"category":"database","level":"info","message":"🗄️  MongoDB connected","service":"neural-shop-backend","timestamp":"2026-04-03 16:45:37.427"}
{"level":"info","message":"✅ Redis Connected","service":"neural-shop-backend","timestamp":"2026-04-03 16:45:37.446"}
{"level":"info","message":"🚀 Redis Ready","service":"neural-shop-backend","timestamp":"2026-04-03 16:45:37.479"}
{"level":"info","message":"🚀 Redis connected","service":"neural-shop-backend","timestamp":"2026-04-03 16:45:37.481"}
{"category":"database","host":"localhost:27017","level":"info","message":"🗄️  Connected successfully","service":"neural-shop-backend","timestamp":"2026-04-03 16:45:37.505"}
{"level":"info","message":"🚀 Kafka producer connected","service":"neural-shop-backend","timestamp":"2026-04-03 16:45:37.515"}
{"level":"info","message":"Database URL mongodb://admin:admin@localhost:27017/neural_shop?authSource=admin","service":"neural-shop-backend","timestamp":"2026-04-03 16:45:40.806"}
{"environment":"development","level":"info","message":"🚀 Server is running on port 8000","port":8000,"service":"neural-shop-backend","timestamp":"2026-04-03 16:45:40.946"}
{"category":"database","level":"info","message":"🗄️  MongoDB connected","service":"neural-shop-backend","timestamp":"2026-04-03 16:45:40.947"}
{"level":"info","message":"✅ Redis Connected","service":"neural-shop-backend","timestamp":"2026-04-03 16:45:40.965"}
{"level":"info","message":"🚀 Redis Ready","service":"neural-shop-backend","timestamp":"2026-04-03 16:45:41.006"}
{"level":"info","message":"🚀 Redis connected","service":"neural-shop-backend","timestamp":"2026-04-03 16:45:41.011"}
{"category":"database","host":"localhost:27017","level":"info","message":"🗄️  Connected successfully","service":"neural-shop-backend","timestamp":"2026-04-03 16:45:41.043"}
{"level":"info","message":"🚀 Kafka producer connected","service":"neural-shop-backend","timestamp":"2026-04-03 16:45:41.056"}
{"level":"info","message":"Database URL mongodb://admin:admin@localhost:27017/neural_shop?authSource=admin","service":"neural-shop-backend","timestamp":"2026-04-03 16:45:43.082"}
{"environment":"development","level":"info","message":"🚀 Server is running on port 8000","port":8000,"service":"neural-shop-backend","timestamp":"2026-04-03 16:45:43.206"}
{"category":"database","level":"info","message":"🗄️  MongoDB connected","service":"neural-shop-backend","timestamp":"2026-04-03 16:45:43.208"}
{"level":"info","message":"✅ Redis Connected","service":"neural-shop-backend","timestamp":"2026-04-03 16:45:43.228"}
{"level":"info","message":"🚀 Redis Ready","service":"neural-shop-backend","timestamp":"2026-04-03 16:45:43.263"}
{"level":"info","message":"🚀 Redis connected","service":"neural-shop-backend","timestamp":"2026-04-03 16:45:43.275"}
{"category":"database","host":"localhost:27017","level":"info","message":"🗄️  Connected successfully","service":"neural-shop-backend","timestamp":"2026-04-03 16:45:43.283"}
{"level":"info","message":"🚀 Kafka producer connected","service":"neural-shop-backend","timestamp":"2026-04-03 16:45:43.311"}
{"level":"info","message":"🚀 Kafka consumers started","service":"neural-shop-backend","timestamp":"2026-04-03 16:46:29.317"}
{"level":"info","message":"Database URL mongodb://admin:admin@localhost:27017/neural_shop?authSource=admin","service":"neural-shop-backend","timestamp":"2026-04-03 16:46:36.355"}
{"environment":"development","level":"info","message":"🚀 Server is running on port 8000","port":8000,"service":"neural-shop-backend","timestamp":"2026-04-03 16:46:36.474"}
{"category":"database","level":"info","message":"🗄️  MongoDB connected","service":"neural-shop-backend","timestamp":"2026-04-03 16:46:36.475"}
{"level":"info","message":"✅ Redis Connected","service":"neural-shop-backend","timestamp":"2026-04-03 16:46:36.506"}
{"level":"info","message":"🚀 Redis Ready","service":"neural-shop-backend","timestamp":"2026-04-03 16:46:36.541"}
{"level":"info","message":"🚀 Redis connected","service":"neural-shop-backend","timestamp":"2026-04-03 16:46:36.543"}
{"level":"info","message":"🚀 Kafka producer connected","service":"neural-shop-backend","timestamp":"2026-04-03 16:46:36.566"}
{"category":"database","host":"localhost:27017","level":"info","message":"🗄️  Connected successfully","service":"neural-shop-backend","timestamp":"2026-04-03 16:46:36.587"}
{"level":"info","message":"🚀 Kafka consumers started","service":"neural-shop-backend","timestamp":"2026-04-03 16:47:01.700"}
{"level":"info","message":"Database URL mongodb://admin:admin@localhost:27017/neural_shop?authSource=admin","service":"neural-shop-backend","timestamp":"2026-04-03 16:48:33.180"}
{"environment":"development","level":"info","message":"🚀 Server is running on port 8000","port":8000,"service":"neural-shop-backend","timestamp":"2026-04-03 16:48:33.296"}
{"category":"database","level":"info","message":"🗄️  MongoDB connected","service":"neural-shop-backend","timestamp":"2026-04-03 16:48:33.297"}
{"level":"info","message":"✅ Redis Connected","service":"neural-shop-backend","timestamp":"2026-04-03 16:48:33.320"}
{"level":"info","message":"🚀 Redis Ready","service":"neural-shop-backend","timestamp":"2026-04-03 16:48:33.363"}
{"level":"info","message":"🚀 Redis connected","service":"neural-shop-backend","timestamp":"2026-04-03 16:48:33.365"}
{"category":"database","host":"localhost:27017","level":"info","message":"🗄️  Connected successfully","service":"neural-shop-backend","timestamp":"2026-04-03 16:48:33.374"}
{"level":"info","message":"🚀 Kafka producer connected","service":"neural-shop-backend","timestamp":"2026-04-03 16:48:33.410"}
{"level":"info","message":"Database URL mongodb://admin:admin@localhost:27017/neural_shop?authSource=admin","service":"neural-shop-backend","timestamp":"2026-04-03 16:48:37.674"}
{"environment":"development","level":"info","message":"🚀 Server is running on port 8000","port":8000,"service":"neural-shop-backend","timestamp":"2026-04-03 16:48:37.786"}
{"category":"database","level":"info","message":"🗄️  MongoDB connected","service":"neural-shop-backend","timestamp":"2026-04-03 16:48:37.787"}
{"level":"info","message":"✅ Redis Connected","service":"neural-shop-backend","timestamp":"2026-04-03 16:48:37.811"}
{"level":"info","message":"🚀 Redis Ready","service":"neural-shop-backend","timestamp":"2026-04-03 16:48:37.845"}
{"level":"info","message":"🚀 Redis connected","service":"neural-shop-backend","timestamp":"2026-04-03 16:48:37.847"}
{"category":"database","host":"localhost:27017","level":"info","message":"🗄️  Connected successfully","service":"neural-shop-backend","timestamp":"2026-04-03 16:48:37.874"}
{"level":"info","message":"🚀 Kafka producer connected","service":"neural-shop-backend","timestamp":"2026-04-03 16:48:37.884"}
{"level":"info","message":"Database URL mongodb://admin:admin@localhost:27017/neural_shop?authSource=admin","service":"neural-shop-backend","timestamp":"2026-04-03 16:48:45.557"}
{"environment":"development","level":"info","message":"🚀 Server is running on port 8000","port":8000,"service":"neural-shop-backend","timestamp":"2026-04-03 16:48:45.668"}
{"category":"database","level":"info","message":"🗄️  MongoDB connected","service":"neural-shop-backend","timestamp":"2026-04-03 16:48:45.669"}
{"level":"info","message":"✅ Redis Connected","service":"neural-shop-backend","timestamp":"2026-04-03 16:48:45.691"}
{"level":"info","message":"🚀 Redis Ready","service":"neural-shop-backend","timestamp":"2026-04-03 16:48:45.729"}
{"level":"info","message":"🚀 Redis connected","service":"neural-shop-backend","timestamp":"2026-04-03 16:48:45.731"}
{"category":"database","host":"localhost:27017","level":"info","message":"🗄️  Connected successfully","service":"neural-shop-backend","timestamp":"2026-04-03 16:48:45.738"}
{"level":"info","message":"🚀 Kafka producer connected","service":"neural-shop-backend","timestamp":"2026-04-03 16:48:45.763"}
{"level":"info","message":"Database URL mongodb://admin:admin@localhost:27017/neural_shop?authSource=admin","service":"neural-shop-backend","timestamp":"2026-04-03 16:49:00.256"}
{"environment":"development","level":"info","message":"🚀 Server is running on port 8000","port":8000,"service":"neural-shop-backend","timestamp":"2026-04-03 16:49:00.455"}
{"category":"database","level":"info","message":"🗄️  MongoDB connected","service":"neural-shop-backend","timestamp":"2026-04-03 16:49:00.456"}
{"level":"info","message":"✅ Redis Connected","service":"neural-shop-backend","timestamp":"2026-04-03 16:49:00.483"}
{"level":"info","message":"🚀 Redis Ready","service":"neural-shop-backend","timestamp":"2026-04-03 16:49:00.541"}
{"level":"info","message":"🚀 Redis connected","service":"neural-shop-backend","timestamp":"2026-04-03 16:49:00.543"}
{"category":"database","host":"localhost:27017","level":"info","message":"🗄️  Connected successfully","service":"neural-shop-backend","timestamp":"2026-04-03 16:49:00.555"}
{"level":"info","message":"🚀 Kafka producer connected","service":"neural-shop-backend","timestamp":"2026-04-03 16:49:00.591"}
{"level":"info","message":"🚀 Kafka consumers started","service":"neural-shop-backend","timestamp":"2026-04-03 16:49:28.718"}
{"level":"info","message":"Database URL mongodb://admin:admin@localhost:27017/neural_shop?authSource=admin","service":"neural-shop-backend","timestamp":"2026-04-03 16:50:11.270"}
{"environment":"development","level":"info","message":"🚀 Server is running on port 8000","port":8000,"service":"neural-shop-backend","timestamp":"2026-04-03 16:50:11.419"}
{"category":"database","level":"info","message":"🗄️  MongoDB connected","service":"neural-shop-backend","timestamp":"2026-04-03 16:50:11.421"}
{"level":"info","message":"✅ Redis Connected","service":"neural-shop-backend","timestamp":"2026-04-03 16:50:11.441"}
{"level":"info","message":"🚀 Redis Ready","service":"neural-shop-backend","timestamp":"2026-04-03 16:50:11.477"}
{"level":"info","message":"🚀 Redis connected","service":"neural-shop-backend","timestamp":"2026-04-03 16:50:11.479"}
{"category":"database","host":"localhost:27017","level":"info","message":"🗄️  Connected successfully","service":"neural-shop-backend","timestamp":"2026-04-03 16:50:11.508"}
{"level":"info","message":"🚀 Kafka producer connected","service":"neural-shop-backend","timestamp":"2026-04-03 16:50:11.518"}
{"level":"info","message":"Database URL mongodb://admin:admin@localhost:27017/neural_shop?authSource=admin","service":"neural-shop-backend","timestamp":"2026-04-03 16:50:19.403"}
{"environment":"development","level":"info","message":"🚀 Server is running on port 8000","port":8000,"service":"neural-shop-backend","timestamp":"2026-04-03 16:50:19.538"}
{"category":"database","level":"info","message":"🗄️  MongoDB connected","service":"neural-shop-backend","timestamp":"2026-04-03 16:50:19.540"}
{"level":"info","message":"✅ Redis Connected","service":"neural-shop-backend","timestamp":"2026-04-03 16:50:19.574"}
{"level":"info","message":"🚀 Redis Ready","service":"neural-shop-backend","timestamp":"2026-04-03 16:50:19.634"}
{"level":"info","message":"🚀 Redis connected","service":"neural-shop-backend","timestamp":"2026-04-03 16:50:19.636"}
{"category":"database","host":"localhost:27017","level":"info","message":"🗄️  Connected successfully","service":"neural-shop-backend","timestamp":"2026-04-03 16:50:19.670"}
{"level":"info","message":"🚀 Kafka producer connected","service":"neural-shop-backend","timestamp":"2026-04-03 16:50:19.704"}
{"level":"info","message":"Database URL mongodb://admin:admin@localhost:27017/neural_shop?authSource=admin","service":"neural-shop-backend","timestamp":"2026-04-03 16:50:29.317"}
{"environment":"development","level":"info","message":"🚀 Server is running on port 8000","port":8000,"service":"neural-shop-backend","timestamp":"2026-04-03 16:50:29.441"}
{"category":"database","level":"info","message":"🗄️  MongoDB connected","service":"neural-shop-backend","timestamp":"2026-04-03 16:50:29.442"}
{"level":"info","message":"✅ Redis Connected","service":"neural-shop-backend","timestamp":"2026-04-03 16:50:29.464"}
{"level":"info","message":"🚀 Redis Ready","service":"neural-shop-backend","timestamp":"2026-04-03 16:50:29.502"}
{"category":"database","host":"localhost:27017","level":"info","message":"🗄️  Connected successfully","service":"neural-shop-backend","timestamp":"2026-04-03 16:50:29.507"}
{"level":"info","message":"🚀 Redis connected","service":"neural-shop-backend","timestamp":"2026-04-03 16:50:29.514"}
{"level":"info","message":"🚀 Kafka producer connected","service":"neural-shop-backend","timestamp":"2026-04-03 16:50:29.545"}
{"level":"info","message":"Database URL mongodb://admin:admin@localhost:27017/neural_shop?authSource=admin","service":"neural-shop-backend","timestamp":"2026-04-03 16:50:31.686"}
{"environment":"development","level":"info","message":"🚀 Server is running on port 8000","port":8000,"service":"neural-shop-backend","timestamp":"2026-04-03 16:50:31.801"}
{"category":"database","level":"info","message":"🗄️  MongoDB connected","service":"neural-shop-backend","timestamp":"2026-04-03 16:50:31.802"}
{"level":"info","message":"✅ Redis Connected","service":"neural-shop-backend","timestamp":"2026-04-03 16:50:31.825"}
{"level":"info","message":"🚀 Redis Ready","service":"neural-shop-backend","timestamp":"2026-04-03 16:50:31.857"}
{"level":"info","message":"🚀 Redis connected","service":"neural-shop-backend","timestamp":"2026-04-03 16:50:31.860"}
{"category":"database","host":"localhost:27017","level":"info","message":"🗄️  Connected successfully","service":"neural-shop-backend","timestamp":"2026-04-03 16:50:31.886"}
{"level":"info","message":"🚀 Kafka producer connected","service":"neural-shop-backend","timestamp":"2026-04-03 16:50:31.898"}
{"level":"info","message":"Database URL mongodb://admin:admin@localhost:27017/neural_shop?authSource=admin","service":"neural-shop-backend","timestamp":"2026-04-03 16:50:43.314"}
{"environment":"development","level":"info","message":"🚀 Server is running on port 8000","port":8000,"service":"neural-shop-backend","timestamp":"2026-04-03 16:50:43.435"}
{"category":"database","level":"info","message":"🗄️  MongoDB connected","service":"neural-shop-backend","timestamp":"2026-04-03 16:50:43.436"}
{"level":"info","message":"✅ Redis Connected","service":"neural-shop-backend","timestamp":"2026-04-03 16:50:43.456"}
{"level":"info","message":"🚀 Redis Ready","service":"neural-shop-backend","timestamp":"2026-04-03 16:50:43.495"}
{"level":"info","message":"🚀 Redis connected","service":"neural-shop-backend","timestamp":"2026-04-03 16:50:43.497"}
{"category":"database","host":"localhost:27017","level":"info","message":"🗄️  Connected successfully","service":"neural-shop-backend","timestamp":"2026-04-03 16:50:43.519"}
{"level":"info","message":"🚀 Kafka producer connected","service":"neural-shop-backend","timestamp":"2026-04-03 16:50:43.545"}
{"level":"info","message":"Database URL mongodb://admin:admin@localhost:27017/neural_shop?authSource=admin","service":"neural-shop-backend","timestamp":"2026-04-03 16:50:56.387"}
{"environment":"development","level":"info","message":"🚀 Server is running on port 8000","port":8000,"service":"neural-shop-backend","timestamp":"2026-04-03 16:50:56.535"}
{"category":"database","level":"info","message":"🗄️  MongoDB connected","service":"neural-shop-backend","timestamp":"2026-04-03 16:50:56.537"}
{"level":"info","message":"✅ Redis Connected","service":"neural-shop-backend","timestamp":"2026-04-03 16:50:56.570"}
{"level":"info","message":"🚀 Redis Ready","service":"neural-shop-backend","timestamp":"2026-04-03 16:50:56.649"}
{"level":"info","message":"🚀 Redis connected","service":"neural-shop-backend","timestamp":"2026-04-03 16:50:56.652"}
{"category":"database","host":"localhost:27017","level":"info","message":"🗄️  Connected successfully","service":"neural-shop-backend","timestamp":"2026-04-03 16:50:56.694"}
{"level":"info","message":"🚀 Kafka producer connected","service":"neural-shop-backend","timestamp":"2026-04-03 16:50:56.745"}
{"level":"info","message":"Database URL mongodb://admin:admin@localhost:27017/neural_shop?authSource=admin","service":"neural-shop-backend","timestamp":"2026-04-03 16:51:19.646"}
{"environment":"development","level":"info","message":"🚀 Server is running on port 8000","port":8000,"service":"neural-shop-backend","timestamp":"2026-04-03 16:51:19.789"}
{"category":"database","level":"info","message":"🗄️  MongoDB connected","service":"neural-shop-backend","timestamp":"2026-04-03 16:51:19.790"}
{"level":"info","message":"✅ Redis Connected","service":"neural-shop-backend","timestamp":"2026-04-03 16:51:19.819"}
{"level":"info","message":"🚀 Redis Ready","service":"neural-shop-backend","timestamp":"2026-04-03 16:51:19.865"}
{"level":"info","message":"🚀 Redis connected","service":"neural-shop-backend","timestamp":"2026-04-03 16:51:19.867"}
{"category":"database","host":"localhost:27017","level":"info","message":"🗄️  Connected successfully","service":"neural-shop-backend","timestamp":"2026-04-03 16:51:19.905"}
{"level":"info","message":"🚀 Kafka producer connected","service":"neural-shop-backend","timestamp":"2026-04-03 16:51:19.916"}
{"level":"info","message":"Database URL mongodb://admin:admin@localhost:27017/neural_shop?authSource=admin","service":"neural-shop-backend","timestamp":"2026-04-03 16:51:31.286"}
{"environment":"development","level":"info","message":"🚀 Server is running on port 8000","port":8000,"service":"neural-shop-backend","timestamp":"2026-04-03 16:51:31.430"}
{"category":"database","level":"info","message":"🗄️  MongoDB connected","service":"neural-shop-backend","timestamp":"2026-04-03 16:51:31.432"}
{"level":"info","message":"✅ Redis Connected","service":"neural-shop-backend","timestamp":"2026-04-03 16:51:31.453"}
{"level":"info","message":"🚀 Redis Ready","service":"neural-shop-backend","timestamp":"2026-04-03 16:51:31.502"}
{"level":"info","message":"🚀 Redis connected","service":"neural-shop-backend","timestamp":"2026-04-03 16:51:31.504"}
{"category":"database","host":"localhost:27017","level":"info","message":"🗄️  Connected successfully","service":"neural-shop-backend","timestamp":"2026-04-03 16:51:31.512"}
{"level":"info","message":"🚀 Kafka producer connected","service":"neural-shop-backend","timestamp":"2026-04-03 16:51:31.550"}
{"level":"info","message":"🚀 Kafka consumers started","service":"neural-shop-backend","timestamp":"2026-04-03 16:51:42.657"}
{"level":"info","message":"Database URL mongodb://admin:admin@localhost:27017/neural_shop?authSource=admin","service":"neural-shop-backend","timestamp":"2026-04-03 16:51:46.432"}
{"environment":"development","level":"info","message":"🚀 Server is running on port 8000","port":8000,"service":"neural-shop-backend","timestamp":"2026-04-03 16:51:46.560"}
{"category":"database","level":"info","message":"🗄️  MongoDB connected","service":"neural-shop-backend","timestamp":"2026-04-03 16:51:46.562"}
{"level":"info","message":"✅ Redis Connected","service":"neural-shop-backend","timestamp":"2026-04-03 16:51:46.583"}
{"level":"info","message":"🚀 Redis Ready","service":"neural-shop-backend","timestamp":"2026-04-03 16:51:46.615"}
{"level":"info","message":"🚀 Redis connected","service":"neural-shop-backend","timestamp":"2026-04-03 16:51:46.617"}
{"category":"database","host":"localhost:27017","level":"info","message":"🗄️  Connected successfully","service":"neural-shop-backend","timestamp":"2026-04-03 16:51:46.643"}
{"level":"info","message":"🚀 Kafka producer connected","service":"neural-shop-backend","timestamp":"2026-04-03 16:51:46.656"}
{"level":"info","message":"Database URL mongodb://admin:admin@localhost:27017/neural_shop?authSource=admin","service":"neural-shop-backend","timestamp":"2026-04-03 16:51:49.448"}
{"environment":"development","level":"info","message":"🚀 Server is running on port 8000","port":8000,"service":"neural-shop-backend","timestamp":"2026-04-03 16:51:49.558"}
{"category":"database","level":"info","message":"🗄️  MongoDB connected","service":"neural-shop-backend","timestamp":"2026-04-03 16:51:49.559"}
{"level":"info","message":"✅ Redis Connected","service":"neural-shop-backend","timestamp":"2026-04-03 16:51:49.573"}
{"level":"info","message":"🚀 Redis Ready","service":"neural-shop-backend","timestamp":"2026-04-03 16:51:49.612"}
{"level":"info","message":"🚀 Redis connected","service":"neural-shop-backend","timestamp":"2026-04-03 16:51:49.614"}
{"category":"database","host":"localhost:27017","level":"info","message":"🗄️  Connected successfully","service":"neural-shop-backend","timestamp":"2026-04-03 16:51:49.620"}
{"level":"info","message":"🚀 Kafka producer connected","service":"neural-shop-backend","timestamp":"2026-04-03 16:51:49.644"}
{"level":"info","message":"Database URL mongodb://admin:admin@localhost:27017/neural_shop?authSource=admin","service":"neural-shop-backend","timestamp":"2026-04-03 16:51:52.931"}
{"environment":"development","level":"info","message":"🚀 Server is running on port 8000","port":8000,"service":"neural-shop-backend","timestamp":"2026-04-03 16:51:53.045"}
{"category":"database","level":"info","message":"🗄️  MongoDB connected","service":"neural-shop-backend","timestamp":"2026-04-03 16:51:53.047"}
{"level":"info","message":"✅ Redis Connected","service":"neural-shop-backend","timestamp":"2026-04-03 16:51:53.066"}
{"level":"info","message":"🚀 Redis Ready","service":"neural-shop-backend","timestamp":"2026-04-03 16:51:53.102"}
{"level":"info","message":"🚀 Redis connected","service":"neural-shop-backend","timestamp":"2026-04-03 16:51:53.104"}
{"category":"database","host":"localhost:27017","level":"info","message":"🗄️  Connected successfully","service":"neural-shop-backend","timestamp":"2026-04-03 16:51:53.127"}
{"level":"info","message":"🚀 Kafka producer connected","service":"neural-shop-backend","timestamp":"2026-04-03 16:51:53.138"}
{"level":"info","message":"Database URL mongodb://admin:admin@localhost:27017/neural_shop?authSource=admin","service":"neural-shop-backend","timestamp":"2026-04-03 16:51:57.959"}
{"environment":"development","level":"info","message":"🚀 Server is running on port 8000","port":8000,"service":"neural-shop-backend","timestamp":"2026-04-03 16:51:58.159"}
{"category":"database","level":"info","message":"🗄️  MongoDB connected","service":"neural-shop-backend","timestamp":"2026-04-03 16:51:58.161"}
{"level":"info","message":"✅ Redis Connected","service":"neural-shop-backend","timestamp":"2026-04-03 16:51:58.190"}
{"level":"info","message":"🚀 Redis Ready","service":"neural-shop-backend","timestamp":"2026-04-03 16:51:58.242"}
{"level":"info","message":"🚀 Redis connected","service":"neural-shop-backend","timestamp":"2026-04-03 16:51:58.245"}
{"category":"database","host":"localhost:27017","level":"info","message":"🗄️  Connected successfully","service":"neural-shop-backend","timestamp":"2026-04-03 16:51:58.268"}
{"level":"info","message":"🚀 Kafka producer connected","service":"neural-shop-backend","timestamp":"2026-04-03 16:51:58.309"}
{"level":"info","message":"Database URL mongodb://admin:admin@localhost:27017/neural_shop?authSource=admin","service":"neural-shop-backend","timestamp":"2026-04-03 16:53:56.994"}
{"environment":"development","level":"info","message":"🚀 Server is running on port 8000","port":8000,"service":"neural-shop-backend","timestamp":"2026-04-03 16:53:57.128"}
{"category":"database","level":"info","message":"🗄️  MongoDB connected","service":"neural-shop-backend","timestamp":"2026-04-03 16:53:57.129"}
{"level":"info","message":"✅ Redis Connected","service":"neural-shop-backend","timestamp":"2026-04-03 16:53:57.153"}
{"level":"info","message":"🚀 Redis Ready","service":"neural-shop-backend","timestamp":"2026-04-03 16:53:57.194"}
{"level":"info","message":"🚀 Redis connected","service":"neural-shop-backend","timestamp":"2026-04-03 16:53:57.195"}
{"category":"database","host":"localhost:27017","level":"info","message":"🗄️  Connected successfully","service":"neural-shop-backend","timestamp":"2026-04-03 16:53:57.202"}
{"level":"info","message":"🚀 Kafka producer connected","service":"neural-shop-backend","timestamp":"2026-04-03 16:53:57.226"}
{"level":"info","message":"🚀 Kafka consumers started","service":"neural-shop-backend","timestamp":"2026-04-03 16:54:00.056"}
{"level":"info","message":"Database URL mongodb://admin:admin@localhost:27017/neural_shop?authSource=admin","service":"neural-shop-backend","timestamp":"2026-04-03 16:54:24.393"}
{"environment":"development","level":"info","message":"🚀 Server is running on port 8000","port":8000,"service":"neural-shop-backend","timestamp":"2026-04-03 16:54:24.505"}
{"category":"database","level":"info","message":"🗄️  MongoDB connected","service":"neural-shop-backend","timestamp":"2026-04-03 16:54:24.506"}
{"level":"info","message":"✅ Redis Connected","service":"neural-shop-backend","timestamp":"2026-04-03 16:54:24.522"}
{"level":"info","message":"🚀 Redis Ready","service":"neural-shop-backend","timestamp":"2026-04-03 16:54:24.560"}
{"level":"info","message":"🚀 Redis connected","service":"neural-shop-backend","timestamp":"2026-04-03 16:54:24.562"}
{"category":"database","host":"localhost:27017","level":"info","message":"🗄️  Connected successfully","service":"neural-shop-backend","timestamp":"2026-04-03 16:54:24.569"}
{"level":"info","message":"🚀 Kafka producer connected","service":"neural-shop-backend","timestamp":"2026-04-03 16:54:24.602"}
{"level":"info","message":"Database URL mongodb://admin:admin@localhost:27017/neural_shop?authSource=admin","service":"neural-shop-backend","timestamp":"2026-04-03 16:54:32.347"}
{"environment":"development","level":"info","message":"🚀 Server is running on port 8000","port":8000,"service":"neural-shop-backend","timestamp":"2026-04-03 16:54:32.467"}
{"category":"database","level":"info","message":"🗄️  MongoDB connected","service":"neural-shop-backend","timestamp":"2026-04-03 16:54:32.468"}
{"level":"info","message":"✅ Redis Connected","service":"neural-shop-backend","timestamp":"2026-04-03 16:54:32.499"}
{"level":"info","message":"🚀 Redis Ready","service":"neural-shop-backend","timestamp":"2026-04-03 16:54:32.553"}
{"level":"info","message":"🚀 Redis connected","service":"neural-shop-backend","timestamp":"2026-04-03 16:54:32.555"}
{"category":"database","host":"localhost:27017","level":"info","message":"🗄️  Connected successfully","service":"neural-shop-backend","timestamp":"2026-04-03 16:54:32.563"}
{"level":"info","message":"🚀 Kafka producer connected","service":"neural-shop-backend","timestamp":"2026-04-03 16:54:32.592"}
{"level":"info","message":"Database URL mongodb://admin:admin@localhost:27017/neural_shop?authSource=admin","service":"neural-shop-backend","timestamp":"2026-04-03 16:54:46.892"}
{"environment":"development","level":"info","message":"🚀 Server is running on port 8000","port":8000,"service":"neural-shop-backend","timestamp":"2026-04-03 16:54:47.013"}
{"category":"database","level":"info","message":"🗄️  MongoDB connected","service":"neural-shop-backend","timestamp":"2026-04-03 16:54:47.014"}
{"level":"info","message":"✅ Redis Connected","service":"neural-shop-backend","timestamp":"2026-04-03 16:54:47.050"}
{"level":"info","message":"🚀 Redis Ready","service":"neural-shop-backend","timestamp":"2026-04-03 16:54:47.131"}
{"level":"info","message":"🚀 Redis connected","service":"neural-shop-backend","timestamp":"2026-04-03 16:54:47.147"}
{"category":"database","host":"localhost:27017","level":"info","message":"🗄️  Connected successfully","service":"neural-shop-backend","timestamp":"2026-04-03 16:54:47.156"}
{"level":"info","message":"🚀 Kafka producer connected","service":"neural-shop-backend","timestamp":"2026-04-03 16:54:47.187"}
{"level":"info","message":"Database URL mongodb://admin:admin@localhost:27017/neural_shop?authSource=admin","service":"neural-shop-backend","timestamp":"2026-04-03 16:55:03.002"}
{"environment":"development","level":"info","message":"🚀 Server is running on port 8000","port":8000,"service":"neural-shop-backend","timestamp":"2026-04-03 16:55:03.115"}
{"category":"database","level":"info","message":"🗄️  MongoDB connected","service":"neural-shop-backend","timestamp":"2026-04-03 16:55:03.117"}
{"level":"info","message":"✅ Redis Connected","service":"neural-shop-backend","timestamp":"2026-04-03 16:55:03.139"}
{"level":"info","message":"🚀 Redis Ready","service":"neural-shop-backend","timestamp":"2026-04-03 16:55:03.172"}
{"level":"info","message":"🚀 Redis connected","service":"neural-shop-backend","timestamp":"2026-04-03 16:55:03.183"}
{"category":"database","host":"localhost:27017","level":"info","message":"🗄️  Connected successfully","service":"neural-shop-backend","timestamp":"2026-04-03 16:55:03.191"}
{"level":"info","message":"🚀 Kafka producer connected","service":"neural-shop-backend","timestamp":"2026-04-03 16:55:03.216"}
{"level":"info","message":"🚀 Kafka consumers started","service":"neural-shop-backend","timestamp":"2026-04-03 16:55:41.996"}
{"level":"info","message":"Database URL mongodb://admin:admin@localhost:27017/neural_shop?authSource=admin","service":"neural-shop-backend","timestamp":"2026-04-03 16:55:55.689"}
{"environment":"development","level":"info","message":"🚀 Server is running on port 8000","port":8000,"service":"neural-shop-backend","timestamp":"2026-04-03 16:55:55.818"}
{"category":"database","level":"info","message":"🗄️  MongoDB connected","service":"neural-shop-backend","timestamp":"2026-04-03 16:55:55.818"}
{"level":"info","message":"✅ Redis Connected","service":"neural-shop-backend","timestamp":"2026-04-03 16:55:55.838"}
{"level":"info","message":"🚀 Redis Ready","service":"neural-shop-backend","timestamp":"2026-04-03 16:55:55.872"}
{"level":"info","message":"🚀 Redis connected","service":"neural-shop-backend","timestamp":"2026-04-03 16:55:55.874"}
{"category":"database","host":"localhost:27017","level":"info","message":"🗄️  Connected successfully","service":"neural-shop-backend","timestamp":"2026-04-03 16:55:55.898"}
{"level":"info","message":"🚀 Kafka producer connected","service":"neural-shop-backend","timestamp":"2026-04-03 16:55:55.907"}
{"level":"info","message":"Database URL mongodb://admin:admin@localhost:27017/neural_shop?authSource=admin","service":"neural-shop-backend","timestamp":"2026-04-03 16:55:59.943"}
{"environment":"development","level":"info","message":"🚀 Server is running on port 8000","port":8000,"service":"neural-shop-backend","timestamp":"2026-04-03 16:56:00.059"}
{"category":"database","level":"info","message":"🗄️  MongoDB connected","service":"neural-shop-backend","timestamp":"2026-04-03 16:56:00.059"}
{"level":"info","message":"✅ Redis Connected","service":"neural-shop-backend","timestamp":"2026-04-03 16:56:00.077"}
{"level":"info","message":"🚀 Redis Ready","service":"neural-shop-backend","timestamp":"2026-04-03 16:56:00.110"}
{"level":"info","message":"🚀 Redis connected","service":"neural-shop-backend","timestamp":"2026-04-03 16:56:00.113"}
{"category":"database","host":"localhost:27017","level":"info","message":"🗄️  Connected successfully","service":"neural-shop-backend","timestamp":"2026-04-03 16:56:00.138"}
{"level":"info","message":"🚀 Kafka producer connected","service":"neural-shop-backend","timestamp":"2026-04-03 16:56:00.147"}
{"level":"info","message":"Database URL mongodb://admin:admin@localhost:27017/neural_shop?authSource=admin","service":"neural-shop-backend","timestamp":"2026-04-03 16:56:02.998"}
{"environment":"development","level":"info","message":"🚀 Server is running on port 8000","port":8000,"service":"neural-shop-backend","timestamp":"2026-04-03 16:56:03.126"}
{"category":"database","level":"info","message":"🗄️  MongoDB connected","service":"neural-shop-backend","timestamp":"2026-04-03 16:56:03.128"}
{"level":"info","message":"✅ Redis Connected","service":"neural-shop-backend","timestamp":"2026-04-03 16:56:03.144"}
{"level":"info","message":"🚀 Redis Ready","service":"neural-shop-backend","timestamp":"2026-04-03 16:56:03.179"}
{"level":"info","message":"🚀 Redis connected","service":"neural-shop-backend","timestamp":"2026-04-03 16:56:03.181"}
{"category":"database","host":"localhost:27017","level":"info","message":"🗄️  Connected successfully","service":"neural-shop-backend","timestamp":"2026-04-03 16:56:03.210"}
{"level":"info","message":"🚀 Kafka producer connected","service":"neural-shop-backend","timestamp":"2026-04-03 16:56:03.220"}
{"level":"info","message":"🚀 Kafka consumers started","service":"neural-shop-backend","timestamp":"2026-04-03 16:56:46.955"}
{"level":"info","message":"Database URL mongodb://admin:admin@localhost:27017/neural_shop?authSource=admin","service":"neural-shop-backend","timestamp":"2026-04-03 16:56:56.203"}
{"environment":"development","level":"info","message":"🚀 Server is running on port 8000","port":8000,"service":"neural-shop-backend","timestamp":"2026-04-03 16:56:56.376"}
{"category":"database","level":"info","message":"🗄️  MongoDB connected","service":"neural-shop-backend","timestamp":"2026-04-03 16:56:56.378"}
{"level":"info","message":"✅ Redis Connected","service":"neural-shop-backend","timestamp":"2026-04-03 16:56:56.417"}
{"level":"info","message":"🚀 Redis Ready","service":"neural-shop-backend","timestamp":"2026-04-03 16:56:56.471"}
{"level":"info","message":"🚀 Redis connected","service":"neural-shop-backend","timestamp":"2026-04-03 16:56:56.474"}
{"category":"database","host":"localhost:27017","level":"info","message":"🗄️  Connected successfully","service":"neural-shop-backend","timestamp":"2026-04-03 16:56:56.508"}
{"level":"info","message":"🚀 Kafka producer connected","service":"neural-shop-backend","timestamp":"2026-04-03 16:56:56.523"}
{"level":"info","message":"🚀 Kafka consumers started","service":"neural-shop-backend","timestamp":"2026-04-03 16:57:19.855"}
{"level":"info","message":"Database URL mongodb://admin:admin@localhost:27017/neural_shop?authSource=admin","service":"neural-shop-backend","timestamp":"2026-04-03 17:00:40.535"}
{"environment":"development","level":"info","message":"🚀 Server is running on port 8000","port":8000,"service":"neural-shop-backend","timestamp":"2026-04-03 17:00:40.654"}
{"category":"database","level":"info","message":"🗄️  MongoDB connected","service":"neural-shop-backend","timestamp":"2026-04-03 17:00:40.655"}
{"level":"info","message":"✅ Redis Connected","service":"neural-shop-backend","timestamp":"2026-04-03 17:00:40.684"}
{"level":"info","message":"🚀 Redis Ready","service":"neural-shop-backend","timestamp":"2026-04-03 17:00:40.730"}
{"level":"info","message":"🚀 Redis connected","service":"neural-shop-backend","timestamp":"2026-04-03 17:00:40.732"}
{"category":"database","host":"localhost:27017","level":"info","message":"🗄️  Connected successfully","service":"neural-shop-backend","timestamp":"2026-04-03 17:00:40.766"}
{"level":"info","message":"🚀 Kafka producer connected","service":"neural-shop-backend","timestamp":"2026-04-03 17:00:40.782"}
{"level":"info","message":"🚀 Kafka consumers started","service":"neural-shop-backend","timestamp":"2026-04-03 17:00:43.870"}
{"level":"info","message":"Database URL mongodb://admin:admin@localhost:27017/neural_shop?authSource=admin","service":"neural-shop-backend","timestamp":"2026-04-03 17:00:50.099"}
{"environment":"development","level":"info","message":"🚀 Server is running on port 8000","port":8000,"service":"neural-shop-backend","timestamp":"2026-04-03 17:00:50.221"}
{"category":"database","level":"info","message":"🗄️  MongoDB connected","service":"neural-shop-backend","timestamp":"2026-04-03 17:00:50.222"}
{"level":"info","message":"✅ Redis Connected","service":"neural-shop-backend","timestamp":"2026-04-03 17:00:50.247"}
{"level":"info","message":"🚀 Redis Ready","service":"neural-shop-backend","timestamp":"2026-04-03 17:00:50.283"}
{"level":"info","message":"🚀 Redis connected","service":"neural-shop-backend","timestamp":"2026-04-03 17:00:50.286"}
{"category":"database","host":"localhost:27017","level":"info","message":"🗄️  Connected successfully","service":"neural-shop-backend","timestamp":"2026-04-03 17:00:50.311"}
{"level":"info","message":"🚀 Kafka producer connected","service":"neural-shop-backend","timestamp":"2026-04-03 17:00:50.319"}
{"level":"info","message":"Database URL mongodb://admin:admin@localhost:27017/neural_shop?authSource=admin","service":"neural-shop-backend","timestamp":"2026-04-03 17:01:05.734"}
{"environment":"development","level":"info","message":"🚀 Server is running on port 8000","port":8000,"service":"neural-shop-backend","timestamp":"2026-04-03 17:01:05.870"}
{"category":"database","level":"info","message":"🗄️  MongoDB connected","service":"neural-shop-backend","timestamp":"2026-04-03 17:01:05.871"}
{"level":"info","message":"✅ Redis Connected","service":"neural-shop-backend","timestamp":"2026-04-03 17:01:05.895"}
{"level":"info","message":"🚀 Redis Ready","service":"neural-shop-backend","timestamp":"2026-04-03 17:01:05.940"}
{"level":"info","message":"🚀 Redis connected","service":"neural-shop-backend","timestamp":"2026-04-03 17:01:05.942"}
{"category":"database","host":"localhost:27017","level":"info","message":"🗄️  Connected successfully","service":"neural-shop-backend","timestamp":"2026-04-03 17:01:05.950"}
{"level":"info","message":"🚀 Kafka producer connected","service":"neural-shop-backend","timestamp":"2026-04-03 17:01:05.980"}
{"level":"info","message":"Database URL mongodb://admin:admin@localhost:27017/neural_shop?authSource=admin","service":"neural-shop-backend","timestamp":"2026-04-03 17:01:07.646"}
{"environment":"development","level":"info","message":"🚀 Server is running on port 8000","port":8000,"service":"neural-shop-backend","timestamp":"2026-04-03 17:01:07.785"}
{"category":"database","level":"info","message":"🗄️  MongoDB connected","service":"neural-shop-backend","timestamp":"2026-04-03 17:01:07.786"}
{"level":"info","message":"✅ Redis Connected","service":"neural-shop-backend","timestamp":"2026-04-03 17:01:07.814"}
{"level":"info","message":"🚀 Redis Ready","service":"neural-shop-backend","timestamp":"2026-04-03 17:01:07.868"}
{"level":"info","message":"🚀 Redis connected","service":"neural-shop-backend","timestamp":"2026-04-03 17:01:07.871"}
{"category":"database","host":"localhost:27017","level":"info","message":"🗄️  Connected successfully","service":"neural-shop-backend","timestamp":"2026-04-03 17:01:07.878"}
{"level":"info","message":"🚀 Kafka producer connected","service":"neural-shop-backend","timestamp":"2026-04-03 17:01:07.913"}
{"level":"info","message":"🚀 Kafka consumers started","service":"neural-shop-backend","timestamp":"2026-04-03 17:01:13.872"}
{"category":"http","ip":"::1","level":"info","message":"→ POST /registration [201]","service":"neural-shop-backend","timestamp":"2026-04-03 17:02:18.738","userAgent":"PostmanRuntime/7.53.0"}
{"category":"http","ip":"::1","level":"info","message":"→ POST /resend-otp [200]","service":"neural-shop-backend","timestamp":"2026-04-03 17:05:40.801","userAgent":"PostmanRuntime/7.53.0"}
{"category":"http","ip":"::1","level":"info","message":"→ POST /resend-otp [400]","service":"neural-shop-backend","timestamp":"2026-04-03 17:06:25.370","userAgent":"PostmanRuntime/7.53.0"}
{"category":"http","ip":"::1","level":"info","message":"→ POST /verify-email [200]","service":"neural-shop-backend","timestamp":"2026-04-03 17:06:44.029","userAgent":"PostmanRuntime/7.53.0"}
{"level":"info","message":"Database URL mongodb://admin:admin@localhost:27017/neural_shop?authSource=admin","service":"neural-shop-backend","timestamp":"2026-04-03 17:07:01.887"}
{"environment":"development","level":"info","message":"🚀 Server is running on port 8000","port":8000,"service":"neural-shop-backend","timestamp":"2026-04-03 17:07:02.076"}
{"category":"database","level":"info","message":"🗄️  MongoDB connected","service":"neural-shop-backend","timestamp":"2026-04-03 17:07:02.078"}
{"level":"info","message":"✅ Redis Connected","service":"neural-shop-backend","timestamp":"2026-04-03 17:07:02.109"}
{"level":"info","message":"🚀 Redis Ready","service":"neural-shop-backend","timestamp":"2026-04-03 17:07:02.158"}
{"level":"info","message":"🚀 Redis connected","service":"neural-shop-backend","timestamp":"2026-04-03 17:07:02.160"}
{"category":"database","host":"localhost:27017","level":"info","message":"🗄️  Connected successfully","service":"neural-shop-backend","timestamp":"2026-04-03 17:07:02.188"}
{"level":"info","message":"🚀 Kafka producer connected","service":"neural-shop-backend","timestamp":"2026-04-03 17:07:02.228"}
{"level":"info","message":"Database URL mongodb://admin:admin@localhost:27017/neural_shop?authSource=admin","service":"neural-shop-backend","timestamp":"2026-04-03 17:07:07.863"}
{"environment":"development","level":"info","message":"🚀 Server is running on port 8000","port":8000,"service":"neural-shop-backend","timestamp":"2026-04-03 17:07:07.989"}
{"category":"database","level":"info","message":"🗄️  MongoDB connected","service":"neural-shop-backend","timestamp":"2026-04-03 17:07:07.990"}
{"level":"info","message":"✅ Redis Connected","service":"neural-shop-backend","timestamp":"2026-04-03 17:07:08.009"}
{"level":"info","message":"🚀 Redis Ready","service":"neural-shop-backend","timestamp":"2026-04-03 17:07:08.038"}
{"level":"info","message":"🚀 Redis connected","service":"neural-shop-backend","timestamp":"2026-04-03 17:07:08.040"}
{"category":"database","host":"localhost:27017","level":"info","message":"🗄️  Connected successfully","service":"neural-shop-backend","timestamp":"2026-04-03 17:07:08.069"}
{"level":"info","message":"🚀 Kafka producer connected","service":"neural-shop-backend","timestamp":"2026-04-03 17:07:08.084"}
{"category":"http","ip":"::1","level":"info","message":"→ POST /login [200]","service":"neural-shop-backend","timestamp":"2026-04-03 17:07:22.741","userAgent":"PostmanRuntime/7.53.0"}
{"level":"info","message":"🚀 Kafka consumers started","service":"neural-shop-backend","timestamp":"2026-04-03 17:07:24.202"}
{"category":"http","ip":"::1","level":"info","message":"→ POST /login [400]","service":"neural-shop-backend","timestamp":"2026-04-03 17:07:35.278","userAgent":"PostmanRuntime/7.53.0"}
{"category":"http","ip":"::1","level":"info","message":"→ GET /logout [200]","service":"neural-shop-backend","timestamp":"2026-04-03 17:08:15.793","userAgent":"PostmanRuntime/7.53.0"}
{"category":"http","ip":"::1","level":"info","message":"→ POST /adminregister [201]","service":"neural-shop-backend","timestamp":"2026-04-03 17:08:38.896","userAgent":"PostmanRuntime/7.53.0"}
{"errors":[{"location":"body","msg":"OTP is required","path":"otp","type":"field"},{"location":"body","msg":"OTP must be 6 digits","path":"otp","type":"field"},{"location":"body","msg":"OTP must be numeric","path":"otp","type":"field"}],"level":"warn","message":"Validation error","method":"POST","path":"/verify-admin-email","service":"neural-shop-backend","timestamp":"2026-04-03 17:10:16.110"}
{"category":"http","ip":"::1","level":"info","message":"→ POST /verify-admin-email [400]","service":"neural-shop-backend","timestamp":"2026-04-03 17:10:16.112","userAgent":"PostmanRuntime/7.53.0"}
{"category":"http","ip":"::1","level":"info","message":"→ POST /resend-otp [200]","service":"neural-shop-backend","timestamp":"2026-04-03 17:10:30.068","userAgent":"PostmanRuntime/7.53.0"}
{"category":"http","ip":"::1","level":"info","message":"→ POST /verify-admin-email [200]","service":"neural-shop-backend","timestamp":"2026-04-03 17:11:27.390","userAgent":"PostmanRuntime/7.53.0"}
{"level":"info","message":"Database URL mongodb://admin:admin@localhost:27017/neural_shop?authSource=admin","service":"neural-shop-backend","timestamp":"2026-04-03 17:12:07.592"}
{"environment":"development","level":"info","message":"🚀 Server is running on port 8000","port":8000,"service":"neural-shop-backend","timestamp":"2026-04-03 17:12:07.738"}
{"category":"database","level":"info","message":"🗄️  MongoDB connected","service":"neural-shop-backend","timestamp":"2026-04-03 17:12:07.739"}
{"level":"info","message":"✅ Redis Connected","service":"neural-shop-backend","timestamp":"2026-04-03 17:12:07.753"}
{"level":"info","message":"🚀 Redis Ready","service":"neural-shop-backend","timestamp":"2026-04-03 17:12:07.787"}
{"level":"info","message":"🚀 Redis connected","service":"neural-shop-backend","timestamp":"2026-04-03 17:12:07.789"}
{"level":"info","message":"🚀 Kafka producer connected","service":"neural-shop-backend","timestamp":"2026-04-03 17:12:07.820"}
{"category":"database","host":"localhost:27017","level":"info","message":"🗄️  Connected successfully","service":"neural-shop-backend","timestamp":"2026-04-03 17:12:07.826"}
{"level":"info","message":"Database URL mongodb://admin:admin@localhost:27017/neural_shop?authSource=admin","service":"neural-shop-backend","timestamp":"2026-04-03 17:12:09.401"}
{"environment":"development","level":"info","message":"🚀 Server is running on port 8000","port":8000,"service":"neural-shop-backend","timestamp":"2026-04-03 17:12:09.522"}
{"category":"database","level":"info","message":"🗄️  MongoDB connected","service":"neural-shop-backend","timestamp":"2026-04-03 17:12:09.523"}
{"level":"info","message":"✅ Redis Connected","service":"neural-shop-backend","timestamp":"2026-04-03 17:12:09.554"}
{"level":"info","message":"🚀 Redis Ready","service":"neural-shop-backend","timestamp":"2026-04-03 17:12:09.579"}
{"level":"info","message":"🚀 Redis connected","service":"neural-shop-backend","timestamp":"2026-04-03 17:12:09.589"}
{"category":"database","host":"localhost:27017","level":"info","message":"🗄️  Connected successfully","service":"neural-shop-backend","timestamp":"2026-04-03 17:12:09.597"}
{"level":"info","message":"🚀 Kafka producer connected","service":"neural-shop-backend","timestamp":"2026-04-03 17:12:09.621"}
{"level":"info","message":"Database URL mongodb://admin:admin@localhost:27017/neural_shop?authSource=admin","service":"neural-shop-backend","timestamp":"2026-04-03 17:12:11.810"}
{"environment":"development","level":"info","message":"🚀 Server is running on port 8000","port":8000,"service":"neural-shop-backend","timestamp":"2026-04-03 17:12:11.982"}
{"category":"database","level":"info","message":"🗄️  MongoDB connected","service":"neural-shop-backend","timestamp":"2026-04-03 17:12:11.984"}
{"level":"info","message":"✅ Redis Connected","service":"neural-shop-backend","timestamp":"2026-04-03 17:12:12.002"}
{"level":"info","message":"🚀 Redis Ready","service":"neural-shop-backend","timestamp":"2026-04-03 17:12:12.055"}
{"level":"info","message":"Database URL mongodb://admin:admin@localhost:27017/neural_shop?authSource=admin","service":"neural-shop-backend","timestamp":"2026-04-03 17:12:13.848"}
{"environment":"development","level":"info","message":"🚀 Server is running on port 8000","port":8000,"service":"neural-shop-backend","timestamp":"2026-04-03 17:12:14.052"}
{"category":"database","level":"info","message":"🗄️  MongoDB connected","service":"neural-shop-backend","timestamp":"2026-04-03 17:12:14.053"}
{"level":"info","message":"✅ Redis Connected","service":"neural-shop-backend","timestamp":"2026-04-03 17:12:14.075"}
{"level":"info","message":"🚀 Redis Ready","service":"neural-shop-backend","timestamp":"2026-04-03 17:12:14.114"}
{"level":"info","message":"🚀 Redis connected","service":"neural-shop-backend","timestamp":"2026-04-03 17:12:14.115"}
{"category":"database","host":"localhost:27017","level":"info","message":"🗄️  Connected successfully","service":"neural-shop-backend","timestamp":"2026-04-03 17:12:14.143"}
{"level":"info","message":"🚀 Kafka producer connected","service":"neural-shop-backend","timestamp":"2026-04-03 17:12:14.168"}
{"level":"info","message":"Database URL mongodb://admin:admin@localhost:27017/neural_shop?authSource=admin","service":"neural-shop-backend","timestamp":"2026-04-03 17:12:20.067"}
{"environment":"development","level":"info","message":"🚀 Server is running on port 8000","port":8000,"service":"neural-shop-backend","timestamp":"2026-04-03 17:12:20.177"}
{"category":"database","level":"info","message":"🗄️  MongoDB connected","service":"neural-shop-backend","timestamp":"2026-04-03 17:12:20.179"}
{"level":"info","message":"✅ Redis Connected","service":"neural-shop-backend","timestamp":"2026-04-03 17:12:20.208"}
{"level":"info","message":"🚀 Redis Ready","service":"neural-shop-backend","timestamp":"2026-04-03 17:12:20.245"}
{"level":"info","message":"🚀 Redis connected","service":"neural-shop-backend","timestamp":"2026-04-03 17:12:20.247"}
{"level":"info","message":"🚀 Kafka producer connected","service":"neural-shop-backend","timestamp":"2026-04-03 17:12:20.284"}
{"category":"database","host":"localhost:27017","level":"info","message":"🗄️  Connected successfully","service":"neural-shop-backend","timestamp":"2026-04-03 17:12:20.293"}
{"level":"info","message":"Database URL mongodb://admin:admin@localhost:27017/neural_shop?authSource=admin","service":"neural-shop-backend","timestamp":"2026-04-03 17:12:22.715"}
{"environment":"development","level":"info","message":"🚀 Server is running on port 8000","port":8000,"service":"neural-shop-backend","timestamp":"2026-04-03 17:12:22.876"}
{"category":"database","level":"info","message":"🗄️  MongoDB connected","service":"neural-shop-backend","timestamp":"2026-04-03 17:12:22.877"}
{"level":"info","message":"✅ Redis Connected","service":"neural-shop-backend","timestamp":"2026-04-03 17:12:22.889"}
{"level":"info","message":"🚀 Redis Ready","service":"neural-shop-backend","timestamp":"2026-04-03 17:12:22.917"}
{"level":"info","message":"🚀 Redis connected","service":"neural-shop-backend","timestamp":"2026-04-03 17:12:22.920"}
{"category":"database","host":"localhost:27017","level":"info","message":"🗄️  Connected successfully","service":"neural-shop-backend","timestamp":"2026-04-03 17:12:22.951"}
{"level":"info","message":"🚀 Kafka producer connected","service":"neural-shop-backend","timestamp":"2026-04-03 17:12:22.962"}
{"level":"info","message":"Database URL mongodb://admin:admin@localhost:27017/neural_shop?authSource=admin","service":"neural-shop-backend","timestamp":"2026-04-03 17:12:47.830"}
{"environment":"development","level":"info","message":"🚀 Server is running on port 8000","port":8000,"service":"neural-shop-backend","timestamp":"2026-04-03 17:12:47.944"}
{"category":"database","level":"info","message":"🗄️  MongoDB connected","service":"neural-shop-backend","timestamp":"2026-04-03 17:12:47.945"}
{"level":"info","message":"✅ Redis Connected","service":"neural-shop-backend","timestamp":"2026-04-03 17:12:47.957"}
{"level":"info","message":"🚀 Redis Ready","service":"neural-shop-backend","timestamp":"2026-04-03 17:12:47.984"}
{"level":"info","message":"🚀 Redis connected","service":"neural-shop-backend","timestamp":"2026-04-03 17:12:47.985"}
{"category":"database","host":"localhost:27017","level":"info","message":"🗄️  Connected successfully","service":"neural-shop-backend","timestamp":"2026-04-03 17:12:48.008"}
{"level":"info","message":"🚀 Kafka producer connected","service":"neural-shop-backend","timestamp":"2026-04-03 17:12:48.017"}
{"level":"info","message":"Database URL mongodb://admin:admin@localhost:27017/neural_shop?authSource=admin","service":"neural-shop-backend","timestamp":"2026-04-03 17:12:58.784"}
{"environment":"development","level":"info","message":"🚀 Server is running on port 8000","port":8000,"service":"neural-shop-backend","timestamp":"2026-04-03 17:12:58.892"}
{"category":"database","level":"info","message":"🗄️  MongoDB connected","service":"neural-shop-backend","timestamp":"2026-04-03 17:12:58.892"}
{"level":"info","message":"✅ Redis Connected","service":"neural-shop-backend","timestamp":"2026-04-03 17:12:58.907"}
{"level":"info","message":"🚀 Redis Ready","service":"neural-shop-backend","timestamp":"2026-04-03 17:12:58.953"}
{"level":"info","message":"🚀 Redis connected","service":"neural-shop-backend","timestamp":"2026-04-03 17:12:58.955"}
{"category":"database","host":"localhost:27017","level":"info","message":"🗄️  Connected successfully","service":"neural-shop-backend","timestamp":"2026-04-03 17:12:58.962"}
{"level":"info","message":"🚀 Kafka producer connected","service":"neural-shop-backend","timestamp":"2026-04-03 17:12:58.987"}
{"level":"info","message":"Database URL mongodb://admin:admin@localhost:27017/neural_shop?authSource=admin","service":"neural-shop-backend","timestamp":"2026-04-03 17:13:04.726"}
{"environment":"development","level":"info","message":"🚀 Server is running on port 8000","port":8000,"service":"neural-shop-backend","timestamp":"2026-04-03 17:13:04.834"}
{"category":"database","level":"info","message":"🗄️  MongoDB connected","service":"neural-shop-backend","timestamp":"2026-04-03 17:13:04.835"}
{"level":"info","message":"✅ Redis Connected","service":"neural-shop-backend","timestamp":"2026-04-03 17:13:04.859"}
{"level":"info","message":"🚀 Redis Ready","service":"neural-shop-backend","timestamp":"2026-04-03 17:13:04.900"}
{"level":"info","message":"🚀 Redis connected","service":"neural-shop-backend","timestamp":"2026-04-03 17:13:04.901"}
{"category":"database","host":"localhost:27017","level":"info","message":"🗄️  Connected successfully","service":"neural-shop-backend","timestamp":"2026-04-03 17:13:04.908"}
{"level":"info","message":"🚀 Kafka producer connected","service":"neural-shop-backend","timestamp":"2026-04-03 17:13:04.935"}
{"errors":[],"level":"error","message":"[POST /api/auth/registration] Error encountered: Expected double-quoted property name in JSON at position 61 (line 4 column 1)","module":null,"service":"neural-shop-backend","stack":"SyntaxError: Expected double-quoted property name in JSON at position 61 (line 4 column 1)\n    at JSON.parse (<anonymous>)\n    at parse (C:\\Users\\kusha\\OneDrive\\Desktop\\WebDevelopment\\PROJECTs\\NeuralShop\\backend\\node_modules\\body-parser\\lib\\types\\json.js:77:19)\n    at C:\\Users\\kusha\\OneDrive\\Desktop\\WebDevelopment\\PROJECTs\\NeuralShop\\backend\\node_modules\\body-parser\\lib\\read.js:123:18\n    at AsyncResource.runInAsyncScope (node:async_hooks:214:14)\n    at invokeCallback (C:\\Users\\kusha\\OneDrive\\Desktop\\WebDevelopment\\PROJECTs\\NeuralShop\\backend\\node_modules\\raw-body\\index.js:238:16)\n    at done (C:\\Users\\kusha\\OneDrive\\Desktop\\WebDevelopment\\PROJECTs\\NeuralShop\\backend\\node_modules\\raw-body\\index.js:227:7)\n    at IncomingMessage.onEnd (C:\\Users\\kusha\\OneDrive\\Desktop\\WebDevelopment\\PROJECTs\\NeuralShop\\backend\\node_modules\\raw-body\\index.js:287:7)\n    at IncomingMessage.emit (node:events:508:28)\n    at endReadableNT (node:internal/streams/readable:1701:12)\n    at process.processTicksAndRejections (node:internal/process/task_queues:89:21)","statusCode":400,"timestamp":"2026-04-03 17:13:22.399"}
{"errors":[{"location":"body","msg":"Name is required","path":"name","type":"field","value":""},{"location":"body","msg":"Name must be at least 2 characters","path":"name","type":"field","value":""}],"level":"warn","message":"Validation error","method":"POST","path":"/registration","service":"neural-shop-backend","timestamp":"2026-04-03 17:13:25.866"}
{"category":"http","ip":"::1","level":"info","message":"→ POST /registration [400]","service":"neural-shop-backend","timestamp":"2026-04-03 17:13:25.870","userAgent":"PostmanRuntime/7.53.0"}
{"level":"info","message":"Database URL mongodb://admin:admin@localhost:27017/neural_shop?authSource=admin","service":"neural-shop-backend","timestamp":"2026-04-03 17:13:39.916"}
{"environment":"development","level":"info","message":"🚀 Server is running on port 8000","port":8000,"service":"neural-shop-backend","timestamp":"2026-04-03 17:13:40.044"}
{"category":"database","level":"info","message":"🗄️  MongoDB connected","service":"neural-shop-backend","timestamp":"2026-04-03 17:13:40.045"}
{"level":"info","message":"✅ Redis Connected","service":"neural-shop-backend","timestamp":"2026-04-03 17:13:40.068"}
{"level":"info","message":"🚀 Redis Ready","service":"neural-shop-backend","timestamp":"2026-04-03 17:13:40.114"}
{"level":"info","message":"🚀 Redis connected","service":"neural-shop-backend","timestamp":"2026-04-03 17:13:40.118"}
{"category":"database","host":"localhost:27017","level":"info","message":"🗄️  Connected successfully","service":"neural-shop-backend","timestamp":"2026-04-03 17:13:40.150"}
{"level":"info","message":"🚀 Kafka producer connected","service":"neural-shop-backend","timestamp":"2026-04-03 17:13:40.161"}
{"level":"info","message":"Database URL mongodb://admin:admin@localhost:27017/neural_shop?authSource=admin","service":"neural-shop-backend","timestamp":"2026-04-03 17:13:45.859"}
{"environment":"development","level":"info","message":"🚀 Server is running on port 8000","port":8000,"service":"neural-shop-backend","timestamp":"2026-04-03 17:13:45.988"}
{"category":"database","level":"info","message":"🗄️  MongoDB connected","service":"neural-shop-backend","timestamp":"2026-04-03 17:13:45.989"}
{"level":"info","message":"✅ Redis Connected","service":"neural-shop-backend","timestamp":"2026-04-03 17:13:46.012"}
{"level":"info","message":"🚀 Redis Ready","service":"neural-shop-backend","timestamp":"2026-04-03 17:13:46.065"}
{"level":"info","message":"🚀 Redis connected","service":"neural-shop-backend","timestamp":"2026-04-03 17:13:46.067"}
{"category":"database","host":"localhost:27017","level":"info","message":"🗄️  Connected successfully","service":"neural-shop-backend","timestamp":"2026-04-03 17:13:46.075"}
{"level":"info","message":"🚀 Kafka producer connected","service":"neural-shop-backend","timestamp":"2026-04-03 17:13:46.104"}
{"category":"http","ip":"::1","level":"info","message":"→ POST /adminlogin [400]","service":"neural-shop-backend","timestamp":"2026-04-03 17:13:52.390","userAgent":"PostmanRuntime/7.53.0"}
{"level":"info","message":"Database URL mongodb://admin:admin@localhost:27017/neural_shop?authSource=admin","service":"neural-shop-backend","timestamp":"2026-04-03 17:13:55.025"}
{"environment":"development","level":"info","message":"🚀 Server is running on port 8000","port":8000,"service":"neural-shop-backend","timestamp":"2026-04-03 17:13:55.147"}
{"category":"database","level":"info","message":"🗄️  MongoDB connected","service":"neural-shop-backend","timestamp":"2026-04-03 17:13:55.148"}
{"level":"info","message":"✅ Redis Connected","service":"neural-shop-backend","timestamp":"2026-04-03 17:13:55.170"}
{"level":"info","message":"🚀 Redis Ready","service":"neural-shop-backend","timestamp":"2026-04-03 17:13:55.212"}
{"level":"info","message":"🚀 Redis connected","service":"neural-shop-backend","timestamp":"2026-04-03 17:13:55.213"}
{"category":"database","host":"localhost:27017","level":"info","message":"🗄️  Connected successfully","service":"neural-shop-backend","timestamp":"2026-04-03 17:13:55.220"}
{"level":"info","message":"🚀 Kafka producer connected","service":"neural-shop-backend","timestamp":"2026-04-03 17:13:55.243"}
{"level":"info","message":"Database URL mongodb://admin:admin@localhost:27017/neural_shop?authSource=admin","service":"neural-shop-backend","timestamp":"2026-04-03 17:13:58.959"}
{"environment":"development","level":"info","message":"🚀 Server is running on port 8000","port":8000,"service":"neural-shop-backend","timestamp":"2026-04-03 17:13:59.083"}
{"category":"database","level":"info","message":"🗄️  MongoDB connected","service":"neural-shop-backend","timestamp":"2026-04-03 17:13:59.085"}
{"level":"info","message":"✅ Redis Connected","service":"neural-shop-backend","timestamp":"2026-04-03 17:13:59.120"}
{"level":"info","message":"🚀 Redis Ready","service":"neural-shop-backend","timestamp":"2026-04-03 17:13:59.155"}
{"level":"info","message":"🚀 Redis connected","service":"neural-shop-backend","timestamp":"2026-04-03 17:13:59.157"}
{"category":"database","host":"localhost:27017","level":"info","message":"🗄️  Connected successfully","service":"neural-shop-backend","timestamp":"2026-04-03 17:13:59.186"}
{"level":"info","message":"🚀 Kafka producer connected","service":"neural-shop-backend","timestamp":"2026-04-03 17:13:59.196"}
{"level":"info","message":"Database URL mongodb://admin:admin@localhost:27017/neural_shop?authSource=admin","service":"neural-shop-backend","timestamp":"2026-04-03 17:14:00.942"}
{"environment":"development","level":"info","message":"🚀 Server is running on port 8000","port":8000,"service":"neural-shop-backend","timestamp":"2026-04-03 17:14:01.089"}
{"category":"database","level":"info","message":"🗄️  MongoDB connected","service":"neural-shop-backend","timestamp":"2026-04-03 17:14:01.090"}
{"level":"info","message":"✅ Redis Connected","service":"neural-shop-backend","timestamp":"2026-04-03 17:14:01.116"}
{"level":"info","message":"🚀 Redis Ready","service":"neural-shop-backend","timestamp":"2026-04-03 17:14:01.182"}
{"level":"info","message":"🚀 Redis connected","service":"neural-shop-backend","timestamp":"2026-04-03 17:14:01.185"}
{"category":"database","host":"localhost:27017","level":"info","message":"🗄️  Connected successfully","service":"neural-shop-backend","timestamp":"2026-04-03 17:14:01.194"}
{"level":"info","message":"🚀 Kafka producer connected","service":"neural-shop-backend","timestamp":"2026-04-03 17:14:01.237"}
{"level":"info","message":"Database URL mongodb://admin:admin@localhost:27017/neural_shop?authSource=admin","service":"neural-shop-backend","timestamp":"2026-04-03 17:14:30.967"}
{"environment":"development","level":"info","message":"🚀 Server is running on port 8000","port":8000,"service":"neural-shop-backend","timestamp":"2026-04-03 17:14:31.093"}
{"category":"database","level":"info","message":"🗄️  MongoDB connected","service":"neural-shop-backend","timestamp":"2026-04-03 17:14:31.094"}
{"level":"info","message":"✅ Redis Connected","service":"neural-shop-backend","timestamp":"2026-04-03 17:14:31.114"}
{"level":"info","message":"🚀 Redis Ready","service":"neural-shop-backend","timestamp":"2026-04-03 17:14:31.151"}
{"level":"info","message":"🚀 Redis connected","service":"neural-shop-backend","timestamp":"2026-04-03 17:14:31.166"}
{"category":"database","host":"localhost:27017","level":"info","message":"🗄️  Connected successfully","service":"neural-shop-backend","timestamp":"2026-04-03 17:14:31.175"}
{"level":"info","message":"🚀 Kafka producer connected","service":"neural-shop-backend","timestamp":"2026-04-03 17:14:31.203"}
{"level":"info","message":"Database URL mongodb://admin:admin@localhost:27017/neural_shop?authSource=admin","service":"neural-shop-backend","timestamp":"2026-04-03 17:14:37.214"}
{"environment":"development","level":"info","message":"🚀 Server is running on port 8000","port":8000,"service":"neural-shop-backend","timestamp":"2026-04-03 17:14:37.343"}
{"category":"database","level":"info","message":"🗄️  MongoDB connected","service":"neural-shop-backend","timestamp":"2026-04-03 17:14:37.344"}
{"level":"info","message":"✅ Redis Connected","service":"neural-shop-backend","timestamp":"2026-04-03 17:14:37.366"}
{"level":"info","message":"🚀 Redis Ready","service":"neural-shop-backend","timestamp":"2026-04-03 17:14:37.397"}
{"level":"info","message":"🚀 Redis connected","service":"neural-shop-backend","timestamp":"2026-04-03 17:14:37.399"}
{"category":"database","host":"localhost:27017","level":"info","message":"🗄️  Connected successfully","service":"neural-shop-backend","timestamp":"2026-04-03 17:14:37.422"}
{"level":"info","message":"🚀 Kafka producer connected","service":"neural-shop-backend","timestamp":"2026-04-03 17:14:37.432"}
{"category":"http","ip":"::1","level":"info","message":"→ POST /adminlogin [200]","service":"neural-shop-backend","timestamp":"2026-04-03 17:14:40.720","userAgent":"PostmanRuntime/7.53.0"}
{"level":"info","message":"Database URL mongodb://admin:admin@localhost:27017/neural_shop?authSource=admin","service":"neural-shop-backend","timestamp":"2026-04-03 17:14:56.269"}
{"environment":"development","level":"info","message":"🚀 Server is running on port 8000","port":8000,"service":"neural-shop-backend","timestamp":"2026-04-03 17:14:56.413"}
{"category":"database","level":"info","message":"🗄️  MongoDB connected","service":"neural-shop-backend","timestamp":"2026-04-03 17:14:56.414"}
{"level":"info","message":"✅ Redis Connected","service":"neural-shop-backend","timestamp":"2026-04-03 17:14:56.434"}
{"level":"info","message":"🚀 Redis Ready","service":"neural-shop-backend","timestamp":"2026-04-03 17:14:56.472"}
{"level":"info","message":"🚀 Redis connected","service":"neural-shop-backend","timestamp":"2026-04-03 17:14:56.473"}
{"category":"database","host":"localhost:27017","level":"info","message":"🗄️  Connected successfully","service":"neural-shop-backend","timestamp":"2026-04-03 17:14:56.498"}
{"level":"info","message":"🚀 Kafka producer connected","service":"neural-shop-backend","timestamp":"2026-04-03 17:14:56.508"}
{"level":"info","message":"🚀 Kafka consumers started","service":"neural-shop-backend","timestamp":"2026-04-03 17:14:58.557"}
{"level":"info","message":"Database URL mongodb://admin:admin@localhost:27017/neural_shop?authSource=admin","service":"neural-shop-backend","timestamp":"2026-04-03 17:15:00.178"}
{"environment":"development","level":"info","message":"🚀 Server is running on port 8000","port":8000,"service":"neural-shop-backend","timestamp":"2026-04-03 17:15:00.296"}
{"category":"database","level":"info","message":"🗄️  MongoDB connected","service":"neural-shop-backend","timestamp":"2026-04-03 17:15:00.297"}
{"level":"info","message":"✅ Redis Connected","service":"neural-shop-backend","timestamp":"2026-04-03 17:15:00.322"}
{"level":"info","message":"🚀 Redis Ready","service":"neural-shop-backend","timestamp":"2026-04-03 17:15:00.366"}
{"level":"info","message":"🚀 Redis connected","service":"neural-shop-backend","timestamp":"2026-04-03 17:15:00.368"}
{"category":"database","host":"localhost:27017","level":"info","message":"🗄️  Connected successfully","service":"neural-shop-backend","timestamp":"2026-04-03 17:15:00.375"}
{"level":"info","message":"🚀 Kafka producer connected","service":"neural-shop-backend","timestamp":"2026-04-03 17:15:00.400"}
{"level":"info","message":"Database URL mongodb://admin:admin@localhost:27017/neural_shop?authSource=admin","service":"neural-shop-backend","timestamp":"2026-04-03 17:15:06.463"}
{"environment":"development","level":"info","message":"🚀 Server is running on port 8000","port":8000,"service":"neural-shop-backend","timestamp":"2026-04-03 17:15:06.569"}
{"category":"database","level":"info","message":"🗄️  MongoDB connected","service":"neural-shop-backend","timestamp":"2026-04-03 17:15:06.570"}
{"level":"info","message":"✅ Redis Connected","service":"neural-shop-backend","timestamp":"2026-04-03 17:15:06.586"}
{"level":"info","message":"🚀 Redis Ready","service":"neural-shop-backend","timestamp":"2026-04-03 17:15:06.618"}
{"level":"info","message":"🚀 Redis connected","service":"neural-shop-backend","timestamp":"2026-04-03 17:15:06.630"}
{"category":"database","host":"localhost:27017","level":"info","message":"🗄️  Connected successfully","service":"neural-shop-backend","timestamp":"2026-04-03 17:15:06.639"}
{"level":"info","message":"🚀 Kafka producer connected","service":"neural-shop-backend","timestamp":"2026-04-03 17:15:06.667"}
{"level":"info","message":"Database URL mongodb://admin:admin@localhost:27017/neural_shop?authSource=admin","service":"neural-shop-backend","timestamp":"2026-04-03 17:15:47.970"}
{"environment":"development","level":"info","message":"🚀 Server is running on port 8000","port":8000,"service":"neural-shop-backend","timestamp":"2026-04-03 17:15:48.112"}
{"category":"database","level":"info","message":"🗄️  MongoDB connected","service":"neural-shop-backend","timestamp":"2026-04-03 17:15:48.115"}
{"level":"info","message":"✅ Redis Connected","service":"neural-shop-backend","timestamp":"2026-04-03 17:15:48.135"}
{"level":"info","message":"🚀 Redis Ready","service":"neural-shop-backend","timestamp":"2026-04-03 17:15:48.184"}
{"level":"info","message":"🚀 Redis connected","service":"neural-shop-backend","timestamp":"2026-04-03 17:15:48.186"}
{"category":"database","host":"localhost:27017","level":"info","message":"🗄️  Connected successfully","service":"neural-shop-backend","timestamp":"2026-04-03 17:15:48.196"}
{"level":"info","message":"🚀 Kafka producer connected","service":"neural-shop-backend","timestamp":"2026-04-03 17:15:48.233"}
{"level":"info","message":"🚀 Kafka consumers started","service":"neural-shop-backend","timestamp":"2026-04-03 17:16:15.586"}
{"level":"info","message":"Database URL mongodb://admin:admin@localhost:27017/neural_shop?authSource=admin","service":"neural-shop-backend","timestamp":"2026-04-03 17:16:19.173"}
{"environment":"development","level":"info","message":"🚀 Server is running on port 8000","port":8000,"service":"neural-shop-backend","timestamp":"2026-04-03 17:16:19.303"}
{"category":"database","level":"info","message":"🗄️  MongoDB connected","service":"neural-shop-backend","timestamp":"2026-04-03 17:16:19.305"}
{"level":"info","message":"✅ Redis Connected","service":"neural-shop-backend","timestamp":"2026-04-03 17:16:19.328"}
{"level":"info","message":"🚀 Redis Ready","service":"neural-shop-backend","timestamp":"2026-04-03 17:16:19.363"}
{"level":"info","message":"🚀 Redis connected","service":"neural-shop-backend","timestamp":"2026-04-03 17:16:19.364"}
{"category":"database","host":"localhost:27017","level":"info","message":"🗄️  Connected successfully","service":"neural-shop-backend","timestamp":"2026-04-03 17:16:19.389"}
{"level":"info","message":"🚀 Kafka producer connected","service":"neural-shop-backend","timestamp":"2026-04-03 17:16:19.399"}
{"level":"info","message":"🚀 Kafka consumers started","service":"neural-shop-backend","timestamp":"2026-04-03 17:16:42.890"}
{"level":"info","message":"Database URL mongodb://admin:admin@localhost:27017/neural_shop?authSource=admin","service":"neural-shop-backend","timestamp":"2026-04-03 17:17:55.978"}
{"environment":"development","level":"info","message":"🚀 Server is running on port 8000","port":8000,"service":"neural-shop-backend","timestamp":"2026-04-03 17:17:56.103"}
{"category":"database","level":"info","message":"🗄️  MongoDB connected","service":"neural-shop-backend","timestamp":"2026-04-03 17:17:56.104"}
{"level":"info","message":"✅ Redis Connected","service":"neural-shop-backend","timestamp":"2026-04-03 17:17:56.124"}
{"level":"info","message":"🚀 Redis Ready","service":"neural-shop-backend","timestamp":"2026-04-03 17:17:56.160"}
{"level":"info","message":"🚀 Redis connected","service":"neural-shop-backend","timestamp":"2026-04-03 17:17:56.161"}
{"category":"database","host":"localhost:27017","level":"info","message":"🗄️  Connected successfully","service":"neural-shop-backend","timestamp":"2026-04-03 17:17:56.185"}
{"level":"info","message":"🚀 Kafka producer connected","service":"neural-shop-backend","timestamp":"2026-04-03 17:17:56.193"}
{"level":"info","message":"Database URL mongodb://admin:admin@localhost:27017/neural_shop?authSource=admin","service":"neural-shop-backend","timestamp":"2026-04-03 17:18:03.497"}
{"environment":"development","level":"info","message":"🚀 Server is running on port 8000","port":8000,"service":"neural-shop-backend","timestamp":"2026-04-03 17:18:03.639"}
{"category":"database","level":"info","message":"🗄️  MongoDB connected","service":"neural-shop-backend","timestamp":"2026-04-03 17:18:03.640"}
{"level":"info","message":"✅ Redis Connected","service":"neural-shop-backend","timestamp":"2026-04-03 17:18:03.657"}
{"level":"info","message":"🚀 Redis Ready","service":"neural-shop-backend","timestamp":"2026-04-03 17:18:03.691"}
{"level":"info","message":"🚀 Redis connected","service":"neural-shop-backend","timestamp":"2026-04-03 17:18:03.694"}
{"category":"database","host":"localhost:27017","level":"info","message":"🗄️  Connected successfully","service":"neural-shop-backend","timestamp":"2026-04-03 17:18:03.727"}
{"level":"info","message":"🚀 Kafka producer connected","service":"neural-shop-backend","timestamp":"2026-04-03 17:18:03.743"}
{"level":"info","message":"Database URL mongodb://admin:admin@localhost:27017/neural_shop?authSource=admin","service":"neural-shop-backend","timestamp":"2026-04-03 17:18:19.384"}
{"environment":"development","level":"info","message":"🚀 Server is running on port 8000","port":8000,"service":"neural-shop-backend","timestamp":"2026-04-03 17:18:19.531"}
{"category":"database","level":"info","message":"🗄️  MongoDB connected","service":"neural-shop-backend","timestamp":"2026-04-03 17:18:19.531"}
{"level":"info","message":"✅ Redis Connected","service":"neural-shop-backend","timestamp":"2026-04-03 17:18:19.549"}
{"level":"info","message":"🚀 Redis Ready","service":"neural-shop-backend","timestamp":"2026-04-03 17:18:19.584"}
{"level":"info","message":"🚀 Redis connected","service":"neural-shop-backend","timestamp":"2026-04-03 17:18:19.596"}
{"category":"database","host":"localhost:27017","level":"info","message":"🗄️  Connected successfully","service":"neural-shop-backend","timestamp":"2026-04-03 17:18:19.604"}
{"level":"info","message":"🚀 Kafka producer connected","service":"neural-shop-backend","timestamp":"2026-04-03 17:18:19.631"}
{"level":"info","message":"Database URL mongodb://admin:admin@localhost:27017/neural_shop?authSource=admin","service":"neural-shop-backend","timestamp":"2026-04-03 17:18:21.714"}
{"environment":"development","level":"info","message":"🚀 Server is running on port 8000","port":8000,"service":"neural-shop-backend","timestamp":"2026-04-03 17:18:21.838"}
{"category":"database","level":"info","message":"🗄️  MongoDB connected","service":"neural-shop-backend","timestamp":"2026-04-03 17:18:21.839"}
{"level":"info","message":"✅ Redis Connected","service":"neural-shop-backend","timestamp":"2026-04-03 17:18:21.859"}
{"level":"info","message":"🚀 Redis Ready","service":"neural-shop-backend","timestamp":"2026-04-03 17:18:21.907"}
{"level":"info","message":"🚀 Redis connected","service":"neural-shop-backend","timestamp":"2026-04-03 17:18:21.909"}
{"category":"database","host":"localhost:27017","level":"info","message":"🗄️  Connected successfully","service":"neural-shop-backend","timestamp":"2026-04-03 17:18:21.916"}
{"level":"info","message":"🚀 Kafka producer connected","service":"neural-shop-backend","timestamp":"2026-04-03 17:18:21.940"}
{"level":"info","message":"🚀 Kafka consumers started","service":"neural-shop-backend","timestamp":"2026-04-03 17:18:45.831"}
{"level":"info","message":"Database URL mongodb://admin:admin@localhost:27017/neural_shop?authSource=admin","service":"neural-shop-backend","timestamp":"2026-04-03 17:18:52.808"}
{"environment":"development","level":"info","message":"🚀 Server is running on port 8000","port":8000,"service":"neural-shop-backend","timestamp":"2026-04-03 17:18:52.931"}
{"category":"database","level":"info","message":"🗄️  MongoDB connected","service":"neural-shop-backend","timestamp":"2026-04-03 17:18:52.932"}
{"level":"info","message":"✅ Redis Connected","service":"neural-shop-backend","timestamp":"2026-04-03 17:18:52.955"}
{"level":"info","message":"🚀 Redis Ready","service":"neural-shop-backend","timestamp":"2026-04-03 17:18:52.990"}
{"level":"info","message":"🚀 Redis connected","service":"neural-shop-backend","timestamp":"2026-04-03 17:18:52.992"}
{"category":"database","host":"localhost:27017","level":"info","message":"🗄️  Connected successfully","service":"neural-shop-backend","timestamp":"2026-04-03 17:18:53.020"}
{"level":"info","message":"🚀 Kafka producer connected","service":"neural-shop-backend","timestamp":"2026-04-03 17:18:53.045"}
{"level":"info","message":"Database URL mongodb://admin:admin@localhost:27017/neural_shop?authSource=admin","service":"neural-shop-backend","timestamp":"2026-04-03 17:19:00.584"}
{"environment":"development","level":"info","message":"🚀 Server is running on port 8000","port":8000,"service":"neural-shop-backend","timestamp":"2026-04-03 17:19:00.717"}
{"category":"database","level":"info","message":"🗄️  MongoDB connected","service":"neural-shop-backend","timestamp":"2026-04-03 17:19:00.718"}
{"level":"info","message":"✅ Redis Connected","service":"neural-shop-backend","timestamp":"2026-04-03 17:19:00.741"}
{"level":"info","message":"🚀 Redis Ready","service":"neural-shop-backend","timestamp":"2026-04-03 17:19:00.804"}
{"level":"info","message":"🚀 Redis connected","service":"neural-shop-backend","timestamp":"2026-04-03 17:19:00.806"}
{"category":"database","host":"localhost:27017","level":"info","message":"🗄️  Connected successfully","service":"neural-shop-backend","timestamp":"2026-04-03 17:19:00.815"}
{"level":"info","message":"🚀 Kafka producer connected","service":"neural-shop-backend","timestamp":"2026-04-03 17:19:00.856"}
{"level":"info","message":"Database URL mongodb://admin:admin@localhost:27017/neural_shop?authSource=admin","service":"neural-shop-backend","timestamp":"2026-04-03 17:19:22.665"}
{"environment":"development","level":"info","message":"🚀 Server is running on port 8000","port":8000,"service":"neural-shop-backend","timestamp":"2026-04-03 17:19:22.804"}
{"category":"database","level":"info","message":"🗄️  MongoDB connected","service":"neural-shop-backend","timestamp":"2026-04-03 17:19:22.805"}
{"level":"info","message":"✅ Redis Connected","service":"neural-shop-backend","timestamp":"2026-04-03 17:19:22.823"}
{"level":"info","message":"🚀 Redis Ready","service":"neural-shop-backend","timestamp":"2026-04-03 17:19:22.853"}
{"level":"info","message":"🚀 Redis connected","service":"neural-shop-backend","timestamp":"2026-04-03 17:19:22.855"}
{"category":"database","host":"localhost:27017","level":"info","message":"🗄️  Connected successfully","service":"neural-shop-backend","timestamp":"2026-04-03 17:19:22.880"}
{"level":"info","message":"🚀 Kafka producer connected","service":"neural-shop-backend","timestamp":"2026-04-03 17:19:22.890"}
{"level":"info","message":"Database URL mongodb://admin:admin@localhost:27017/neural_shop?authSource=admin","service":"neural-shop-backend","timestamp":"2026-04-03 17:19:24.635"}
{"environment":"development","level":"info","message":"🚀 Server is running on port 8000","port":8000,"service":"neural-shop-backend","timestamp":"2026-04-03 17:19:24.745"}
{"category":"database","level":"info","message":"🗄️  MongoDB connected","service":"neural-shop-backend","timestamp":"2026-04-03 17:19:24.746"}
{"level":"info","message":"✅ Redis Connected","service":"neural-shop-backend","timestamp":"2026-04-03 17:19:24.774"}
{"level":"info","message":"🚀 Redis Ready","service":"neural-shop-backend","timestamp":"2026-04-03 17:19:24.805"}
{"level":"info","message":"🚀 Redis connected","service":"neural-shop-backend","timestamp":"2026-04-03 17:19:24.806"}
{"category":"database","host":"localhost:27017","level":"info","message":"🗄️  Connected successfully","service":"neural-shop-backend","timestamp":"2026-04-03 17:19:24.834"}
{"level":"info","message":"🚀 Kafka producer connected","service":"neural-shop-backend","timestamp":"2026-04-03 17:19:24.843"}
{"level":"info","message":"Database URL mongodb://admin:admin@localhost:27017/neural_shop?authSource=admin","service":"neural-shop-backend","timestamp":"2026-04-03 17:19:26.902"}
{"environment":"development","level":"info","message":"🚀 Server is running on port 8000","port":8000,"service":"neural-shop-backend","timestamp":"2026-04-03 17:19:27.019"}
{"category":"database","level":"info","message":"🗄️  MongoDB connected","service":"neural-shop-backend","timestamp":"2026-04-03 17:19:27.020"}
{"level":"info","message":"✅ Redis Connected","service":"neural-shop-backend","timestamp":"2026-04-03 17:19:27.041"}
{"level":"info","message":"🚀 Redis Ready","service":"neural-shop-backend","timestamp":"2026-04-03 17:19:27.072"}
{"level":"info","message":"🚀 Redis connected","service":"neural-shop-backend","timestamp":"2026-04-03 17:19:27.075"}
{"category":"database","host":"localhost:27017","level":"info","message":"🗄️  Connected successfully","service":"neural-shop-backend","timestamp":"2026-04-03 17:19:27.102"}
{"level":"info","message":"🚀 Kafka producer connected","service":"neural-shop-backend","timestamp":"2026-04-03 17:19:27.112"}
{"level":"info","message":"Database URL mongodb://admin:admin@localhost:27017/neural_shop?authSource=admin","service":"neural-shop-backend","timestamp":"2026-04-03 17:19:29.406"}
{"environment":"development","level":"info","message":"🚀 Server is running on port 8000","port":8000,"service":"neural-shop-backend","timestamp":"2026-04-03 17:19:29.523"}
{"category":"database","level":"info","message":"🗄️  MongoDB connected","service":"neural-shop-backend","timestamp":"2026-04-03 17:19:29.524"}
{"level":"info","message":"✅ Redis Connected","service":"neural-shop-backend","timestamp":"2026-04-03 17:19:29.544"}
{"level":"info","message":"🚀 Redis Ready","service":"neural-shop-backend","timestamp":"2026-04-03 17:19:29.578"}
{"level":"info","message":"🚀 Redis connected","service":"neural-shop-backend","timestamp":"2026-04-03 17:19:29.579"}
{"category":"database","host":"localhost:27017","level":"info","message":"🗄️  Connected successfully","service":"neural-shop-backend","timestamp":"2026-04-03 17:19:29.614"}
{"level":"info","message":"Database URL mongodb://admin:admin@localhost:27017/neural_shop?authSource=admin","service":"neural-shop-backend","timestamp":"2026-04-03 17:19:31.007"}
{"environment":"development","level":"info","message":"🚀 Server is running on port 8000","port":8000,"service":"neural-shop-backend","timestamp":"2026-04-03 17:19:31.116"}
{"category":"database","level":"info","message":"🗄️  MongoDB connected","service":"neural-shop-backend","timestamp":"2026-04-03 17:19:31.117"}
{"level":"info","message":"✅ Redis Connected","service":"neural-shop-backend","timestamp":"2026-04-03 17:19:31.141"}
{"level":"info","message":"🚀 Redis Ready","service":"neural-shop-backend","timestamp":"2026-04-03 17:19:31.176"}
{"level":"info","message":"🚀 Redis connected","service":"neural-shop-backend","timestamp":"2026-04-03 17:19:31.177"}
{"category":"database","host":"localhost:27017","level":"info","message":"🗄️  Connected successfully","service":"neural-shop-backend","timestamp":"2026-04-03 17:19:31.198"}
{"level":"info","message":"🚀 Kafka producer connected","service":"neural-shop-backend","timestamp":"2026-04-03 17:19:31.229"}
{"level":"info","message":"Database URL mongodb://admin:admin@localhost:27017/neural_shop?authSource=admin","service":"neural-shop-backend","timestamp":"2026-04-03 17:19:39.954"}
{"environment":"development","level":"info","message":"🚀 Server is running on port 8000","port":8000,"service":"neural-shop-backend","timestamp":"2026-04-03 17:19:40.072"}
{"category":"database","level":"info","message":"🗄️  MongoDB connected","service":"neural-shop-backend","timestamp":"2026-04-03 17:19:40.074"}
{"level":"info","message":"✅ Redis Connected","service":"neural-shop-backend","timestamp":"2026-04-03 17:19:40.117"}
{"level":"info","message":"🚀 Redis Ready","service":"neural-shop-backend","timestamp":"2026-04-03 17:19:40.196"}
{"level":"info","message":"🚀 Redis connected","service":"neural-shop-backend","timestamp":"2026-04-03 17:19:40.199"}
{"category":"database","host":"localhost:27017","level":"info","message":"🗄️  Connected successfully","service":"neural-shop-backend","timestamp":"2026-04-03 17:19:40.241"}
{"level":"info","message":"🚀 Kafka producer connected","service":"neural-shop-backend","timestamp":"2026-04-03 17:19:40.270"}
{"level":"info","message":"Database URL mongodb://admin:admin@localhost:27017/neural_shop?authSource=admin","service":"neural-shop-backend","timestamp":"2026-04-03 17:19:41.870"}
{"environment":"development","level":"info","message":"🚀 Server is running on port 8000","port":8000,"service":"neural-shop-backend","timestamp":"2026-04-03 17:19:42.005"}
{"category":"database","level":"info","message":"🗄️  MongoDB connected","service":"neural-shop-backend","timestamp":"2026-04-03 17:19:42.006"}
{"level":"info","message":"✅ Redis Connected","service":"neural-shop-backend","timestamp":"2026-04-03 17:19:42.032"}
{"level":"info","message":"🚀 Redis Ready","service":"neural-shop-backend","timestamp":"2026-04-03 17:19:42.066"}
{"level":"info","message":"🚀 Redis connected","service":"neural-shop-backend","timestamp":"2026-04-03 17:19:42.067"}
{"category":"database","host":"localhost:27017","level":"info","message":"🗄️  Connected successfully","service":"neural-shop-backend","timestamp":"2026-04-03 17:19:42.095"}
{"level":"info","message":"🚀 Kafka producer connected","service":"neural-shop-backend","timestamp":"2026-04-03 17:19:42.105"}
{"level":"info","message":"Database URL mongodb://admin:admin@localhost:27017/neural_shop?authSource=admin","service":"neural-shop-backend","timestamp":"2026-04-03 17:19:50.645"}
{"environment":"development","level":"info","message":"🚀 Server is running on port 8000","port":8000,"service":"neural-shop-backend","timestamp":"2026-04-03 17:19:50.754"}
{"category":"database","level":"info","message":"🗄️  MongoDB connected","service":"neural-shop-backend","timestamp":"2026-04-03 17:19:50.755"}
{"level":"info","message":"✅ Redis Connected","service":"neural-shop-backend","timestamp":"2026-04-03 17:19:50.778"}
{"level":"info","message":"🚀 Redis Ready","service":"neural-shop-backend","timestamp":"2026-04-03 17:19:50.820"}
{"level":"info","message":"🚀 Redis connected","service":"neural-shop-backend","timestamp":"2026-04-03 17:19:50.831"}
{"category":"database","host":"localhost:27017","level":"info","message":"🗄️  Connected successfully","service":"neural-shop-backend","timestamp":"2026-04-03 17:19:50.838"}
{"level":"info","message":"🚀 Kafka producer connected","service":"neural-shop-backend","timestamp":"2026-04-03 17:19:50.864"}
{"level":"info","message":"Database URL mongodb://admin:admin@localhost:27017/neural_shop?authSource=admin","service":"neural-shop-backend","timestamp":"2026-04-03 17:19:54.323"}
{"environment":"development","level":"info","message":"🚀 Server is running on port 8000","port":8000,"service":"neural-shop-backend","timestamp":"2026-04-03 17:19:54.444"}
{"category":"database","level":"info","message":"🗄️  MongoDB connected","service":"neural-shop-backend","timestamp":"2026-04-03 17:19:54.445"}
{"level":"info","message":"✅ Redis Connected","service":"neural-shop-backend","timestamp":"2026-04-03 17:19:54.466"}
{"level":"info","message":"🚀 Redis Ready","service":"neural-shop-backend","timestamp":"2026-04-03 17:19:54.500"}
{"level":"info","message":"🚀 Redis connected","service":"neural-shop-backend","timestamp":"2026-04-03 17:19:54.501"}
{"category":"database","host":"localhost:27017","level":"info","message":"🗄️  Connected successfully","service":"neural-shop-backend","timestamp":"2026-04-03 17:19:54.530"}
{"level":"info","message":"🚀 Kafka producer connected","service":"neural-shop-backend","timestamp":"2026-04-03 17:19:54.540"}
{"level":"info","message":"Database URL mongodb://admin:admin@localhost:27017/neural_shop?authSource=admin","service":"neural-shop-backend","timestamp":"2026-04-03 17:20:05.271"}
{"environment":"development","level":"info","message":"🚀 Server is running on port 8000","port":8000,"service":"neural-shop-backend","timestamp":"2026-04-03 17:20:05.391"}
{"category":"database","level":"info","message":"🗄️  MongoDB connected","service":"neural-shop-backend","timestamp":"2026-04-03 17:20:05.392"}
{"level":"info","message":"✅ Redis Connected","service":"neural-shop-backend","timestamp":"2026-04-03 17:20:05.414"}
{"level":"info","message":"🚀 Redis Ready","service":"neural-shop-backend","timestamp":"2026-04-03 17:20:05.458"}
{"level":"info","message":"🚀 Redis connected","service":"neural-shop-backend","timestamp":"2026-04-03 17:20:05.460"}
{"category":"database","host":"localhost:27017","level":"info","message":"🗄️  Connected successfully","service":"neural-shop-backend","timestamp":"2026-04-03 17:20:05.466"}
{"level":"info","message":"🚀 Kafka producer connected","service":"neural-shop-backend","timestamp":"2026-04-03 17:20:05.491"}
{"category":"http","ip":"::1","level":"info","message":"→ POST /request-password-reset [400]","service":"neural-shop-backend","timestamp":"2026-04-03 17:20:10.690","userAgent":"PostmanRuntime/7.53.0"}
{"level":"info","message":"Database URL mongodb://admin:admin@localhost:27017/neural_shop?authSource=admin","service":"neural-shop-backend","timestamp":"2026-04-03 17:20:30.129"}
{"environment":"development","level":"info","message":"🚀 Server is running on port 8000","port":8000,"service":"neural-shop-backend","timestamp":"2026-04-03 17:20:30.251"}
{"category":"database","level":"info","message":"🗄️  MongoDB connected","service":"neural-shop-backend","timestamp":"2026-04-03 17:20:30.254"}
{"level":"info","message":"✅ Redis Connected","service":"neural-shop-backend","timestamp":"2026-04-03 17:20:30.283"}
{"level":"info","message":"🚀 Redis Ready","service":"neural-shop-backend","timestamp":"2026-04-03 17:20:30.332"}
{"level":"info","message":"🚀 Redis connected","service":"neural-shop-backend","timestamp":"2026-04-03 17:20:30.334"}
{"category":"database","host":"localhost:27017","level":"info","message":"🗄️  Connected successfully","service":"neural-shop-backend","timestamp":"2026-04-03 17:20:30.342"}
{"level":"info","message":"🚀 Kafka producer connected","service":"neural-shop-backend","timestamp":"2026-04-03 17:20:30.372"}
{"level":"info","message":"Database URL mongodb://admin:admin@localhost:27017/neural_shop?authSource=admin","service":"neural-shop-backend","timestamp":"2026-04-03 17:20:32.452"}
{"environment":"development","level":"info","message":"🚀 Server is running on port 8000","port":8000,"service":"neural-shop-backend","timestamp":"2026-04-03 17:20:32.563"}
{"category":"database","level":"info","message":"🗄️  MongoDB connected","service":"neural-shop-backend","timestamp":"2026-04-03 17:20:32.564"}
{"level":"info","message":"✅ Redis Connected","service":"neural-shop-backend","timestamp":"2026-04-03 17:20:32.579"}
{"level":"info","message":"🚀 Redis Ready","service":"neural-shop-backend","timestamp":"2026-04-03 17:20:32.620"}
{"level":"info","message":"🚀 Redis connected","service":"neural-shop-backend","timestamp":"2026-04-03 17:20:32.622"}
{"category":"database","host":"localhost:27017","level":"info","message":"🗄️  Connected successfully","service":"neural-shop-backend","timestamp":"2026-04-03 17:20:32.628"}
{"level":"info","message":"🚀 Kafka producer connected","service":"neural-shop-backend","timestamp":"2026-04-03 17:20:32.661"}
{"level":"info","message":"🚀 Kafka consumers started","service":"neural-shop-backend","timestamp":"2026-04-03 17:20:57.711"}
{"level":"info","message":"Database URL mongodb://admin:admin@localhost:27017/neural_shop?authSource=admin","service":"neural-shop-backend","timestamp":"2026-04-03 17:21:06.152"}
{"environment":"development","level":"info","message":"🚀 Server is running on port 8000","port":8000,"service":"neural-shop-backend","timestamp":"2026-04-03 17:21:06.264"}
{"category":"database","level":"info","message":"🗄️  MongoDB connected","service":"neural-shop-backend","timestamp":"2026-04-03 17:21:06.265"}
{"level":"info","message":"✅ Redis Connected","service":"neural-shop-backend","timestamp":"2026-04-03 17:21:06.286"}
{"level":"info","message":"🚀 Redis Ready","service":"neural-shop-backend","timestamp":"2026-04-03 17:21:06.330"}
{"level":"info","message":"🚀 Redis connected","service":"neural-shop-backend","timestamp":"2026-04-03 17:21:06.331"}
{"category":"database","host":"localhost:27017","level":"info","message":"🗄️  Connected successfully","service":"neural-shop-backend","timestamp":"2026-04-03 17:21:06.337"}
{"level":"info","message":"🚀 Kafka producer connected","service":"neural-shop-backend","timestamp":"2026-04-03 17:21:06.359"}
{"level":"info","message":"🚀 Kafka consumers started","service":"neural-shop-backend","timestamp":"2026-04-03 17:21:25.002"}
{"level":"info","message":"Database URL mongodb://admin:admin@localhost:27017/neural_shop?authSource=admin","service":"neural-shop-backend","timestamp":"2026-04-03 17:21:38.667"}
{"environment":"development","level":"info","message":"🚀 Server is running on port 8000","port":8000,"service":"neural-shop-backend","timestamp":"2026-04-03 17:21:38.790"}
{"category":"database","level":"info","message":"🗄️  MongoDB connected","service":"neural-shop-backend","timestamp":"2026-04-03 17:21:38.791"}
{"level":"info","message":"✅ Redis Connected","service":"neural-shop-backend","timestamp":"2026-04-03 17:21:38.815"}
{"level":"info","message":"🚀 Redis Ready","service":"neural-shop-backend","timestamp":"2026-04-03 17:21:38.847"}
{"level":"info","message":"🚀 Redis connected","service":"neural-shop-backend","timestamp":"2026-04-03 17:21:38.849"}
{"category":"database","host":"localhost:27017","level":"info","message":"🗄️  Connected successfully","service":"neural-shop-backend","timestamp":"2026-04-03 17:21:38.873"}
{"level":"info","message":"🚀 Kafka producer connected","service":"neural-shop-backend","timestamp":"2026-04-03 17:21:38.882"}
{"level":"info","message":"Database URL mongodb://admin:admin@localhost:27017/neural_shop?authSource=admin","service":"neural-shop-backend","timestamp":"2026-04-03 17:21:41.256"}
{"environment":"development","level":"info","message":"🚀 Server is running on port 8000","port":8000,"service":"neural-shop-backend","timestamp":"2026-04-03 17:21:41.373"}
{"category":"database","level":"info","message":"🗄️  MongoDB connected","service":"neural-shop-backend","timestamp":"2026-04-03 17:21:41.375"}
{"level":"info","message":"✅ Redis Connected","service":"neural-shop-backend","timestamp":"2026-04-03 17:21:41.389"}
{"level":"info","message":"🚀 Redis Ready","service":"neural-shop-backend","timestamp":"2026-04-03 17:21:41.434"}
{"level":"info","message":"🚀 Redis connected","service":"neural-shop-backend","timestamp":"2026-04-03 17:21:41.435"}
{"category":"database","host":"localhost:27017","level":"info","message":"🗄️  Connected successfully","service":"neural-shop-backend","timestamp":"2026-04-03 17:21:41.443"}
{"level":"info","message":"🚀 Kafka producer connected","service":"neural-shop-backend","timestamp":"2026-04-03 17:21:41.470"}
{"level":"info","message":"Database URL mongodb://admin:admin@localhost:27017/neural_shop?authSource=admin","service":"neural-shop-backend","timestamp":"2026-04-03 17:21:48.094"}
{"environment":"development","level":"info","message":"🚀 Server is running on port 8000","port":8000,"service":"neural-shop-backend","timestamp":"2026-04-03 17:21:48.208"}
{"category":"database","level":"info","message":"🗄️  MongoDB connected","service":"neural-shop-backend","timestamp":"2026-04-03 17:21:48.210"}
{"level":"info","message":"✅ Redis Connected","service":"neural-shop-backend","timestamp":"2026-04-03 17:21:48.235"}
{"level":"info","message":"🚀 Redis Ready","service":"neural-shop-backend","timestamp":"2026-04-03 17:21:48.264"}
{"level":"info","message":"🚀 Redis connected","service":"neural-shop-backend","timestamp":"2026-04-03 17:21:48.268"}
{"category":"database","host":"localhost:27017","level":"info","message":"🗄️  Connected successfully","service":"neural-shop-backend","timestamp":"2026-04-03 17:21:48.296"}
{"level":"info","message":"🚀 Kafka producer connected","service":"neural-shop-backend","timestamp":"2026-04-03 17:21:48.309"}
{"level":"info","message":"Database URL mongodb://admin:admin@localhost:27017/neural_shop?authSource=admin","service":"neural-shop-backend","timestamp":"2026-04-03 17:21:52.413"}
{"environment":"development","level":"info","message":"🚀 Server is running on port 8000","port":8000,"service":"neural-shop-backend","timestamp":"2026-04-03 17:21:52.534"}
{"category":"database","level":"info","message":"🗄️  MongoDB connected","service":"neural-shop-backend","timestamp":"2026-04-03 17:21:52.537"}
{"level":"info","message":"✅ Redis Connected","service":"neural-shop-backend","timestamp":"2026-04-03 17:21:52.559"}
{"level":"info","message":"🚀 Redis Ready","service":"neural-shop-backend","timestamp":"2026-04-03 17:21:52.588"}
{"level":"info","message":"🚀 Redis connected","service":"neural-shop-backend","timestamp":"2026-04-03 17:21:52.589"}
{"category":"database","host":"localhost:27017","level":"info","message":"🗄️  Connected successfully","service":"neural-shop-backend","timestamp":"2026-04-03 17:21:52.613"}
{"level":"info","message":"🚀 Kafka producer connected","service":"neural-shop-backend","timestamp":"2026-04-03 17:21:52.621"}
{"level":"info","message":"Database URL mongodb://admin:admin@localhost:27017/neural_shop?authSource=admin","service":"neural-shop-backend","timestamp":"2026-04-03 17:21:56.694"}
{"environment":"development","level":"info","message":"🚀 Server is running on port 8000","port":8000,"service":"neural-shop-backend","timestamp":"2026-04-03 17:21:56.807"}
{"category":"database","level":"info","message":"🗄️  MongoDB connected","service":"neural-shop-backend","timestamp":"2026-04-03 17:21:56.808"}
{"level":"info","message":"✅ Redis Connected","service":"neural-shop-backend","timestamp":"2026-04-03 17:21:56.839"}
{"level":"info","message":"🚀 Redis Ready","service":"neural-shop-backend","timestamp":"2026-04-03 17:21:56.878"}
{"level":"info","message":"🚀 Redis connected","service":"neural-shop-backend","timestamp":"2026-04-03 17:21:56.895"}
{"category":"database","host":"localhost:27017","level":"info","message":"🗄️  Connected successfully","service":"neural-shop-backend","timestamp":"2026-04-03 17:21:56.903"}
{"level":"info","message":"🚀 Kafka producer connected","service":"neural-shop-backend","timestamp":"2026-04-03 17:21:56.926"}
{"level":"info","message":"Database URL mongodb://admin:admin@localhost:27017/neural_shop?authSource=admin","service":"neural-shop-backend","timestamp":"2026-04-03 17:22:08.920"}
{"environment":"development","level":"info","message":"🚀 Server is running on port 8000","port":8000,"service":"neural-shop-backend","timestamp":"2026-04-03 17:22:09.028"}
{"category":"database","level":"info","message":"🗄️  MongoDB connected","service":"neural-shop-backend","timestamp":"2026-04-03 17:22:09.029"}
{"level":"info","message":"✅ Redis Connected","service":"neural-shop-backend","timestamp":"2026-04-03 17:22:09.047"}
{"level":"info","message":"🚀 Redis Ready","service":"neural-shop-backend","timestamp":"2026-04-03 17:22:09.088"}
{"level":"info","message":"🚀 Redis connected","service":"neural-shop-backend","timestamp":"2026-04-03 17:22:09.089"}
{"category":"database","host":"localhost:27017","level":"info","message":"🗄️  Connected successfully","service":"neural-shop-backend","timestamp":"2026-04-03 17:22:09.096"}
{"level":"info","message":"🚀 Kafka producer connected","service":"neural-shop-backend","timestamp":"2026-04-03 17:22:09.121"}
{"level":"info","message":"Database URL mongodb://admin:admin@localhost:27017/neural_shop?authSource=admin","service":"neural-shop-backend","timestamp":"2026-04-03 17:22:19.703"}
{"environment":"development","level":"info","message":"🚀 Server is running on port 8000","port":8000,"service":"neural-shop-backend","timestamp":"2026-04-03 17:22:19.816"}
{"category":"database","level":"info","message":"🗄️  MongoDB connected","service":"neural-shop-backend","timestamp":"2026-04-03 17:22:19.817"}
{"level":"info","message":"✅ Redis Connected","service":"neural-shop-backend","timestamp":"2026-04-03 17:22:19.836"}
{"level":"info","message":"🚀 Redis Ready","service":"neural-shop-backend","timestamp":"2026-04-03 17:22:19.872"}
{"level":"info","message":"🚀 Redis connected","service":"neural-shop-backend","timestamp":"2026-04-03 17:22:19.873"}
{"category":"database","host":"localhost:27017","level":"info","message":"🗄️  Connected successfully","service":"neural-shop-backend","timestamp":"2026-04-03 17:22:19.898"}
{"level":"info","message":"🚀 Kafka producer connected","service":"neural-shop-backend","timestamp":"2026-04-03 17:22:19.907"}
{"level":"info","message":"Database URL mongodb://admin:admin@localhost:27017/neural_shop?authSource=admin","service":"neural-shop-backend","timestamp":"2026-04-03 17:22:25.735"}
{"environment":"development","level":"info","message":"🚀 Server is running on port 8000","port":8000,"service":"neural-shop-backend","timestamp":"2026-04-03 17:22:25.851"}
{"category":"database","level":"info","message":"🗄️  MongoDB connected","service":"neural-shop-backend","timestamp":"2026-04-03 17:22:25.852"}
{"level":"info","message":"✅ Redis Connected","service":"neural-shop-backend","timestamp":"2026-04-03 17:22:25.866"}
{"level":"info","message":"🚀 Redis Ready","service":"neural-shop-backend","timestamp":"2026-04-03 17:22:25.893"}
{"level":"info","message":"🚀 Redis connected","service":"neural-shop-backend","timestamp":"2026-04-03 17:22:25.897"}
{"category":"database","host":"localhost:27017","level":"info","message":"🗄️  Connected successfully","service":"neural-shop-backend","timestamp":"2026-04-03 17:22:25.924"}
{"level":"info","message":"🚀 Kafka producer connected","service":"neural-shop-backend","timestamp":"2026-04-03 17:22:25.934"}
{"level":"info","message":"Database URL mongodb://admin:admin@localhost:27017/neural_shop?authSource=admin","service":"neural-shop-backend","timestamp":"2026-04-03 17:22:36.848"}
{"environment":"development","level":"info","message":"🚀 Server is running on port 8000","port":8000,"service":"neural-shop-backend","timestamp":"2026-04-03 17:22:36.982"}
{"category":"database","level":"info","message":"🗄️  MongoDB connected","service":"neural-shop-backend","timestamp":"2026-04-03 17:22:36.983"}
{"level":"info","message":"✅ Redis Connected","service":"neural-shop-backend","timestamp":"2026-04-03 17:22:36.999"}
{"level":"info","message":"🚀 Redis Ready","service":"neural-shop-backend","timestamp":"2026-04-03 17:22:37.031"}
{"level":"info","message":"🚀 Redis connected","service":"neural-shop-backend","timestamp":"2026-04-03 17:22:37.033"}
{"category":"database","host":"localhost:27017","level":"info","message":"🗄️  Connected successfully","service":"neural-shop-backend","timestamp":"2026-04-03 17:22:37.057"}
{"level":"info","message":"🚀 Kafka producer connected","service":"neural-shop-backend","timestamp":"2026-04-03 17:22:37.069"}
{"level":"info","message":"Database URL mongodb://admin:admin@localhost:27017/neural_shop?authSource=admin","service":"neural-shop-backend","timestamp":"2026-04-03 17:22:44.029"}
{"environment":"development","level":"info","message":"🚀 Server is running on port 8000","port":8000,"service":"neural-shop-backend","timestamp":"2026-04-03 17:22:44.139"}
{"category":"database","level":"info","message":"🗄️  MongoDB connected","service":"neural-shop-backend","timestamp":"2026-04-03 17:22:44.140"}
{"level":"info","message":"✅ Redis Connected","service":"neural-shop-backend","timestamp":"2026-04-03 17:22:44.158"}
{"level":"info","message":"🚀 Redis Ready","service":"neural-shop-backend","timestamp":"2026-04-03 17:22:44.201"}
{"category":"database","host":"localhost:27017","level":"info","message":"🗄️  Connected successfully","service":"neural-shop-backend","timestamp":"2026-04-03 17:22:44.206"}
{"level":"info","message":"🚀 Redis connected","service":"neural-shop-backend","timestamp":"2026-04-03 17:22:44.213"}
{"level":"info","message":"🚀 Kafka producer connected","service":"neural-shop-backend","timestamp":"2026-04-03 17:22:44.238"}
{"level":"info","message":"🚀 Kafka consumers started","service":"neural-shop-backend","timestamp":"2026-04-03 17:23:04.405"}
{"level":"info","message":"Database URL mongodb://admin:admin@localhost:27017/neural_shop?authSource=admin","service":"neural-shop-backend","timestamp":"2026-04-03 17:23:42.127"}
{"environment":"development","level":"info","message":"🚀 Server is running on port 8000","port":8000,"service":"neural-shop-backend","timestamp":"2026-04-03 17:23:42.240"}
{"category":"database","level":"info","message":"🗄️  MongoDB connected","service":"neural-shop-backend","timestamp":"2026-04-03 17:23:42.241"}
{"level":"info","message":"✅ Redis Connected","service":"neural-shop-backend","timestamp":"2026-04-03 17:23:42.264"}
{"level":"info","message":"🚀 Redis Ready","service":"neural-shop-backend","timestamp":"2026-04-03 17:23:42.308"}
{"level":"info","message":"🚀 Redis connected","service":"neural-shop-backend","timestamp":"2026-04-03 17:23:42.310"}
{"category":"database","host":"localhost:27017","level":"info","message":"🗄️  Connected successfully","service":"neural-shop-backend","timestamp":"2026-04-03 17:23:42.337"}
{"level":"info","message":"🚀 Kafka producer connected","service":"neural-shop-backend","timestamp":"2026-04-03 17:23:42.346"}
{"level":"info","message":"Database URL mongodb://admin:admin@localhost:27017/neural_shop?authSource=admin","service":"neural-shop-backend","timestamp":"2026-04-03 17:23:45.269"}
{"environment":"development","level":"info","message":"🚀 Server is running on port 8000","port":8000,"service":"neural-shop-backend","timestamp":"2026-04-03 17:23:45.395"}
{"category":"database","level":"info","message":"🗄️  MongoDB connected","service":"neural-shop-backend","timestamp":"2026-04-03 17:23:45.397"}
{"level":"info","message":"✅ Redis Connected","service":"neural-shop-backend","timestamp":"2026-04-03 17:23:45.415"}
{"level":"info","message":"🚀 Redis Ready","service":"neural-shop-backend","timestamp":"2026-04-03 17:23:45.448"}
{"level":"info","message":"🚀 Redis connected","service":"neural-shop-backend","timestamp":"2026-04-03 17:23:45.449"}
{"category":"database","host":"localhost:27017","level":"info","message":"🗄️  Connected successfully","service":"neural-shop-backend","timestamp":"2026-04-03 17:23:45.474"}
{"level":"info","message":"🚀 Kafka producer connected","service":"neural-shop-backend","timestamp":"2026-04-03 17:23:45.484"}
{"level":"info","message":"Database URL mongodb://admin:admin@localhost:27017/neural_shop?authSource=admin","service":"neural-shop-backend","timestamp":"2026-04-03 17:23:52.647"}
{"environment":"development","level":"info","message":"🚀 Server is running on port 8000","port":8000,"service":"neural-shop-backend","timestamp":"2026-04-03 17:23:52.760"}
{"category":"database","level":"info","message":"🗄️  MongoDB connected","service":"neural-shop-backend","timestamp":"2026-04-03 17:23:52.761"}
{"level":"info","message":"✅ Redis Connected","service":"neural-shop-backend","timestamp":"2026-04-03 17:23:52.786"}
{"level":"info","message":"🚀 Redis Ready","service":"neural-shop-backend","timestamp":"2026-04-03 17:23:52.820"}
{"level":"info","message":"🚀 Redis connected","service":"neural-shop-backend","timestamp":"2026-04-03 17:23:52.821"}
{"category":"database","host":"localhost:27017","level":"info","message":"🗄️  Connected successfully","service":"neural-shop-backend","timestamp":"2026-04-03 17:23:52.845"}
{"level":"info","message":"🚀 Kafka producer connected","service":"neural-shop-backend","timestamp":"2026-04-03 17:23:52.855"}
{"level":"info","message":"Database URL mongodb://admin:admin@localhost:27017/neural_shop?authSource=admin","service":"neural-shop-backend","timestamp":"2026-04-03 17:23:59.240"}
{"environment":"development","level":"info","message":"🚀 Server is running on port 8000","port":8000,"service":"neural-shop-backend","timestamp":"2026-04-03 17:23:59.364"}
{"category":"database","level":"info","message":"🗄️  MongoDB connected","service":"neural-shop-backend","timestamp":"2026-04-03 17:23:59.365"}
{"level":"info","message":"✅ Redis Connected","service":"neural-shop-backend","timestamp":"2026-04-03 17:23:59.391"}
{"level":"info","message":"🚀 Redis Ready","service":"neural-shop-backend","timestamp":"2026-04-03 17:23:59.426"}
{"level":"info","message":"🚀 Redis connected","service":"neural-shop-backend","timestamp":"2026-04-03 17:23:59.429"}
{"category":"database","host":"localhost:27017","level":"info","message":"🗄️  Connected successfully","service":"neural-shop-backend","timestamp":"2026-04-03 17:23:59.452"}
{"level":"info","message":"🚀 Kafka producer connected","service":"neural-shop-backend","timestamp":"2026-04-03 17:23:59.462"}
{"level":"info","message":"Database URL mongodb://admin:admin@localhost:27017/neural_shop?authSource=admin","service":"neural-shop-backend","timestamp":"2026-04-03 17:24:06.174"}
{"level":"info","message":"Database URL mongodb://admin:admin@localhost:27017/neural_shop?authSource=admin","service":"neural-shop-backend","timestamp":"2026-04-03 17:24:07.818"}
{"environment":"development","level":"info","message":"🚀 Server is running on port 8000","port":8000,"service":"neural-shop-backend","timestamp":"2026-04-03 17:24:07.948"}
{"category":"database","level":"info","message":"🗄️  MongoDB connected","service":"neural-shop-backend","timestamp":"2026-04-03 17:24:07.950"}
{"level":"info","message":"✅ Redis Connected","service":"neural-shop-backend","timestamp":"2026-04-03 17:24:07.970"}
{"level":"info","message":"🚀 Redis Ready","service":"neural-shop-backend","timestamp":"2026-04-03 17:24:08.014"}
{"level":"info","message":"🚀 Redis connected","service":"neural-shop-backend","timestamp":"2026-04-03 17:24:08.016"}
{"category":"database","host":"localhost:27017","level":"info","message":"🗄️  Connected successfully","service":"neural-shop-backend","timestamp":"2026-04-03 17:24:08.024"}
{"level":"info","message":"🚀 Kafka producer connected","service":"neural-shop-backend","timestamp":"2026-04-03 17:24:08.050"}
{"level":"info","message":"Database URL mongodb://admin:admin@localhost:27017/neural_shop?authSource=admin","service":"neural-shop-backend","timestamp":"2026-04-03 17:24:11.240"}
{"environment":"development","level":"info","message":"🚀 Server is running on port 8000","port":8000,"service":"neural-shop-backend","timestamp":"2026-04-03 17:24:11.363"}
{"category":"database","level":"info","message":"🗄️  MongoDB connected","service":"neural-shop-backend","timestamp":"2026-04-03 17:24:11.364"}
{"level":"info","message":"✅ Redis Connected","service":"neural-shop-backend","timestamp":"2026-04-03 17:24:11.385"}
{"level":"info","message":"🚀 Redis Ready","service":"neural-shop-backend","timestamp":"2026-04-03 17:24:11.420"}
{"level":"info","message":"🚀 Redis connected","service":"neural-shop-backend","timestamp":"2026-04-03 17:24:11.422"}
{"category":"database","host":"localhost:27017","level":"info","message":"🗄️  Connected successfully","service":"neural-shop-backend","timestamp":"2026-04-03 17:24:11.449"}
{"level":"info","message":"🚀 Kafka producer connected","service":"neural-shop-backend","timestamp":"2026-04-03 17:24:11.458"}
{"level":"info","message":"Database URL mongodb://admin:admin@localhost:27017/neural_shop?authSource=admin","service":"neural-shop-backend","timestamp":"2026-04-03 17:24:16.193"}
{"environment":"development","level":"info","message":"🚀 Server is running on port 8000","port":8000,"service":"neural-shop-backend","timestamp":"2026-04-03 17:24:16.314"}
{"category":"database","level":"info","message":"🗄️  MongoDB connected","service":"neural-shop-backend","timestamp":"2026-04-03 17:24:16.315"}
{"level":"info","message":"✅ Redis Connected","service":"neural-shop-backend","timestamp":"2026-04-03 17:24:16.333"}
{"level":"info","message":"🚀 Redis Ready","service":"neural-shop-backend","timestamp":"2026-04-03 17:24:16.379"}
{"level":"info","message":"🚀 Redis connected","service":"neural-shop-backend","timestamp":"2026-04-03 17:24:16.380"}
{"category":"database","host":"localhost:27017","level":"info","message":"🗄️  Connected successfully","service":"neural-shop-backend","timestamp":"2026-04-03 17:24:16.389"}
{"level":"info","message":"🚀 Kafka producer connected","service":"neural-shop-backend","timestamp":"2026-04-03 17:24:16.417"}
{"level":"info","message":"Database URL mongodb://admin:admin@localhost:27017/neural_shop?authSource=admin","service":"neural-shop-backend","timestamp":"2026-04-03 17:24:22.805"}
{"environment":"development","level":"info","message":"🚀 Server is running on port 8000","port":8000,"service":"neural-shop-backend","timestamp":"2026-04-03 17:24:22.921"}
{"category":"database","level":"info","message":"🗄️  MongoDB connected","service":"neural-shop-backend","timestamp":"2026-04-03 17:24:22.922"}
{"level":"info","message":"✅ Redis Connected","service":"neural-shop-backend","timestamp":"2026-04-03 17:24:22.948"}
{"level":"info","message":"🚀 Redis Ready","service":"neural-shop-backend","timestamp":"2026-04-03 17:24:22.988"}
{"level":"info","message":"🚀 Redis connected","service":"neural-shop-backend","timestamp":"2026-04-03 17:24:22.990"}
{"category":"database","host":"localhost:27017","level":"info","message":"🗄️  Connected successfully","service":"neural-shop-backend","timestamp":"2026-04-03 17:24:23.002"}
{"level":"info","message":"🚀 Kafka producer connected","service":"neural-shop-backend","timestamp":"2026-04-03 17:24:23.030"}
{"level":"info","message":"Database URL mongodb://admin:admin@localhost:27017/neural_shop?authSource=admin","service":"neural-shop-backend","timestamp":"2026-04-03 17:24:28.658"}
{"environment":"development","level":"info","message":"🚀 Server is running on port 8000","port":8000,"service":"neural-shop-backend","timestamp":"2026-04-03 17:24:28.773"}
{"category":"database","level":"info","message":"🗄️  MongoDB connected","service":"neural-shop-backend","timestamp":"2026-04-03 17:24:28.774"}
{"level":"info","message":"✅ Redis Connected","service":"neural-shop-backend","timestamp":"2026-04-03 17:24:28.798"}
{"level":"info","message":"🚀 Redis Ready","service":"neural-shop-backend","timestamp":"2026-04-03 17:24:28.832"}
{"level":"info","message":"🚀 Redis connected","service":"neural-shop-backend","timestamp":"2026-04-03 17:24:28.834"}
{"level":"info","message":"🚀 Kafka producer connected","service":"neural-shop-backend","timestamp":"2026-04-03 17:24:28.863"}
{"category":"database","host":"localhost:27017","level":"info","message":"🗄️  Connected successfully","service":"neural-shop-backend","timestamp":"2026-04-03 17:24:28.869"}
{"level":"info","message":"Database URL mongodb://admin:admin@localhost:27017/neural_shop?authSource=admin","service":"neural-shop-backend","timestamp":"2026-04-03 17:24:34.045"}
{"environment":"development","level":"info","message":"🚀 Server is running on port 8000","port":8000,"service":"neural-shop-backend","timestamp":"2026-04-03 17:24:34.168"}
{"category":"database","level":"info","message":"🗄️  MongoDB connected","service":"neural-shop-backend","timestamp":"2026-04-03 17:24:34.169"}
{"level":"info","message":"✅ Redis Connected","service":"neural-shop-backend","timestamp":"2026-04-03 17:24:34.182"}
{"level":"info","message":"🚀 Redis Ready","service":"neural-shop-backend","timestamp":"2026-04-03 17:24:34.214"}
{"level":"info","message":"🚀 Redis connected","service":"neural-shop-backend","timestamp":"2026-04-03 17:24:34.215"}
{"category":"database","host":"localhost:27017","level":"info","message":"🗄️  Connected successfully","service":"neural-shop-backend","timestamp":"2026-04-03 17:24:34.246"}
{"level":"info","message":"🚀 Kafka producer connected","service":"neural-shop-backend","timestamp":"2026-04-03 17:24:34.256"}
{"category":"http","ip":"::1","level":"info","message":"→ POST /request-password-reset [400]","service":"neural-shop-backend","timestamp":"2026-04-03 17:24:45.909","userAgent":"PostmanRuntime/7.53.0"}
{"level":"info","message":"🚀 Kafka consumers started","service":"neural-shop-backend","timestamp":"2026-04-03 17:25:00.955"}
{"level":"info","message":"Database URL mongodb://admin:admin@localhost:27017/neural_shop?authSource=admin","service":"neural-shop-backend","timestamp":"2026-04-03 17:28:49.749"}
{"environment":"development","level":"info","message":"🚀 Server is running on port 8000","port":8000,"service":"neural-shop-backend","timestamp":"2026-04-03 17:28:49.863"}
{"category":"database","level":"info","message":"🗄️  MongoDB connected","service":"neural-shop-backend","timestamp":"2026-04-03 17:28:49.864"}
{"level":"info","message":"✅ Redis Connected","service":"neural-shop-backend","timestamp":"2026-04-03 17:28:49.877"}
{"level":"info","message":"🚀 Redis Ready","service":"neural-shop-backend","timestamp":"2026-04-03 17:28:49.910"}
{"level":"info","message":"🚀 Redis connected","service":"neural-shop-backend","timestamp":"2026-04-03 17:28:49.911"}
{"category":"database","host":"localhost:27017","level":"info","message":"🗄️  Connected successfully","service":"neural-shop-backend","timestamp":"2026-04-03 17:28:49.936"}
{"level":"info","message":"🚀 Kafka producer connected","service":"neural-shop-backend","timestamp":"2026-04-03 17:28:49.946"}
{"level":"info","message":"🚀 Kafka consumers started","service":"neural-shop-backend","timestamp":"2026-04-03 17:28:52.760"}
{"category":"http","ip":"::1","level":"info","message":"→ POST /request-password-reset [200]","service":"neural-shop-backend","timestamp":"2026-04-03 17:28:53.125","userAgent":"PostmanRuntime/7.53.0"}
{"level":"info","message":"Database URL mongodb://admin:admin@localhost:27017/neural_shop?authSource=admin","service":"neural-shop-backend","timestamp":"2026-04-03 17:29:23.983"}
{"environment":"development","level":"info","message":"🚀 Server is running on port 8000","port":8000,"service":"neural-shop-backend","timestamp":"2026-04-03 17:29:24.108"}
{"category":"database","level":"info","message":"🗄️  MongoDB connected","service":"neural-shop-backend","timestamp":"2026-04-03 17:29:24.109"}
{"level":"info","message":"✅ Redis Connected","service":"neural-shop-backend","timestamp":"2026-04-03 17:29:24.123"}
{"level":"info","message":"🚀 Redis Ready","service":"neural-shop-backend","timestamp":"2026-04-03 17:29:24.153"}
{"level":"info","message":"🚀 Redis connected","service":"neural-shop-backend","timestamp":"2026-04-03 17:29:24.155"}
{"category":"database","host":"localhost:27017","level":"info","message":"🗄️  Connected successfully","service":"neural-shop-backend","timestamp":"2026-04-03 17:29:24.180"}
{"level":"info","message":"🚀 Kafka producer connected","service":"neural-shop-backend","timestamp":"2026-04-03 17:29:24.190"}
{"level":"info","message":"Database URL mongodb://admin:admin@localhost:27017/neural_shop?authSource=admin","service":"neural-shop-backend","timestamp":"2026-04-03 17:29:27.093"}
{"environment":"development","level":"info","message":"🚀 Server is running on port 8000","port":8000,"service":"neural-shop-backend","timestamp":"2026-04-03 17:29:27.207"}
{"category":"database","level":"info","message":"🗄️  MongoDB connected","service":"neural-shop-backend","timestamp":"2026-04-03 17:29:27.208"}
{"level":"info","message":"✅ Redis Connected","service":"neural-shop-backend","timestamp":"2026-04-03 17:29:27.229"}
{"level":"info","message":"🚀 Redis Ready","service":"neural-shop-backend","timestamp":"2026-04-03 17:29:27.269"}
{"level":"info","message":"🚀 Redis connected","service":"neural-shop-backend","timestamp":"2026-04-03 17:29:27.271"}
{"level":"info","message":"🚀 Kafka producer connected","service":"neural-shop-backend","timestamp":"2026-04-03 17:29:27.305"}
{"category":"database","host":"localhost:27017","level":"info","message":"🗄️  Connected successfully","service":"neural-shop-backend","timestamp":"2026-04-03 17:29:27.311"}
{"category":"http","ip":"::1","level":"info","message":"→ POST /request-password-reset [400]","service":"neural-shop-backend","timestamp":"2026-04-03 17:29:36.432","userAgent":"PostmanRuntime/7.53.0"}
{"category":"http","ip":"::1","level":"info","message":"→ POST /request-password-reset [400]","service":"neural-shop-backend","timestamp":"2026-04-03 17:29:45.244","userAgent":"PostmanRuntime/7.53.0"}
{"category":"http","ip":"::1","level":"info","message":"→ POST /request-password-reset [400]","service":"neural-shop-backend","timestamp":"2026-04-03 17:29:47.250","userAgent":"PostmanRuntime/7.53.0"}
{"level":"info","message":"🚀 Kafka consumers started","service":"neural-shop-backend","timestamp":"2026-04-03 17:29:49.181"}
{"level":"info","message":"Database URL mongodb://admin:admin@localhost:27017/neural_shop?authSource=admin","service":"neural-shop-backend","timestamp":"2026-04-03 17:30:08.486"}
{"environment":"development","level":"info","message":"🚀 Server is running on port 8000","port":8000,"service":"neural-shop-backend","timestamp":"2026-04-03 17:30:08.610"}
{"category":"database","level":"info","message":"🗄️  MongoDB connected","service":"neural-shop-backend","timestamp":"2026-04-03 17:30:08.611"}
{"level":"info","message":"✅ Redis Connected","service":"neural-shop-backend","timestamp":"2026-04-03 17:30:08.633"}
{"level":"info","message":"🚀 Redis Ready","service":"neural-shop-backend","timestamp":"2026-04-03 17:30:08.666"}
{"level":"info","message":"🚀 Redis connected","service":"neural-shop-backend","timestamp":"2026-04-03 17:30:08.676"}
{"category":"database","host":"localhost:27017","level":"info","message":"🗄️  Connected successfully","service":"neural-shop-backend","timestamp":"2026-04-03 17:30:08.684"}
{"level":"info","message":"🚀 Kafka producer connected","service":"neural-shop-backend","timestamp":"2026-04-03 17:30:08.714"}
{"level":"info","message":"Database URL mongodb://admin:admin@localhost:27017/neural_shop?authSource=admin","service":"neural-shop-backend","timestamp":"2026-04-03 17:30:25.790"}
{"environment":"development","level":"info","message":"🚀 Server is running on port 8000","port":8000,"service":"neural-shop-backend","timestamp":"2026-04-03 17:30:25.928"}
{"category":"database","level":"info","message":"🗄️  MongoDB connected","service":"neural-shop-backend","timestamp":"2026-04-03 17:30:25.929"}
{"level":"info","message":"✅ Redis Connected","service":"neural-shop-backend","timestamp":"2026-04-03 17:30:25.947"}
{"level":"info","message":"🚀 Redis Ready","service":"neural-shop-backend","timestamp":"2026-04-03 17:30:25.989"}
{"level":"info","message":"🚀 Redis connected","service":"neural-shop-backend","timestamp":"2026-04-03 17:30:25.991"}
{"category":"database","host":"localhost:27017","level":"info","message":"🗄️  Connected successfully","service":"neural-shop-backend","timestamp":"2026-04-03 17:30:25.997"}
{"level":"info","message":"🚀 Kafka producer connected","service":"neural-shop-backend","timestamp":"2026-04-03 17:30:26.029"}
{"level":"info","message":"Database URL mongodb://admin:admin@localhost:27017/neural_shop?authSource=admin","service":"neural-shop-backend","timestamp":"2026-04-03 17:30:29.463"}
{"environment":"development","level":"info","message":"🚀 Server is running on port 8000","port":8000,"service":"neural-shop-backend","timestamp":"2026-04-03 17:30:29.584"}
{"category":"database","level":"info","message":"🗄️  MongoDB connected","service":"neural-shop-backend","timestamp":"2026-04-03 17:30:29.585"}
{"level":"info","message":"✅ Redis Connected","service":"neural-shop-backend","timestamp":"2026-04-03 17:30:29.613"}
{"level":"info","message":"🚀 Redis Ready","service":"neural-shop-backend","timestamp":"2026-04-03 17:30:29.643"}
{"level":"info","message":"🚀 Redis connected","service":"neural-shop-backend","timestamp":"2026-04-03 17:30:29.645"}
{"category":"database","host":"localhost:27017","level":"info","message":"🗄️  Connected successfully","service":"neural-shop-backend","timestamp":"2026-04-03 17:30:29.669"}
{"level":"info","message":"🚀 Kafka producer connected","service":"neural-shop-backend","timestamp":"2026-04-03 17:30:29.679"}
{"level":"info","message":"Database URL mongodb://admin:admin@localhost:27017/neural_shop?authSource=admin","service":"neural-shop-backend","timestamp":"2026-04-03 17:30:33.652"}
{"environment":"development","level":"info","message":"🚀 Server is running on port 8000","port":8000,"service":"neural-shop-backend","timestamp":"2026-04-03 17:30:33.763"}
{"category":"database","level":"info","message":"🗄️  MongoDB connected","service":"neural-shop-backend","timestamp":"2026-04-03 17:30:33.764"}
{"level":"info","message":"✅ Redis Connected","service":"neural-shop-backend","timestamp":"2026-04-03 17:30:33.785"}
{"level":"info","message":"🚀 Redis Ready","service":"neural-shop-backend","timestamp":"2026-04-03 17:30:33.821"}
{"level":"info","message":"🚀 Redis connected","service":"neural-shop-backend","timestamp":"2026-04-03 17:30:33.831"}
{"category":"database","host":"localhost:27017","level":"info","message":"🗄️  Connected successfully","service":"neural-shop-backend","timestamp":"2026-04-03 17:30:33.840"}
{"level":"info","message":"🚀 Kafka producer connected","service":"neural-shop-backend","timestamp":"2026-04-03 17:30:33.868"}
{"level":"info","message":"🚀 Kafka consumers started","service":"neural-shop-backend","timestamp":"2026-04-03 17:31:01.243"}
{"level":"info","message":"Database URL mongodb://admin:admin@localhost:27017/neural_shop?authSource=admin","service":"neural-shop-backend","timestamp":"2026-04-03 17:31:13.078"}
{"environment":"development","level":"info","message":"🚀 Server is running on port 8000","port":8000,"service":"neural-shop-backend","timestamp":"2026-04-03 17:31:13.206"}
{"category":"database","level":"info","message":"🗄️  MongoDB connected","service":"neural-shop-backend","timestamp":"2026-04-03 17:31:13.208"}
{"level":"info","message":"✅ Redis Connected","service":"neural-shop-backend","timestamp":"2026-04-03 17:31:13.234"}
{"level":"info","message":"🚀 Redis Ready","service":"neural-shop-backend","timestamp":"2026-04-03 17:31:13.288"}
{"level":"info","message":"🚀 Redis connected","service":"neural-shop-backend","timestamp":"2026-04-03 17:31:13.290"}
{"category":"database","host":"localhost:27017","level":"info","message":"🗄️  Connected successfully","service":"neural-shop-backend","timestamp":"2026-04-03 17:31:13.323"}
{"level":"info","message":"🚀 Kafka producer connected","service":"neural-shop-backend","timestamp":"2026-04-03 17:31:13.336"}
{"level":"info","message":"Database URL mongodb://admin:admin@localhost:27017/neural_shop?authSource=admin","service":"neural-shop-backend","timestamp":"2026-04-03 17:31:16.674"}
{"environment":"development","level":"info","message":"🚀 Server is running on port 8000","port":8000,"service":"neural-shop-backend","timestamp":"2026-04-03 17:31:16.800"}
{"category":"database","level":"info","message":"🗄️  MongoDB connected","service":"neural-shop-backend","timestamp":"2026-04-03 17:31:16.801"}
{"level":"info","message":"✅ Redis Connected","service":"neural-shop-backend","timestamp":"2026-04-03 17:31:16.819"}
{"level":"info","message":"🚀 Redis Ready","service":"neural-shop-backend","timestamp":"2026-04-03 17:31:16.847"}
{"level":"info","message":"🚀 Redis connected","service":"neural-shop-backend","timestamp":"2026-04-03 17:31:16.849"}
{"category":"database","host":"localhost:27017","level":"info","message":"🗄️  Connected successfully","service":"neural-shop-backend","timestamp":"2026-04-03 17:31:16.874"}
{"level":"info","message":"🚀 Kafka producer connected","service":"neural-shop-backend","timestamp":"2026-04-03 17:31:16.883"}
{"level":"info","message":"🚀 Kafka consumers started","service":"neural-shop-backend","timestamp":"2026-04-03 17:31:37.679"}
{"category":"http","ip":"::1","level":"info","message":"→ POST /reset-password [200]","service":"neural-shop-backend","timestamp":"2026-04-03 17:32:23.060","userAgent":"PostmanRuntime/7.53.0"}
{"level":"info","message":"Database URL mongodb://admin:admin@localhost:27017/neural_shop?authSource=admin","service":"neural-shop-backend","timestamp":"2026-04-03 17:32:35.038"}
{"environment":"development","level":"info","message":"🚀 Server is running on port 8000","port":8000,"service":"neural-shop-backend","timestamp":"2026-04-03 17:32:35.168"}
{"category":"database","level":"info","message":"🗄️  MongoDB connected","service":"neural-shop-backend","timestamp":"2026-04-03 17:32:35.170"}
{"level":"info","message":"✅ Redis Connected","service":"neural-shop-backend","timestamp":"2026-04-03 17:32:35.191"}
{"level":"info","message":"🚀 Redis Ready","service":"neural-shop-backend","timestamp":"2026-04-03 17:32:35.228"}
{"level":"info","message":"🚀 Redis connected","service":"neural-shop-backend","timestamp":"2026-04-03 17:32:35.238"}
{"category":"database","host":"localhost:27017","level":"info","message":"🗄️  Connected successfully","service":"neural-shop-backend","timestamp":"2026-04-03 17:32:35.251"}
{"level":"info","message":"🚀 Kafka producer connected","service":"neural-shop-backend","timestamp":"2026-04-03 17:32:35.282"}
{"level":"info","message":"Database URL mongodb://admin:admin@localhost:27017/neural_shop?authSource=admin","service":"neural-shop-backend","timestamp":"2026-04-03 17:32:46.739"}
{"environment":"development","level":"info","message":"🚀 Server is running on port 8000","port":8000,"service":"neural-shop-backend","timestamp":"2026-04-03 17:32:46.854"}
{"category":"database","level":"info","message":"🗄️  MongoDB connected","service":"neural-shop-backend","timestamp":"2026-04-03 17:32:46.855"}
{"level":"info","message":"✅ Redis Connected","service":"neural-shop-backend","timestamp":"2026-04-03 17:32:46.873"}
{"level":"info","message":"🚀 Redis Ready","service":"neural-shop-backend","timestamp":"2026-04-03 17:32:46.920"}
{"level":"info","message":"🚀 Redis connected","service":"neural-shop-backend","timestamp":"2026-04-03 17:32:46.922"}
{"category":"database","host":"localhost:27017","level":"info","message":"🗄️  Connected successfully","service":"neural-shop-backend","timestamp":"2026-04-03 17:32:46.928"}
{"level":"info","message":"🚀 Kafka producer connected","service":"neural-shop-backend","timestamp":"2026-04-03 17:32:46.953"}
{"level":"info","message":"Database URL mongodb://admin:admin@localhost:27017/neural_shop?authSource=admin","service":"neural-shop-backend","timestamp":"2026-04-03 17:32:50.881"}
{"environment":"development","level":"info","message":"🚀 Server is running on port 8000","port":8000,"service":"neural-shop-backend","timestamp":"2026-04-03 17:32:51.009"}
{"category":"database","level":"info","message":"🗄️  MongoDB connected","service":"neural-shop-backend","timestamp":"2026-04-03 17:32:51.012"}
{"level":"info","message":"✅ Redis Connected","service":"neural-shop-backend","timestamp":"2026-04-03 17:32:51.035"}
{"level":"info","message":"🚀 Redis Ready","service":"neural-shop-backend","timestamp":"2026-04-03 17:32:51.075"}
{"level":"info","message":"🚀 Redis connected","service":"neural-shop-backend","timestamp":"2026-04-03 17:32:51.079"}
{"category":"database","host":"localhost:27017","level":"info","message":"🗄️  Connected successfully","service":"neural-shop-backend","timestamp":"2026-04-03 17:32:51.112"}
{"level":"info","message":"🚀 Kafka producer connected","service":"neural-shop-backend","timestamp":"2026-04-03 17:32:51.124"}
{"level":"info","message":"Database URL mongodb://admin:admin@localhost:27017/neural_shop?authSource=admin","service":"neural-shop-backend","timestamp":"2026-04-03 17:33:12.924"}
{"environment":"development","level":"info","message":"🚀 Server is running on port 8000","port":8000,"service":"neural-shop-backend","timestamp":"2026-04-03 17:33:13.043"}
{"category":"database","level":"info","message":"🗄️  MongoDB connected","service":"neural-shop-backend","timestamp":"2026-04-03 17:33:13.047"}
{"level":"info","message":"✅ Redis Connected","service":"neural-shop-backend","timestamp":"2026-04-03 17:33:13.073"}
{"level":"info","message":"🚀 Redis Ready","service":"neural-shop-backend","timestamp":"2026-04-03 17:33:13.109"}
{"level":"info","message":"🚀 Redis connected","service":"neural-shop-backend","timestamp":"2026-04-03 17:33:13.111"}
{"category":"database","host":"localhost:27017","level":"info","message":"🗄️  Connected successfully","service":"neural-shop-backend","timestamp":"2026-04-03 17:33:13.139"}
{"level":"info","message":"🚀 Kafka producer connected","service":"neural-shop-backend","timestamp":"2026-04-03 17:33:13.151"}
{"level":"info","message":"Database URL mongodb://admin:admin@localhost:27017/neural_shop?authSource=admin","service":"neural-shop-backend","timestamp":"2026-04-03 17:33:16.718"}
{"environment":"development","level":"info","message":"🚀 Server is running on port 8000","port":8000,"service":"neural-shop-backend","timestamp":"2026-04-03 17:33:16.840"}
{"category":"database","level":"info","message":"🗄️  MongoDB connected","service":"neural-shop-backend","timestamp":"2026-04-03 17:33:16.841"}
{"level":"info","message":"✅ Redis Connected","service":"neural-shop-backend","timestamp":"2026-04-03 17:33:16.865"}
{"level":"info","message":"🚀 Redis Ready","service":"neural-shop-backend","timestamp":"2026-04-03 17:33:16.897"}
{"level":"info","message":"🚀 Redis connected","service":"neural-shop-backend","timestamp":"2026-04-03 17:33:16.899"}
{"level":"info","message":"🚀 Kafka producer connected","service":"neural-shop-backend","timestamp":"2026-04-03 17:33:16.928"}
{"category":"database","host":"localhost:27017","level":"info","message":"🗄️  Connected successfully","service":"neural-shop-backend","timestamp":"2026-04-03 17:33:16.936"}
{"level":"info","message":"Database URL mongodb://admin:admin@localhost:27017/neural_shop?authSource=admin","service":"neural-shop-backend","timestamp":"2026-04-03 17:33:19.261"}
{"environment":"development","level":"info","message":"🚀 Server is running on port 8000","port":8000,"service":"neural-shop-backend","timestamp":"2026-04-03 17:33:19.387"}
{"category":"database","level":"info","message":"🗄️  MongoDB connected","service":"neural-shop-backend","timestamp":"2026-04-03 17:33:19.389"}
{"level":"info","message":"✅ Redis Connected","service":"neural-shop-backend","timestamp":"2026-04-03 17:33:19.414"}
{"level":"info","message":"🚀 Redis Ready","service":"neural-shop-backend","timestamp":"2026-04-03 17:33:19.466"}
{"level":"info","message":"🚀 Redis connected","service":"neural-shop-backend","timestamp":"2026-04-03 17:33:19.469"}
{"category":"database","host":"localhost:27017","level":"info","message":"🗄️  Connected successfully","service":"neural-shop-backend","timestamp":"2026-04-03 17:33:19.506"}
{"level":"info","message":"🚀 Kafka producer connected","service":"neural-shop-backend","timestamp":"2026-04-03 17:33:19.516"}
{"level":"info","message":"Database URL mongodb://admin:admin@localhost:27017/neural_shop?authSource=admin","service":"neural-shop-backend","timestamp":"2026-04-03 17:33:21.796"}
{"environment":"development","level":"info","message":"🚀 Server is running on port 8000","port":8000,"service":"neural-shop-backend","timestamp":"2026-04-03 17:33:21.921"}
{"category":"database","level":"info","message":"🗄️  MongoDB connected","service":"neural-shop-backend","timestamp":"2026-04-03 17:33:21.925"}
{"level":"info","message":"✅ Redis Connected","service":"neural-shop-backend","timestamp":"2026-04-03 17:33:21.949"}
{"level":"info","message":"🚀 Redis Ready","service":"neural-shop-backend","timestamp":"2026-04-03 17:33:22.049"}
{"level":"info","message":"🚀 Redis connected","service":"neural-shop-backend","timestamp":"2026-04-03 17:33:22.063"}
{"category":"database","host":"localhost:27017","level":"info","message":"🗄️  Connected successfully","service":"neural-shop-backend","timestamp":"2026-04-03 17:33:22.081"}
{"level":"info","message":"🚀 Kafka producer connected","service":"neural-shop-backend","timestamp":"2026-04-03 17:33:22.121"}
{"level":"info","message":"Database URL mongodb://admin:admin@localhost:27017/neural_shop?authSource=admin","service":"neural-shop-backend","timestamp":"2026-04-03 17:33:27.368"}
{"environment":"development","level":"info","message":"🚀 Server is running on port 8000","port":8000,"service":"neural-shop-backend","timestamp":"2026-04-03 17:33:27.485"}
{"category":"database","level":"info","message":"🗄️  MongoDB connected","service":"neural-shop-backend","timestamp":"2026-04-03 17:33:27.486"}
{"level":"info","message":"✅ Redis Connected","service":"neural-shop-backend","timestamp":"2026-04-03 17:33:27.508"}
{"level":"info","message":"🚀 Redis Ready","service":"neural-shop-backend","timestamp":"2026-04-03 17:33:27.538"}
{"level":"info","message":"🚀 Redis connected","service":"neural-shop-backend","timestamp":"2026-04-03 17:33:27.540"}
{"category":"database","host":"localhost:27017","level":"info","message":"🗄️  Connected successfully","service":"neural-shop-backend","timestamp":"2026-04-03 17:33:27.564"}
{"level":"info","message":"🚀 Kafka producer connected","service":"neural-shop-backend","timestamp":"2026-04-03 17:33:27.573"}
{"level":"info","message":"Database URL mongodb://admin:admin@localhost:27017/neural_shop?authSource=admin","service":"neural-shop-backend","timestamp":"2026-04-03 17:33:29.564"}
{"environment":"development","level":"info","message":"🚀 Server is running on port 8000","port":8000,"service":"neural-shop-backend","timestamp":"2026-04-03 17:33:29.690"}
{"category":"database","level":"info","message":"🗄️  MongoDB connected","service":"neural-shop-backend","timestamp":"2026-04-03 17:33:29.692"}
{"level":"info","message":"✅ Redis Connected","service":"neural-shop-backend","timestamp":"2026-04-03 17:33:29.721"}
{"level":"info","message":"🚀 Redis Ready","service":"neural-shop-backend","timestamp":"2026-04-03 17:33:29.754"}
{"level":"info","message":"🚀 Redis connected","service":"neural-shop-backend","timestamp":"2026-04-03 17:33:29.756"}
{"level":"info","message":"🚀 Kafka producer connected","service":"neural-shop-backend","timestamp":"2026-04-03 17:33:29.782"}
{"category":"database","host":"localhost:27017","level":"info","message":"🗄️  Connected successfully","service":"neural-shop-backend","timestamp":"2026-04-03 17:33:29.788"}
{"level":"info","message":"🚀 Kafka consumers started","service":"neural-shop-backend","timestamp":"2026-04-03 17:34:08.035"}
{"level":"info","message":"Database URL mongodb://admin:admin@localhost:27017/neural_shop?authSource=admin","service":"neural-shop-backend","timestamp":"2026-04-03 17:36:24.857"}
{"environment":"development","level":"info","message":"🚀 Server is running on port 8000","port":8000,"service":"neural-shop-backend","timestamp":"2026-04-03 17:36:24.971"}
{"category":"database","level":"info","message":"🗄️  MongoDB connected","service":"neural-shop-backend","timestamp":"2026-04-03 17:36:24.972"}
{"level":"info","message":"✅ Redis Connected","service":"neural-shop-backend","timestamp":"2026-04-03 17:36:24.988"}
{"level":"info","message":"🚀 Redis Ready","service":"neural-shop-backend","timestamp":"2026-04-03 17:36:25.034"}
{"level":"info","message":"🚀 Redis connected","service":"neural-shop-backend","timestamp":"2026-04-03 17:36:25.036"}
{"category":"database","host":"localhost:27017","level":"info","message":"🗄️  Connected successfully","service":"neural-shop-backend","timestamp":"2026-04-03 17:36:25.043"}
{"level":"info","message":"🚀 Kafka producer connected","service":"neural-shop-backend","timestamp":"2026-04-03 17:36:25.069"}
{"level":"info","message":"Database URL mongodb://admin:admin@localhost:27017/neural_shop?authSource=admin","service":"neural-shop-backend","timestamp":"2026-04-03 17:36:47.156"}
{"environment":"development","level":"info","message":"🚀 Server is running on port 8000","port":8000,"service":"neural-shop-backend","timestamp":"2026-04-03 17:36:47.268"}
{"category":"database","level":"info","message":"🗄️  MongoDB connected","service":"neural-shop-backend","timestamp":"2026-04-03 17:36:47.269"}
{"level":"info","message":"✅ Redis Connected","service":"neural-shop-backend","timestamp":"2026-04-03 17:36:47.283"}
{"level":"info","message":"🚀 Redis Ready","service":"neural-shop-backend","timestamp":"2026-04-03 17:36:47.325"}
{"level":"info","message":"🚀 Redis connected","service":"neural-shop-backend","timestamp":"2026-04-03 17:36:47.327"}
{"category":"database","host":"localhost:27017","level":"info","message":"🗄️  Connected successfully","service":"neural-shop-backend","timestamp":"2026-04-03 17:36:47.337"}
{"level":"info","message":"🚀 Kafka producer connected","service":"neural-shop-backend","timestamp":"2026-04-03 17:36:47.370"}
{"level":"info","message":"Database URL mongodb://admin:admin@localhost:27017/neural_shop?authSource=admin","service":"neural-shop-backend","timestamp":"2026-04-03 17:36:53.072"}
{"environment":"development","level":"info","message":"🚀 Server is running on port 8000","port":8000,"service":"neural-shop-backend","timestamp":"2026-04-03 17:36:53.182"}
{"category":"database","level":"info","message":"🗄️  MongoDB connected","service":"neural-shop-backend","timestamp":"2026-04-03 17:36:53.184"}
{"level":"info","message":"✅ Redis Connected","service":"neural-shop-backend","timestamp":"2026-04-03 17:36:53.211"}
{"level":"info","message":"🚀 Redis Ready","service":"neural-shop-backend","timestamp":"2026-04-03 17:36:53.255"}
{"level":"info","message":"🚀 Redis connected","service":"neural-shop-backend","timestamp":"2026-04-03 17:36:53.257"}
{"category":"database","host":"localhost:27017","level":"info","message":"🗄️  Connected successfully","service":"neural-shop-backend","timestamp":"2026-04-03 17:36:53.263"}
{"level":"info","message":"🚀 Kafka producer connected","service":"neural-shop-backend","timestamp":"2026-04-03 17:36:53.288"}
{"level":"info","message":"Database URL mongodb://admin:admin@localhost:27017/neural_shop?authSource=admin","service":"neural-shop-backend","timestamp":"2026-04-03 17:37:03.176"}
{"environment":"development","level":"info","message":"🚀 Server is running on port 8000","port":8000,"service":"neural-shop-backend","timestamp":"2026-04-03 17:37:03.296"}
{"category":"database","level":"info","message":"🗄️  MongoDB connected","service":"neural-shop-backend","timestamp":"2026-04-03 17:37:03.298"}
{"level":"info","message":"✅ Redis Connected","service":"neural-shop-backend","timestamp":"2026-04-03 17:37:03.331"}
{"level":"info","message":"🚀 Redis Ready","service":"neural-shop-backend","timestamp":"2026-04-03 17:37:03.375"}
{"level":"info","message":"🚀 Redis connected","service":"neural-shop-backend","timestamp":"2026-04-03 17:37:03.377"}
{"category":"database","host":"localhost:27017","level":"info","message":"🗄️  Connected successfully","service":"neural-shop-backend","timestamp":"2026-04-03 17:37:03.384"}
{"level":"info","message":"🚀 Kafka producer connected","service":"neural-shop-backend","timestamp":"2026-04-03 17:37:03.411"}
{"level":"info","message":"Database URL mongodb://admin:admin@localhost:27017/neural_shop?authSource=admin","service":"neural-shop-backend","timestamp":"2026-04-03 17:37:43.530"}
{"environment":"development","level":"info","message":"🚀 Server is running on port 8000","port":8000,"service":"neural-shop-backend","timestamp":"2026-04-03 17:37:43.646"}
{"category":"database","level":"info","message":"🗄️  MongoDB connected","service":"neural-shop-backend","timestamp":"2026-04-03 17:37:43.647"}
{"level":"info","message":"✅ Redis Connected","service":"neural-shop-backend","timestamp":"2026-04-03 17:37:43.667"}
{"level":"info","message":"🚀 Redis Ready","service":"neural-shop-backend","timestamp":"2026-04-03 17:37:43.711"}
{"level":"info","message":"🚀 Redis connected","service":"neural-shop-backend","timestamp":"2026-04-03 17:37:43.713"}
{"category":"database","host":"localhost:27017","level":"info","message":"🗄️  Connected successfully","service":"neural-shop-backend","timestamp":"2026-04-03 17:37:43.720"}
{"level":"info","message":"🚀 Kafka producer connected","service":"neural-shop-backend","timestamp":"2026-04-03 17:37:43.746"}
{"level":"info","message":"Database URL mongodb://admin:admin@localhost:27017/neural_shop?authSource=admin","service":"neural-shop-backend","timestamp":"2026-04-03 17:37:46.919"}
{"environment":"development","level":"info","message":"🚀 Server is running on port 8000","port":8000,"service":"neural-shop-backend","timestamp":"2026-04-03 17:37:47.057"}
{"category":"database","level":"info","message":"🗄️  MongoDB connected","service":"neural-shop-backend","timestamp":"2026-04-03 17:37:47.058"}
{"level":"info","message":"✅ Redis Connected","service":"neural-shop-backend","timestamp":"2026-04-03 17:37:47.078"}
{"level":"info","message":"🚀 Redis Ready","service":"neural-shop-backend","timestamp":"2026-04-03 17:37:47.109"}
{"level":"info","message":"🚀 Redis connected","service":"neural-shop-backend","timestamp":"2026-04-03 17:37:47.111"}
{"category":"database","host":"localhost:27017","level":"info","message":"🗄️  Connected successfully","service":"neural-shop-backend","timestamp":"2026-04-03 17:37:47.141"}
{"level":"info","message":"🚀 Kafka producer connected","service":"neural-shop-backend","timestamp":"2026-04-03 17:37:47.153"}
{"level":"info","message":"Database URL mongodb://admin:admin@localhost:27017/neural_shop?authSource=admin","service":"neural-shop-backend","timestamp":"2026-04-03 17:38:30.950"}
{"environment":"development","level":"info","message":"🚀 Server is running on port 8000","port":8000,"service":"neural-shop-backend","timestamp":"2026-04-03 17:38:31.064"}
{"category":"database","level":"info","message":"🗄️  MongoDB connected","service":"neural-shop-backend","timestamp":"2026-04-03 17:38:31.065"}
{"level":"info","message":"✅ Redis Connected","service":"neural-shop-backend","timestamp":"2026-04-03 17:38:31.086"}
{"level":"info","message":"🚀 Redis Ready","service":"neural-shop-backend","timestamp":"2026-04-03 17:38:31.120"}
{"level":"info","message":"🚀 Redis connected","service":"neural-shop-backend","timestamp":"2026-04-03 17:38:31.129"}
{"category":"database","host":"localhost:27017","level":"info","message":"🗄️  Connected successfully","service":"neural-shop-backend","timestamp":"2026-04-03 17:38:31.138"}
{"level":"info","message":"🚀 Kafka producer connected","service":"neural-shop-backend","timestamp":"2026-04-03 17:38:31.164"}
{"level":"info","message":"🚀 Kafka consumers started","service":"neural-shop-backend","timestamp":"2026-04-03 17:38:58.573"}
{"level":"info","message":"Database URL mongodb://admin:admin@localhost:27017/neural_shop?authSource=admin","service":"neural-shop-backend","timestamp":"2026-04-03 17:39:17.791"}
{"environment":"development","level":"info","message":"🚀 Server is running on port 8000","port":8000,"service":"neural-shop-backend","timestamp":"2026-04-03 17:39:17.906"}
{"category":"database","level":"info","message":"🗄️  MongoDB connected","service":"neural-shop-backend","timestamp":"2026-04-03 17:39:17.907"}
{"level":"info","message":"✅ Redis Connected","service":"neural-shop-backend","timestamp":"2026-04-03 17:39:17.924"}
{"level":"info","message":"🚀 Redis Ready","service":"neural-shop-backend","timestamp":"2026-04-03 17:39:17.963"}
{"level":"info","message":"🚀 Redis connected","service":"neural-shop-backend","timestamp":"2026-04-03 17:39:17.965"}
{"category":"database","host":"localhost:27017","level":"info","message":"🗄️  Connected successfully","service":"neural-shop-backend","timestamp":"2026-04-03 17:39:17.973"}
{"level":"info","message":"🚀 Kafka producer connected","service":"neural-shop-backend","timestamp":"2026-04-03 17:39:18.002"}
{"level":"info","message":"Database URL mongodb://admin:admin@localhost:27017/neural_shop?authSource=admin","service":"neural-shop-backend","timestamp":"2026-04-03 17:39:21.996"}
{"environment":"development","level":"info","message":"🚀 Server is running on port 8000","port":8000,"service":"neural-shop-backend","timestamp":"2026-04-03 17:39:22.120"}
{"category":"database","level":"info","message":"🗄️  MongoDB connected","service":"neural-shop-backend","timestamp":"2026-04-03 17:39:22.121"}
{"level":"info","message":"✅ Redis Connected","service":"neural-shop-backend","timestamp":"2026-04-03 17:39:22.135"}
{"level":"info","message":"🚀 Redis Ready","service":"neural-shop-backend","timestamp":"2026-04-03 17:39:22.161"}
{"level":"info","message":"🚀 Redis connected","service":"neural-shop-backend","timestamp":"2026-04-03 17:39:22.164"}
{"category":"database","host":"localhost:27017","level":"info","message":"🗄️  Connected successfully","service":"neural-shop-backend","timestamp":"2026-04-03 17:39:22.190"}
{"level":"info","message":"🚀 Kafka producer connected","service":"neural-shop-backend","timestamp":"2026-04-03 17:39:22.200"}
{"level":"info","message":"Database URL mongodb://admin:admin@localhost:27017/neural_shop?authSource=admin","service":"neural-shop-backend","timestamp":"2026-04-03 17:39:25.311"}
{"environment":"development","level":"info","message":"🚀 Server is running on port 8000","port":8000,"service":"neural-shop-backend","timestamp":"2026-04-03 17:39:25.439"}
{"category":"database","level":"info","message":"🗄️  MongoDB connected","service":"neural-shop-backend","timestamp":"2026-04-03 17:39:25.441"}
{"level":"info","message":"✅ Redis Connected","service":"neural-shop-backend","timestamp":"2026-04-03 17:39:25.467"}
{"level":"info","message":"🚀 Redis Ready","service":"neural-shop-backend","timestamp":"2026-04-03 17:39:25.517"}
{"level":"info","message":"🚀 Redis connected","service":"neural-shop-backend","timestamp":"2026-04-03 17:39:25.518"}
{"category":"database","host":"localhost:27017","level":"info","message":"🗄️  Connected successfully","service":"neural-shop-backend","timestamp":"2026-04-03 17:39:25.526"}
{"level":"info","message":"🚀 Kafka producer connected","service":"neural-shop-backend","timestamp":"2026-04-03 17:39:25.560"}
{"level":"info","message":"Database URL mongodb://admin:admin@localhost:27017/neural_shop?authSource=admin","service":"neural-shop-backend","timestamp":"2026-04-03 17:39:29.866"}
{"environment":"development","level":"info","message":"🚀 Server is running on port 8000","port":8000,"service":"neural-shop-backend","timestamp":"2026-04-03 17:39:29.983"}
{"category":"database","level":"info","message":"🗄️  MongoDB connected","service":"neural-shop-backend","timestamp":"2026-04-03 17:39:29.984"}
{"level":"info","message":"✅ Redis Connected","service":"neural-shop-backend","timestamp":"2026-04-03 17:39:30.003"}
{"level":"info","message":"🚀 Redis Ready","service":"neural-shop-backend","timestamp":"2026-04-03 17:39:30.037"}
{"level":"info","message":"🚀 Redis connected","service":"neural-shop-backend","timestamp":"2026-04-03 17:39:30.041"}
{"category":"database","host":"localhost:27017","level":"info","message":"🗄️  Connected successfully","service":"neural-shop-backend","timestamp":"2026-04-03 17:39:30.065"}
{"level":"info","message":"🚀 Kafka producer connected","service":"neural-shop-backend","timestamp":"2026-04-03 17:39:30.075"}
{"level":"info","message":"Database URL mongodb://admin:admin@localhost:27017/neural_shop?authSource=admin","service":"neural-shop-backend","timestamp":"2026-04-03 17:39:33.690"}
{"environment":"development","level":"info","message":"🚀 Server is running on port 8000","port":8000,"service":"neural-shop-backend","timestamp":"2026-04-03 17:39:33.802"}
{"category":"database","level":"info","message":"🗄️  MongoDB connected","service":"neural-shop-backend","timestamp":"2026-04-03 17:39:33.803"}
{"level":"info","message":"✅ Redis Connected","service":"neural-shop-backend","timestamp":"2026-04-03 17:39:33.818"}
{"level":"info","message":"🚀 Redis Ready","service":"neural-shop-backend","timestamp":"2026-04-03 17:39:33.862"}
{"level":"info","message":"🚀 Redis connected","service":"neural-shop-backend","timestamp":"2026-04-03 17:39:33.864"}
{"category":"database","host":"localhost:27017","level":"info","message":"🗄️  Connected successfully","service":"neural-shop-backend","timestamp":"2026-04-03 17:39:33.871"}
{"level":"info","message":"🚀 Kafka producer connected","service":"neural-shop-backend","timestamp":"2026-04-03 17:39:33.894"}
{"level":"info","message":"Database URL mongodb://admin:admin@localhost:27017/neural_shop?authSource=admin","service":"neural-shop-backend","timestamp":"2026-04-03 17:39:37.481"}
{"environment":"development","level":"info","message":"🚀 Server is running on port 8000","port":8000,"service":"neural-shop-backend","timestamp":"2026-04-03 17:39:37.605"}
{"category":"database","level":"info","message":"🗄️  MongoDB connected","service":"neural-shop-backend","timestamp":"2026-04-03 17:39:37.606"}
{"level":"info","message":"✅ Redis Connected","service":"neural-shop-backend","timestamp":"2026-04-03 17:39:37.622"}
{"level":"info","message":"🚀 Redis Ready","service":"neural-shop-backend","timestamp":"2026-04-03 17:39:37.650"}
{"level":"info","message":"🚀 Redis connected","service":"neural-shop-backend","timestamp":"2026-04-03 17:39:37.652"}
{"category":"database","host":"localhost:27017","level":"info","message":"🗄️  Connected successfully","service":"neural-shop-backend","timestamp":"2026-04-03 17:39:37.682"}
{"level":"info","message":"🚀 Kafka producer connected","service":"neural-shop-backend","timestamp":"2026-04-03 17:39:37.691"}
{"level":"info","message":"Database URL mongodb://admin:admin@localhost:27017/neural_shop?authSource=admin","service":"neural-shop-backend","timestamp":"2026-04-03 17:39:59.622"}
{"environment":"development","level":"info","message":"🚀 Server is running on port 8000","port":8000,"service":"neural-shop-backend","timestamp":"2026-04-03 17:39:59.738"}
{"category":"database","level":"info","message":"🗄️  MongoDB connected","service":"neural-shop-backend","timestamp":"2026-04-03 17:39:59.739"}
{"level":"info","message":"✅ Redis Connected","service":"neural-shop-backend","timestamp":"2026-04-03 17:39:59.764"}
{"level":"info","message":"🚀 Redis Ready","service":"neural-shop-backend","timestamp":"2026-04-03 17:39:59.797"}
{"level":"info","message":"🚀 Redis connected","service":"neural-shop-backend","timestamp":"2026-04-03 17:39:59.799"}
{"category":"database","host":"localhost:27017","level":"info","message":"🗄️  Connected successfully","service":"neural-shop-backend","timestamp":"2026-04-03 17:39:59.820"}
{"level":"info","message":"🚀 Kafka producer connected","service":"neural-shop-backend","timestamp":"2026-04-03 17:39:59.845"}
{"level":"info","message":"Database URL mongodb://admin:admin@localhost:27017/neural_shop?authSource=admin","service":"neural-shop-backend","timestamp":"2026-04-03 17:40:07.200"}
{"environment":"development","level":"info","message":"🚀 Server is running on port 8000","port":8000,"service":"neural-shop-backend","timestamp":"2026-04-03 17:40:07.317"}
{"category":"database","level":"info","message":"🗄️  MongoDB connected","service":"neural-shop-backend","timestamp":"2026-04-03 17:40:07.318"}
{"level":"info","message":"✅ Redis Connected","service":"neural-shop-backend","timestamp":"2026-04-03 17:40:07.342"}
{"level":"info","message":"🚀 Redis Ready","service":"neural-shop-backend","timestamp":"2026-04-03 17:40:07.403"}
{"level":"info","message":"🚀 Redis connected","service":"neural-shop-backend","timestamp":"2026-04-03 17:40:07.405"}
{"category":"database","host":"localhost:27017","level":"info","message":"🗄️  Connected successfully","service":"neural-shop-backend","timestamp":"2026-04-03 17:40:07.412"}
{"level":"info","message":"🚀 Kafka producer connected","service":"neural-shop-backend","timestamp":"2026-04-03 17:40:07.443"}
{"level":"info","message":"Database URL mongodb://admin:admin@localhost:27017/neural_shop?authSource=admin","service":"neural-shop-backend","timestamp":"2026-04-03 17:40:09.737"}
{"environment":"development","level":"info","message":"🚀 Server is running on port 8000","port":8000,"service":"neural-shop-backend","timestamp":"2026-04-03 17:40:09.879"}
{"category":"database","level":"info","message":"🗄️  MongoDB connected","service":"neural-shop-backend","timestamp":"2026-04-03 17:40:09.880"}
{"level":"info","message":"✅ Redis Connected","service":"neural-shop-backend","timestamp":"2026-04-03 17:40:09.908"}
{"level":"info","message":"🚀 Redis Ready","service":"neural-shop-backend","timestamp":"2026-04-03 17:40:09.986"}
{"level":"info","message":"🚀 Redis connected","service":"neural-shop-backend","timestamp":"2026-04-03 17:40:09.989"}
{"category":"database","host":"localhost:27017","level":"info","message":"🗄️  Connected successfully","service":"neural-shop-backend","timestamp":"2026-04-03 17:40:10.000"}
{"level":"info","message":"🚀 Kafka producer connected","service":"neural-shop-backend","timestamp":"2026-04-03 17:40:10.038"}
{"level":"info","message":"Database URL mongodb://admin:admin@localhost:27017/neural_shop?authSource=admin","service":"neural-shop-backend","timestamp":"2026-04-03 17:40:22.011"}
{"environment":"development","level":"info","message":"🚀 Server is running on port 8000","port":8000,"service":"neural-shop-backend","timestamp":"2026-04-03 17:40:22.161"}
{"category":"database","level":"info","message":"🗄️  MongoDB connected","service":"neural-shop-backend","timestamp":"2026-04-03 17:40:22.163"}
{"level":"info","message":"✅ Redis Connected","service":"neural-shop-backend","timestamp":"2026-04-03 17:40:22.186"}
{"level":"info","message":"🚀 Redis Ready","service":"neural-shop-backend","timestamp":"2026-04-03 17:40:22.226"}
{"level":"info","message":"🚀 Redis connected","service":"neural-shop-backend","timestamp":"2026-04-03 17:40:22.228"}
{"category":"database","host":"localhost:27017","level":"info","message":"🗄️  Connected successfully","service":"neural-shop-backend","timestamp":"2026-04-03 17:40:22.259"}
{"level":"info","message":"🚀 Kafka producer connected","service":"neural-shop-backend","timestamp":"2026-04-03 17:40:22.269"}
{"level":"info","message":"Database URL mongodb://admin:admin@localhost:27017/neural_shop?authSource=admin","service":"neural-shop-backend","timestamp":"2026-04-03 17:40:26.315"}
{"environment":"development","level":"info","message":"🚀 Server is running on port 8000","port":8000,"service":"neural-shop-backend","timestamp":"2026-04-03 17:40:26.427"}
{"category":"database","level":"info","message":"🗄️  MongoDB connected","service":"neural-shop-backend","timestamp":"2026-04-03 17:40:26.428"}
{"level":"info","message":"✅ Redis Connected","service":"neural-shop-backend","timestamp":"2026-04-03 17:40:26.449"}
{"level":"info","message":"🚀 Redis Ready","service":"neural-shop-backend","timestamp":"2026-04-03 17:40:26.480"}
{"level":"info","message":"🚀 Redis connected","service":"neural-shop-backend","timestamp":"2026-04-03 17:40:26.482"}
{"category":"database","host":"localhost:27017","level":"info","message":"🗄️  Connected successfully","service":"neural-shop-backend","timestamp":"2026-04-03 17:40:26.507"}
{"level":"info","message":"🚀 Kafka producer connected","service":"neural-shop-backend","timestamp":"2026-04-03 17:40:26.516"}
{"level":"info","message":"Database URL mongodb://admin:admin@localhost:27017/neural_shop?authSource=admin","service":"neural-shop-backend","timestamp":"2026-04-03 17:40:30.249"}
{"environment":"development","level":"info","message":"🚀 Server is running on port 8000","port":8000,"service":"neural-shop-backend","timestamp":"2026-04-03 17:40:30.375"}
{"category":"database","level":"info","message":"🗄️  MongoDB connected","service":"neural-shop-backend","timestamp":"2026-04-03 17:40:30.376"}
{"level":"info","message":"✅ Redis Connected","service":"neural-shop-backend","timestamp":"2026-04-03 17:40:30.394"}
{"level":"info","message":"🚀 Redis Ready","service":"neural-shop-backend","timestamp":"2026-04-03 17:40:30.442"}
{"level":"info","message":"🚀 Redis connected","service":"neural-shop-backend","timestamp":"2026-04-03 17:40:30.444"}
{"category":"database","host":"localhost:27017","level":"info","message":"🗄️  Connected successfully","service":"neural-shop-backend","timestamp":"2026-04-03 17:40:30.471"}
{"level":"info","message":"🚀 Kafka producer connected","service":"neural-shop-backend","timestamp":"2026-04-03 17:40:30.485"}
{"level":"info","message":"Database URL mongodb://admin:admin@localhost:27017/neural_shop?authSource=admin","service":"neural-shop-backend","timestamp":"2026-04-03 17:40:37.843"}
{"environment":"development","level":"info","message":"🚀 Server is running on port 8000","port":8000,"service":"neural-shop-backend","timestamp":"2026-04-03 17:40:37.965"}
{"category":"database","level":"info","message":"🗄️  MongoDB connected","service":"neural-shop-backend","timestamp":"2026-04-03 17:40:37.966"}
{"level":"info","message":"✅ Redis Connected","service":"neural-shop-backend","timestamp":"2026-04-03 17:40:37.979"}
{"level":"info","message":"🚀 Redis Ready","service":"neural-shop-backend","timestamp":"2026-04-03 17:40:38.021"}
{"level":"info","message":"🚀 Redis connected","service":"neural-shop-backend","timestamp":"2026-04-03 17:40:38.022"}
{"category":"database","host":"localhost:27017","level":"info","message":"🗄️  Connected successfully","service":"neural-shop-backend","timestamp":"2026-04-03 17:40:38.029"}
{"level":"info","message":"🚀 Kafka producer connected","service":"neural-shop-backend","timestamp":"2026-04-03 17:40:38.052"}
{"level":"info","message":"Database URL mongodb://admin:admin@localhost:27017/neural_shop?authSource=admin","service":"neural-shop-backend","timestamp":"2026-04-03 17:40:41.796"}
{"environment":"development","level":"info","message":"🚀 Server is running on port 8000","port":8000,"service":"neural-shop-backend","timestamp":"2026-04-03 17:40:41.917"}
{"category":"database","level":"info","message":"🗄️  MongoDB connected","service":"neural-shop-backend","timestamp":"2026-04-03 17:40:41.918"}
{"level":"info","message":"✅ Redis Connected","service":"neural-shop-backend","timestamp":"2026-04-03 17:40:41.944"}
{"level":"info","message":"🚀 Redis Ready","service":"neural-shop-backend","timestamp":"2026-04-03 17:40:41.978"}
{"level":"info","message":"🚀 Redis connected","service":"neural-shop-backend","timestamp":"2026-04-03 17:40:41.979"}
{"category":"database","host":"localhost:27017","level":"info","message":"🗄️  Connected successfully","service":"neural-shop-backend","timestamp":"2026-04-03 17:40:42.005"}
{"level":"info","message":"🚀 Kafka producer connected","service":"neural-shop-backend","timestamp":"2026-04-03 17:40:42.013"}
{"level":"info","message":"Database URL mongodb://admin:admin@localhost:27017/neural_shop?authSource=admin","service":"neural-shop-backend","timestamp":"2026-04-03 17:40:59.377"}
{"environment":"development","level":"info","message":"🚀 Server is running on port 8000","port":8000,"service":"neural-shop-backend","timestamp":"2026-04-03 17:40:59.520"}
{"category":"database","level":"info","message":"🗄️  MongoDB connected","service":"neural-shop-backend","timestamp":"2026-04-03 17:40:59.521"}
{"level":"info","message":"✅ Redis Connected","service":"neural-shop-backend","timestamp":"2026-04-03 17:40:59.549"}
{"level":"info","message":"🚀 Redis Ready","service":"neural-shop-backend","timestamp":"2026-04-03 17:40:59.599"}
{"level":"info","message":"🚀 Redis connected","service":"neural-shop-backend","timestamp":"2026-04-03 17:40:59.601"}
{"category":"database","host":"localhost:27017","level":"info","message":"🗄️  Connected successfully","service":"neural-shop-backend","timestamp":"2026-04-03 17:40:59.610"}
{"level":"info","message":"🚀 Kafka producer connected","service":"neural-shop-backend","timestamp":"2026-04-03 17:40:59.646"}
{"level":"info","message":"Database URL mongodb://admin:admin@localhost:27017/neural_shop?authSource=admin","service":"neural-shop-backend","timestamp":"2026-04-03 17:41:07.379"}
{"environment":"development","level":"info","message":"🚀 Server is running on port 8000","port":8000,"service":"neural-shop-backend","timestamp":"2026-04-03 17:41:07.486"}
{"category":"database","level":"info","message":"🗄️  MongoDB connected","service":"neural-shop-backend","timestamp":"2026-04-03 17:41:07.487"}
{"level":"info","message":"✅ Redis Connected","service":"neural-shop-backend","timestamp":"2026-04-03 17:41:07.506"}
{"level":"info","message":"🚀 Redis Ready","service":"neural-shop-backend","timestamp":"2026-04-03 17:41:07.552"}
{"level":"info","message":"🚀 Redis connected","service":"neural-shop-backend","timestamp":"2026-04-03 17:41:07.553"}
{"category":"database","host":"localhost:27017","level":"info","message":"🗄️  Connected successfully","service":"neural-shop-backend","timestamp":"2026-04-03 17:41:07.561"}
{"level":"info","message":"🚀 Kafka producer connected","service":"neural-shop-backend","timestamp":"2026-04-03 17:41:07.584"}
{"level":"info","message":"Database URL mongodb://admin:admin@localhost:27017/neural_shop?authSource=admin","service":"neural-shop-backend","timestamp":"2026-04-03 17:41:20.755"}
{"environment":"development","level":"info","message":"🚀 Server is running on port 8000","port":8000,"service":"neural-shop-backend","timestamp":"2026-04-03 17:41:20.893"}
{"category":"database","level":"info","message":"🗄️  MongoDB connected","service":"neural-shop-backend","timestamp":"2026-04-03 17:41:20.894"}
{"level":"info","message":"✅ Redis Connected","service":"neural-shop-backend","timestamp":"2026-04-03 17:41:20.906"}
{"level":"info","message":"🚀 Redis Ready","service":"neural-shop-backend","timestamp":"2026-04-03 17:41:20.937"}
{"level":"info","message":"🚀 Redis connected","service":"neural-shop-backend","timestamp":"2026-04-03 17:41:20.939"}
{"category":"database","host":"localhost:27017","level":"info","message":"🗄️  Connected successfully","service":"neural-shop-backend","timestamp":"2026-04-03 17:41:20.964"}
{"level":"info","message":"🚀 Kafka producer connected","service":"neural-shop-backend","timestamp":"2026-04-03 17:41:20.973"}
{"level":"info","message":"Database URL mongodb://admin:admin@localhost:27017/neural_shop?authSource=admin","service":"neural-shop-backend","timestamp":"2026-04-03 17:41:30.462"}
{"environment":"development","level":"info","message":"🚀 Server is running on port 8000","port":8000,"service":"neural-shop-backend","timestamp":"2026-04-03 17:41:30.644"}
{"category":"database","level":"info","message":"🗄️  MongoDB connected","service":"neural-shop-backend","timestamp":"2026-04-03 17:41:30.645"}
{"level":"info","message":"✅ Redis Connected","service":"neural-shop-backend","timestamp":"2026-04-03 17:41:30.670"}
{"level":"info","message":"🚀 Redis Ready","service":"neural-shop-backend","timestamp":"2026-04-03 17:41:30.704"}
{"level":"info","message":"🚀 Redis connected","service":"neural-shop-backend","timestamp":"2026-04-03 17:41:30.705"}
{"category":"database","host":"localhost:27017","level":"info","message":"🗄️  Connected successfully","service":"neural-shop-backend","timestamp":"2026-04-03 17:41:30.733"}
{"level":"info","message":"🚀 Kafka producer connected","service":"neural-shop-backend","timestamp":"2026-04-03 17:41:30.742"}
{"level":"info","message":"Database URL mongodb://admin:admin@localhost:27017/neural_shop?authSource=admin","service":"neural-shop-backend","timestamp":"2026-04-03 17:41:36.809"}
{"environment":"development","level":"info","message":"🚀 Server is running on port 8000","port":8000,"service":"neural-shop-backend","timestamp":"2026-04-03 17:41:36.946"}
{"category":"database","level":"info","message":"🗄️  MongoDB connected","service":"neural-shop-backend","timestamp":"2026-04-03 17:41:36.947"}
{"level":"info","message":"✅ Redis Connected","service":"neural-shop-backend","timestamp":"2026-04-03 17:41:36.979"}
{"level":"info","message":"🚀 Redis Ready","service":"neural-shop-backend","timestamp":"2026-04-03 17:41:37.032"}
{"level":"info","message":"🚀 Redis connected","service":"neural-shop-backend","timestamp":"2026-04-03 17:41:37.035"}
{"category":"database","host":"localhost:27017","level":"info","message":"🗄️  Connected successfully","service":"neural-shop-backend","timestamp":"2026-04-03 17:41:37.067"}
{"level":"info","message":"🚀 Kafka producer connected","service":"neural-shop-backend","timestamp":"2026-04-03 17:41:37.076"}
{"level":"info","message":"🚀 Kafka consumers started","service":"neural-shop-backend","timestamp":"2026-04-03 17:41:58.084"}
{"level":"info","message":"Database URL mongodb://admin:admin@localhost:27017/neural_shop?authSource=admin","service":"neural-shop-backend","timestamp":"2026-04-03 17:42:30.024"}
{"environment":"development","level":"info","message":"🚀 Server is running on port 8000","port":8000,"service":"neural-shop-backend","timestamp":"2026-04-03 17:42:30.161"}
{"category":"database","level":"info","message":"🗄️  MongoDB connected","service":"neural-shop-backend","timestamp":"2026-04-03 17:42:30.163"}
{"level":"info","message":"✅ Redis Connected","service":"neural-shop-backend","timestamp":"2026-04-03 17:42:30.186"}
{"level":"info","message":"🚀 Redis Ready","service":"neural-shop-backend","timestamp":"2026-04-03 17:42:30.229"}
{"level":"info","message":"🚀 Redis connected","service":"neural-shop-backend","timestamp":"2026-04-03 17:42:30.231"}
{"category":"database","host":"localhost:27017","level":"info","message":"🗄️  Connected successfully","service":"neural-shop-backend","timestamp":"2026-04-03 17:42:30.260"}
{"level":"info","message":"🚀 Kafka producer connected","service":"neural-shop-backend","timestamp":"2026-04-03 17:42:30.271"}
{"level":"info","message":"🚀 Kafka consumers started","service":"neural-shop-backend","timestamp":"2026-04-03 17:42:55.447"}
{"level":"info","message":"Database URL mongodb://admin:admin@localhost:27017/neural_shop?authSource=admin","service":"neural-shop-backend","timestamp":"2026-04-03 17:44:09.038"}
{"environment":"development","level":"info","message":"🚀 Server is running on port 8000","port":8000,"service":"neural-shop-backend","timestamp":"2026-04-03 17:44:09.150"}
{"category":"database","level":"info","message":"🗄️  MongoDB connected","service":"neural-shop-backend","timestamp":"2026-04-03 17:44:09.151"}
{"level":"info","message":"✅ Redis Connected","service":"neural-shop-backend","timestamp":"2026-04-03 17:44:09.177"}
{"level":"info","message":"🚀 Redis Ready","service":"neural-shop-backend","timestamp":"2026-04-03 17:44:09.249"}
{"category":"database","host":"localhost:27017","level":"info","message":"🗄️  Connected successfully","service":"neural-shop-backend","timestamp":"2026-04-03 17:44:09.256"}
{"level":"info","message":"🚀 Redis connected","service":"neural-shop-backend","timestamp":"2026-04-03 17:44:09.268"}
{"level":"info","message":"🚀 Kafka producer connected","service":"neural-shop-backend","timestamp":"2026-04-03 17:44:09.294"}
{"level":"info","message":"Database URL mongodb://admin:admin@localhost:27017/neural_shop?authSource=admin","service":"neural-shop-backend","timestamp":"2026-04-03 17:44:26.938"}
{"environment":"development","level":"info","message":"🚀 Server is running on port 8000","port":8000,"service":"neural-shop-backend","timestamp":"2026-04-03 17:44:27.169"}
{"category":"database","level":"info","message":"🗄️  MongoDB connected","service":"neural-shop-backend","timestamp":"2026-04-03 17:44:27.170"}
{"level":"info","message":"✅ Redis Connected","service":"neural-shop-backend","timestamp":"2026-04-03 17:44:27.187"}
{"level":"info","message":"🚀 Redis Ready","service":"neural-shop-backend","timestamp":"2026-04-03 17:44:27.223"}
{"level":"info","message":"🚀 Redis connected","service":"neural-shop-backend","timestamp":"2026-04-03 17:44:27.225"}
{"category":"database","host":"localhost:27017","level":"info","message":"🗄️  Connected successfully","service":"neural-shop-backend","timestamp":"2026-04-03 17:44:27.252"}
{"level":"info","message":"🚀 Kafka producer connected","service":"neural-shop-backend","timestamp":"2026-04-03 17:44:27.262"}
{"level":"info","message":"🚀 Kafka consumers started","service":"neural-shop-backend","timestamp":"2026-04-03 17:44:31.079"}
{"level":"info","message":"Database URL mongodb://admin:admin@localhost:27017/neural_shop?authSource=admin","service":"neural-shop-backend","timestamp":"2026-04-03 17:44:35.880"}
{"environment":"development","level":"info","message":"🚀 Server is running on port 8000","port":8000,"service":"neural-shop-backend","timestamp":"2026-04-03 17:44:35.998"}
{"category":"database","level":"info","message":"🗄️  MongoDB connected","service":"neural-shop-backend","timestamp":"2026-04-03 17:44:35.999"}
{"level":"info","message":"✅ Redis Connected","service":"neural-shop-backend","timestamp":"2026-04-03 17:44:36.020"}
{"level":"info","message":"🚀 Redis Ready","service":"neural-shop-backend","timestamp":"2026-04-03 17:44:36.065"}
{"level":"info","message":"🚀 Redis connected","service":"neural-shop-backend","timestamp":"2026-04-03 17:44:36.067"}
{"category":"database","host":"localhost:27017","level":"info","message":"🗄️  Connected successfully","service":"neural-shop-backend","timestamp":"2026-04-03 17:44:36.074"}
{"level":"info","message":"🚀 Kafka producer connected","service":"neural-shop-backend","timestamp":"2026-04-03 17:44:36.097"}
{"level":"info","message":"Database URL mongodb://admin:admin@localhost:27017/neural_shop?authSource=admin","service":"neural-shop-backend","timestamp":"2026-04-03 17:44:39.260"}
{"environment":"development","level":"info","message":"🚀 Server is running on port 8000","port":8000,"service":"neural-shop-backend","timestamp":"2026-04-03 17:44:39.376"}
{"category":"database","level":"info","message":"🗄️  MongoDB connected","service":"neural-shop-backend","timestamp":"2026-04-03 17:44:39.378"}
{"level":"info","message":"✅ Redis Connected","service":"neural-shop-backend","timestamp":"2026-04-03 17:44:39.402"}
{"level":"info","message":"🚀 Redis Ready","service":"neural-shop-backend","timestamp":"2026-04-03 17:44:39.437"}
{"level":"info","message":"🚀 Redis connected","service":"neural-shop-backend","timestamp":"2026-04-03 17:44:39.439"}
{"category":"database","host":"localhost:27017","level":"info","message":"🗄️  Connected successfully","service":"neural-shop-backend","timestamp":"2026-04-03 17:44:39.466"}
{"level":"info","message":"🚀 Kafka producer connected","service":"neural-shop-backend","timestamp":"2026-04-03 17:44:39.477"}
{"level":"info","message":"Database URL mongodb://admin:admin@localhost:27017/neural_shop?authSource=admin","service":"neural-shop-backend","timestamp":"2026-04-03 17:44:42.400"}
{"environment":"development","level":"info","message":"🚀 Server is running on port 8000","port":8000,"service":"neural-shop-backend","timestamp":"2026-04-03 17:44:42.538"}
{"category":"database","level":"info","message":"🗄️  MongoDB connected","service":"neural-shop-backend","timestamp":"2026-04-03 17:44:42.539"}
{"level":"info","message":"✅ Redis Connected","service":"neural-shop-backend","timestamp":"2026-04-03 17:44:42.560"}
{"level":"info","message":"🚀 Redis Ready","service":"neural-shop-backend","timestamp":"2026-04-03 17:44:42.600"}
{"level":"info","message":"🚀 Redis connected","service":"neural-shop-backend","timestamp":"2026-04-03 17:44:42.602"}
{"category":"database","host":"localhost:27017","level":"info","message":"🗄️  Connected successfully","service":"neural-shop-backend","timestamp":"2026-04-03 17:44:42.636"}
{"level":"info","message":"🚀 Kafka producer connected","service":"neural-shop-backend","timestamp":"2026-04-03 17:44:42.649"}
{"level":"info","message":"Database URL mongodb://admin:admin@localhost:27017/neural_shop?authSource=admin","service":"neural-shop-backend","timestamp":"2026-04-03 17:44:47.638"}
{"environment":"development","level":"info","message":"🚀 Server is running on port 8000","port":8000,"service":"neural-shop-backend","timestamp":"2026-04-03 17:44:47.757"}
{"category":"database","level":"info","message":"🗄️  MongoDB connected","service":"neural-shop-backend","timestamp":"2026-04-03 17:44:47.758"}
{"level":"info","message":"✅ Redis Connected","service":"neural-shop-backend","timestamp":"2026-04-03 17:44:47.772"}
{"level":"info","message":"🚀 Redis Ready","service":"neural-shop-backend","timestamp":"2026-04-03 17:44:47.819"}
{"category":"database","host":"localhost:27017","level":"info","message":"🗄️  Connected successfully","service":"neural-shop-backend","timestamp":"2026-04-03 17:44:47.823"}
{"level":"info","message":"🚀 Redis connected","service":"neural-shop-backend","timestamp":"2026-04-03 17:44:47.833"}
{"level":"info","message":"🚀 Kafka producer connected","service":"neural-shop-backend","timestamp":"2026-04-03 17:44:47.862"}
{"level":"info","message":"Database URL mongodb://admin:admin@localhost:27017/neural_shop?authSource=admin","service":"neural-shop-backend","timestamp":"2026-04-03 17:45:11.108"}
{"environment":"development","level":"info","message":"🚀 Server is running on port 8000","port":8000,"service":"neural-shop-backend","timestamp":"2026-04-03 17:45:11.226"}
{"category":"database","level":"info","message":"🗄️  MongoDB connected","service":"neural-shop-backend","timestamp":"2026-04-03 17:45:11.227"}
{"level":"info","message":"✅ Redis Connected","service":"neural-shop-backend","timestamp":"2026-04-03 17:45:11.242"}
{"level":"info","message":"🚀 Redis Ready","service":"neural-shop-backend","timestamp":"2026-04-03 17:45:11.276"}
{"level":"info","message":"🚀 Redis connected","service":"neural-shop-backend","timestamp":"2026-04-03 17:45:11.278"}
{"category":"database","host":"localhost:27017","level":"info","message":"🗄️  Connected successfully","service":"neural-shop-backend","timestamp":"2026-04-03 17:45:11.306"}
{"level":"info","message":"🚀 Kafka producer connected","service":"neural-shop-backend","timestamp":"2026-04-03 17:45:11.317"}
{"level":"info","message":"🚀 Kafka consumers started","service":"neural-shop-backend","timestamp":"2026-04-03 17:45:38.734"}
{"level":"info","message":"Database URL mongodb://admin:admin@localhost:27017/neural_shop?authSource=admin","service":"neural-shop-backend","timestamp":"2026-04-03 17:45:42.578"}
{"environment":"development","level":"info","message":"🚀 Server is running on port 8000","port":8000,"service":"neural-shop-backend","timestamp":"2026-04-03 17:45:42.838"}
{"category":"database","level":"info","message":"🗄️  MongoDB connected","service":"neural-shop-backend","timestamp":"2026-04-03 17:45:42.840"}
{"level":"info","message":"✅ Redis Connected","service":"neural-shop-backend","timestamp":"2026-04-03 17:45:42.859"}
{"category":"database","host":"localhost:27017","level":"info","message":"🗄️  Connected successfully","service":"neural-shop-backend","timestamp":"2026-04-03 17:45:42.927"}
{"level":"info","message":"🚀 Redis Ready","service":"neural-shop-backend","timestamp":"2026-04-03 17:45:42.938"}
{"level":"info","message":"🚀 Redis connected","service":"neural-shop-backend","timestamp":"2026-04-03 17:45:42.950"}
{"level":"info","message":"🚀 Kafka producer connected","service":"neural-shop-backend","timestamp":"2026-04-03 17:45:42.994"}
{"level":"info","message":"Database URL mongodb://admin:admin@localhost:27017/neural_shop?authSource=admin","service":"neural-shop-backend","timestamp":"2026-04-03 17:45:51.431"}
{"environment":"development","level":"info","message":"🚀 Server is running on port 8000","port":8000,"service":"neural-shop-backend","timestamp":"2026-04-03 17:45:51.552"}
{"category":"database","level":"info","message":"🗄️  MongoDB connected","service":"neural-shop-backend","timestamp":"2026-04-03 17:45:51.554"}
{"level":"info","message":"✅ Redis Connected","service":"neural-shop-backend","timestamp":"2026-04-03 17:45:51.571"}
{"level":"info","message":"🚀 Redis Ready","service":"neural-shop-backend","timestamp":"2026-04-03 17:45:51.610"}
{"level":"info","message":"🚀 Redis connected","service":"neural-shop-backend","timestamp":"2026-04-03 17:45:51.611"}
{"category":"database","host":"localhost:27017","level":"info","message":"🗄️  Connected successfully","service":"neural-shop-backend","timestamp":"2026-04-03 17:45:51.639"}
{"level":"info","message":"🚀 Kafka producer connected","service":"neural-shop-backend","timestamp":"2026-04-03 17:45:51.653"}
{"level":"info","message":"Database URL mongodb://admin:admin@localhost:27017/neural_shop?authSource=admin","service":"neural-shop-backend","timestamp":"2026-04-03 17:46:02.599"}
{"environment":"development","level":"info","message":"🚀 Server is running on port 8000","port":8000,"service":"neural-shop-backend","timestamp":"2026-04-03 17:46:02.761"}
{"category":"database","level":"info","message":"🗄️  MongoDB connected","service":"neural-shop-backend","timestamp":"2026-04-03 17:46:02.763"}
{"level":"info","message":"✅ Redis Connected","service":"neural-shop-backend","timestamp":"2026-04-03 17:46:02.814"}
{"category":"database","host":"localhost:27017","level":"info","message":"🗄️  Connected successfully","service":"neural-shop-backend","timestamp":"2026-04-03 17:46:02.895"}
{"level":"info","message":"🚀 Redis Ready","service":"neural-shop-backend","timestamp":"2026-04-03 17:46:02.909"}
{"level":"info","message":"🚀 Redis connected","service":"neural-shop-backend","timestamp":"2026-04-03 17:46:02.921"}
{"level":"info","message":"🚀 Kafka producer connected","service":"neural-shop-backend","timestamp":"2026-04-03 17:46:02.979"}
{"level":"info","message":"🚀 Kafka consumers started","service":"neural-shop-backend","timestamp":"2026-04-03 17:46:06.101"}
{"level":"info","message":"Database URL mongodb://admin:admin@localhost:27017/neural_shop?authSource=admin","service":"neural-shop-backend","timestamp":"2026-04-03 17:46:08.987"}
{"environment":"development","level":"info","message":"🚀 Server is running on port 8000","port":8000,"service":"neural-shop-backend","timestamp":"2026-04-03 17:46:09.106"}
{"category":"database","level":"info","message":"🗄️  MongoDB connected","service":"neural-shop-backend","timestamp":"2026-04-03 17:46:09.107"}
{"level":"info","message":"✅ Redis Connected","service":"neural-shop-backend","timestamp":"2026-04-03 17:46:09.119"}
{"level":"info","message":"🚀 Redis Ready","service":"neural-shop-backend","timestamp":"2026-04-03 17:46:09.165"}
{"level":"info","message":"🚀 Redis connected","service":"neural-shop-backend","timestamp":"2026-04-03 17:46:09.167"}
{"category":"database","host":"localhost:27017","level":"info","message":"🗄️  Connected successfully","service":"neural-shop-backend","timestamp":"2026-04-03 17:46:09.174"}
{"level":"info","message":"🚀 Kafka producer connected","service":"neural-shop-backend","timestamp":"2026-04-03 17:46:09.200"}
{"level":"info","message":"🚀 Kafka consumers started","service":"neural-shop-backend","timestamp":"2026-04-03 17:46:33.453"}
{"level":"info","message":"Database URL mongodb://admin:admin@localhost:27017/neural_shop?authSource=admin","service":"neural-shop-backend","timestamp":"2026-04-03 17:46:36.183"}
{"environment":"development","level":"info","message":"🚀 Server is running on port 8000","port":8000,"service":"neural-shop-backend","timestamp":"2026-04-03 17:46:36.331"}
{"category":"database","level":"info","message":"🗄️  MongoDB connected","service":"neural-shop-backend","timestamp":"2026-04-03 17:46:36.332"}
{"level":"info","message":"✅ Redis Connected","service":"neural-shop-backend","timestamp":"2026-04-03 17:46:36.342"}
{"level":"info","message":"🚀 Redis Ready","service":"neural-shop-backend","timestamp":"2026-04-03 17:46:36.378"}
{"level":"info","message":"🚀 Redis connected","service":"neural-shop-backend","timestamp":"2026-04-03 17:46:36.380"}
{"category":"database","host":"localhost:27017","level":"info","message":"🗄️  Connected successfully","service":"neural-shop-backend","timestamp":"2026-04-03 17:46:36.388"}
{"level":"info","message":"🚀 Kafka producer connected","service":"neural-shop-backend","timestamp":"2026-04-03 17:46:36.423"}
{"level":"info","message":"Database URL mongodb://admin:admin@localhost:27017/neural_shop?authSource=admin","service":"neural-shop-backend","timestamp":"2026-04-03 17:46:39.205"}
{"environment":"development","level":"info","message":"🚀 Server is running on port 8000","port":8000,"service":"neural-shop-backend","timestamp":"2026-04-03 17:46:39.334"}
{"category":"database","level":"info","message":"🗄️  MongoDB connected","service":"neural-shop-backend","timestamp":"2026-04-03 17:46:39.335"}
{"level":"info","message":"✅ Redis Connected","service":"neural-shop-backend","timestamp":"2026-04-03 17:46:39.353"}
{"level":"info","message":"🚀 Redis Ready","service":"neural-shop-backend","timestamp":"2026-04-03 17:46:39.391"}
{"level":"info","message":"🚀 Redis connected","service":"neural-shop-backend","timestamp":"2026-04-03 17:46:39.403"}
{"category":"database","host":"localhost:27017","level":"info","message":"🗄️  Connected successfully","service":"neural-shop-backend","timestamp":"2026-04-03 17:46:39.413"}
{"level":"info","message":"🚀 Kafka producer connected","service":"neural-shop-backend","timestamp":"2026-04-03 17:46:39.439"}
{"level":"info","message":"Database URL mongodb://admin:admin@localhost:27017/neural_shop?authSource=admin","service":"neural-shop-backend","timestamp":"2026-04-03 17:47:01.528"}
{"environment":"development","level":"info","message":"🚀 Server is running on port 8000","port":8000,"service":"neural-shop-backend","timestamp":"2026-04-03 17:47:01.662"}
{"category":"database","level":"info","message":"🗄️  MongoDB connected","service":"neural-shop-backend","timestamp":"2026-04-03 17:47:01.663"}
{"level":"info","message":"✅ Redis Connected","service":"neural-shop-backend","timestamp":"2026-04-03 17:47:01.688"}
{"level":"info","message":"🚀 Redis Ready","service":"neural-shop-backend","timestamp":"2026-04-03 17:47:01.723"}
{"level":"info","message":"🚀 Redis connected","service":"neural-shop-backend","timestamp":"2026-04-03 17:47:01.725"}
{"category":"database","host":"localhost:27017","level":"info","message":"🗄️  Connected successfully","service":"neural-shop-backend","timestamp":"2026-04-03 17:47:01.753"}
{"level":"info","message":"🚀 Kafka producer connected","service":"neural-shop-backend","timestamp":"2026-04-03 17:47:01.763"}
{"category":"http","ip":"::1","level":"info","message":"→ POST /login [200]","service":"neural-shop-backend","timestamp":"2026-04-03 17:47:20.245","userAgent":"PostmanRuntime/7.53.0"}
{"level":"info","message":"🚀 Kafka consumers started","service":"neural-shop-backend","timestamp":"2026-04-03 17:47:29.482"}
{"category":"http","ip":"::1","level":"info","message":"→ POST /login [200]","service":"neural-shop-backend","timestamp":"2026-04-03 17:47:37.419","userAgent":"PostmanRuntime/7.53.0"}
{"level":"info","message":"Database URL mongodb://admin:admin@localhost:27017/neural_shop?authSource=admin","service":"neural-shop-backend","timestamp":"2026-04-03 17:48:15.402"}
{"environment":"development","level":"info","message":"🚀 Server is running on port 8000","port":8000,"service":"neural-shop-backend","timestamp":"2026-04-03 17:48:15.532"}
{"category":"database","level":"info","message":"🗄️  MongoDB connected","service":"neural-shop-backend","timestamp":"2026-04-03 17:48:15.533"}
{"level":"info","message":"✅ Redis Connected","service":"neural-shop-backend","timestamp":"2026-04-03 17:48:15.557"}
{"level":"info","message":"🚀 Redis Ready","service":"neural-shop-backend","timestamp":"2026-04-03 17:48:15.595"}
{"level":"info","message":"🚀 Redis connected","service":"neural-shop-backend","timestamp":"2026-04-03 17:48:15.596"}
{"category":"database","host":"localhost:27017","level":"info","message":"🗄️  Connected successfully","service":"neural-shop-backend","timestamp":"2026-04-03 17:48:15.626"}
{"level":"info","message":"🚀 Kafka producer connected","service":"neural-shop-backend","timestamp":"2026-04-03 17:48:15.639"}
{"level":"info","message":"Database URL mongodb://admin:admin@localhost:27017/neural_shop?authSource=admin","service":"neural-shop-backend","timestamp":"2026-04-03 17:48:17.762"}
{"environment":"development","level":"info","message":"🚀 Server is running on port 8000","port":8000,"service":"neural-shop-backend","timestamp":"2026-04-03 17:48:17.879"}
{"category":"database","level":"info","message":"🗄️  MongoDB connected","service":"neural-shop-backend","timestamp":"2026-04-03 17:48:17.880"}
{"level":"info","message":"✅ Redis Connected","service":"neural-shop-backend","timestamp":"2026-04-03 17:48:17.898"}
{"level":"info","message":"🚀 Redis Ready","service":"neural-shop-backend","timestamp":"2026-04-03 17:48:17.944"}
{"level":"info","message":"🚀 Redis connected","service":"neural-shop-backend","timestamp":"2026-04-03 17:48:17.946"}
{"category":"database","host":"localhost:27017","level":"info","message":"🗄️  Connected successfully","service":"neural-shop-backend","timestamp":"2026-04-03 17:48:17.952"}
{"level":"info","message":"🚀 Kafka producer connected","service":"neural-shop-backend","timestamp":"2026-04-03 17:48:17.977"}
{"level":"info","message":"Database URL mongodb://admin:admin@localhost:27017/neural_shop?authSource=admin","service":"neural-shop-backend","timestamp":"2026-04-03 17:48:24.420"}
{"environment":"development","level":"info","message":"🚀 Server is running on port 8000","port":8000,"service":"neural-shop-backend","timestamp":"2026-04-03 17:48:24.563"}
{"category":"database","level":"info","message":"🗄️  MongoDB connected","service":"neural-shop-backend","timestamp":"2026-04-03 17:48:24.564"}
{"level":"info","message":"✅ Redis Connected","service":"neural-shop-backend","timestamp":"2026-04-03 17:48:24.586"}
{"level":"info","message":"🚀 Redis Ready","service":"neural-shop-backend","timestamp":"2026-04-03 17:48:24.618"}
{"level":"info","message":"🚀 Redis connected","service":"neural-shop-backend","timestamp":"2026-04-03 17:48:24.620"}
{"category":"database","host":"localhost:27017","level":"info","message":"🗄️  Connected successfully","service":"neural-shop-backend","timestamp":"2026-04-03 17:48:24.639"}
{"level":"info","message":"🚀 Kafka producer connected","service":"neural-shop-backend","timestamp":"2026-04-03 17:48:24.667"}
{"level":"info","message":"Database URL mongodb://admin:admin@localhost:27017/neural_shop?authSource=admin","service":"neural-shop-backend","timestamp":"2026-04-03 17:48:27.799"}
{"environment":"development","level":"info","message":"🚀 Server is running on port 8000","port":8000,"service":"neural-shop-backend","timestamp":"2026-04-03 17:48:27.941"}
{"category":"database","level":"info","message":"🗄️  MongoDB connected","service":"neural-shop-backend","timestamp":"2026-04-03 17:48:27.942"}
{"level":"info","message":"✅ Redis Connected","service":"neural-shop-backend","timestamp":"2026-04-03 17:48:27.961"}
{"level":"info","message":"🚀 Redis Ready","service":"neural-shop-backend","timestamp":"2026-04-03 17:48:28.005"}
{"level":"info","message":"🚀 Redis connected","service":"neural-shop-backend","timestamp":"2026-04-03 17:48:28.007"}
{"category":"database","host":"localhost:27017","level":"info","message":"🗄️  Connected successfully","service":"neural-shop-backend","timestamp":"2026-04-03 17:48:28.015"}
{"level":"info","message":"🚀 Kafka producer connected","service":"neural-shop-backend","timestamp":"2026-04-03 17:48:28.045"}
{"level":"info","message":"Database URL mongodb://admin:admin@localhost:27017/neural_shop?authSource=admin","service":"neural-shop-backend","timestamp":"2026-04-03 17:48:30.709"}
{"environment":"development","level":"info","message":"🚀 Server is running on port 8000","port":8000,"service":"neural-shop-backend","timestamp":"2026-04-03 17:48:30.828"}
{"category":"database","level":"info","message":"🗄️  MongoDB connected","service":"neural-shop-backend","timestamp":"2026-04-03 17:48:30.829"}
{"level":"info","message":"✅ Redis Connected","service":"neural-shop-backend","timestamp":"2026-04-03 17:48:30.849"}
{"level":"info","message":"🚀 Redis Ready","service":"neural-shop-backend","timestamp":"2026-04-03 17:48:30.882"}
{"level":"info","message":"🚀 Redis connected","service":"neural-shop-backend","timestamp":"2026-04-03 17:48:30.883"}
{"category":"database","host":"localhost:27017","level":"info","message":"🗄️  Connected successfully","service":"neural-shop-backend","timestamp":"2026-04-03 17:48:30.907"}
{"level":"info","message":"🚀 Kafka producer connected","service":"neural-shop-backend","timestamp":"2026-04-03 17:48:30.918"}
{"level":"info","message":"Database URL mongodb://admin:admin@localhost:27017/neural_shop?authSource=admin","service":"neural-shop-backend","timestamp":"2026-04-03 17:48:35.703"}
{"environment":"development","level":"info","message":"🚀 Server is running on port 8000","port":8000,"service":"neural-shop-backend","timestamp":"2026-04-03 17:48:35.830"}
{"category":"database","level":"info","message":"🗄️  MongoDB connected","service":"neural-shop-backend","timestamp":"2026-04-03 17:48:35.831"}
{"level":"info","message":"✅ Redis Connected","service":"neural-shop-backend","timestamp":"2026-04-03 17:48:35.854"}
{"category":"database","host":"localhost:27017","level":"info","message":"🗄️  Connected successfully","service":"neural-shop-backend","timestamp":"2026-04-03 17:48:35.908"}
{"level":"info","message":"🚀 Redis Ready","service":"neural-shop-backend","timestamp":"2026-04-03 17:48:35.919"}
{"level":"info","message":"🚀 Redis connected","service":"neural-shop-backend","timestamp":"2026-04-03 17:48:35.931"}
{"level":"info","message":"🚀 Kafka producer connected","service":"neural-shop-backend","timestamp":"2026-04-03 17:48:35.988"}
{"level":"info","message":"Database URL mongodb://admin:admin@localhost:27017/neural_shop?authSource=admin","service":"neural-shop-backend","timestamp":"2026-04-03 17:48:38.522"}
{"environment":"development","level":"info","message":"🚀 Server is running on port 8000","port":8000,"service":"neural-shop-backend","timestamp":"2026-04-03 17:48:38.648"}
{"category":"database","level":"info","message":"🗄️  MongoDB connected","service":"neural-shop-backend","timestamp":"2026-04-03 17:48:38.650"}
{"level":"info","message":"✅ Redis Connected","service":"neural-shop-backend","timestamp":"2026-04-03 17:48:38.674"}
{"level":"info","message":"🚀 Redis Ready","service":"neural-shop-backend","timestamp":"2026-04-03 17:48:38.705"}
{"level":"info","message":"🚀 Redis connected","service":"neural-shop-backend","timestamp":"2026-04-03 17:48:38.707"}
{"category":"database","host":"localhost:27017","level":"info","message":"🗄️  Connected successfully","service":"neural-shop-backend","timestamp":"2026-04-03 17:48:38.734"}
{"level":"info","message":"🚀 Kafka producer connected","service":"neural-shop-backend","timestamp":"2026-04-03 17:48:38.745"}
{"level":"info","message":"Database URL mongodb://admin:admin@localhost:27017/neural_shop?authSource=admin","service":"neural-shop-backend","timestamp":"2026-04-03 17:48:57.307"}
{"environment":"development","level":"info","message":"🚀 Server is running on port 8000","port":8000,"service":"neural-shop-backend","timestamp":"2026-04-03 17:48:57.424"}
{"category":"database","level":"info","message":"🗄️  MongoDB connected","service":"neural-shop-backend","timestamp":"2026-04-03 17:48:57.426"}
{"level":"info","message":"✅ Redis Connected","service":"neural-shop-backend","timestamp":"2026-04-03 17:48:57.450"}
{"level":"info","message":"🚀 Redis Ready","service":"neural-shop-backend","timestamp":"2026-04-03 17:48:57.494"}
{"level":"info","message":"🚀 Redis connected","service":"neural-shop-backend","timestamp":"2026-04-03 17:48:57.496"}
{"category":"database","host":"localhost:27017","level":"info","message":"🗄️  Connected successfully","service":"neural-shop-backend","timestamp":"2026-04-03 17:48:57.503"}
{"level":"info","message":"🚀 Kafka producer connected","service":"neural-shop-backend","timestamp":"2026-04-03 17:48:57.533"}
{"level":"info","message":"Database URL mongodb://admin:admin@localhost:27017/neural_shop?authSource=admin","service":"neural-shop-backend","timestamp":"2026-04-03 17:49:13.955"}
{"environment":"development","level":"info","message":"🚀 Server is running on port 8000","port":8000,"service":"neural-shop-backend","timestamp":"2026-04-03 17:49:14.074"}
{"category":"database","level":"info","message":"🗄️  MongoDB connected","service":"neural-shop-backend","timestamp":"2026-04-03 17:49:14.075"}
{"level":"info","message":"✅ Redis Connected","service":"neural-shop-backend","timestamp":"2026-04-03 17:49:14.098"}
{"level":"info","message":"🚀 Redis Ready","service":"neural-shop-backend","timestamp":"2026-04-03 17:49:14.129"}
{"level":"info","message":"🚀 Redis connected","service":"neural-shop-backend","timestamp":"2026-04-03 17:49:14.131"}
{"category":"database","host":"localhost:27017","level":"info","message":"🗄️  Connected successfully","service":"neural-shop-backend","timestamp":"2026-04-03 17:49:14.162"}
{"level":"info","message":"🚀 Kafka producer connected","service":"neural-shop-backend","timestamp":"2026-04-03 17:49:14.175"}
{"level":"info","message":"Database URL mongodb://admin:admin@localhost:27017/neural_shop?authSource=admin","service":"neural-shop-backend","timestamp":"2026-04-03 17:49:24.425"}
{"environment":"development","level":"info","message":"🚀 Server is running on port 8000","port":8000,"service":"neural-shop-backend","timestamp":"2026-04-03 17:49:24.538"}
{"category":"database","level":"info","message":"🗄️  MongoDB connected","service":"neural-shop-backend","timestamp":"2026-04-03 17:49:24.539"}
{"level":"info","message":"✅ Redis Connected","service":"neural-shop-backend","timestamp":"2026-04-03 17:49:24.556"}
{"level":"info","message":"🚀 Redis Ready","service":"neural-shop-backend","timestamp":"2026-04-03 17:49:24.584"}
{"level":"info","message":"🚀 Redis connected","service":"neural-shop-backend","timestamp":"2026-04-03 17:49:24.590"}
{"category":"database","host":"localhost:27017","level":"info","message":"🗄️  Connected successfully","service":"neural-shop-backend","timestamp":"2026-04-03 17:49:24.616"}
{"level":"info","message":"🚀 Kafka producer connected","service":"neural-shop-backend","timestamp":"2026-04-03 17:49:24.625"}
{"level":"info","message":"Database URL mongodb://admin:admin@localhost:27017/neural_shop?authSource=admin","service":"neural-shop-backend","timestamp":"2026-04-03 17:49:27.430"}
{"environment":"development","level":"info","message":"🚀 Server is running on port 8000","port":8000,"service":"neural-shop-backend","timestamp":"2026-04-03 17:49:27.556"}
{"category":"database","level":"info","message":"🗄️  MongoDB connected","service":"neural-shop-backend","timestamp":"2026-04-03 17:49:27.557"}
{"level":"info","message":"✅ Redis Connected","service":"neural-shop-backend","timestamp":"2026-04-03 17:49:27.577"}
{"level":"info","message":"🚀 Redis Ready","service":"neural-shop-backend","timestamp":"2026-04-03 17:49:27.614"}
{"level":"info","message":"🚀 Redis connected","service":"neural-shop-backend","timestamp":"2026-04-03 17:49:27.626"}
{"category":"database","host":"localhost:27017","level":"info","message":"🗄️  Connected successfully","service":"neural-shop-backend","timestamp":"2026-04-03 17:49:27.636"}
{"level":"info","message":"🚀 Kafka producer connected","service":"neural-shop-backend","timestamp":"2026-04-03 17:49:27.665"}
{"level":"info","message":"Database URL mongodb://admin:admin@localhost:27017/neural_shop?authSource=admin","service":"neural-shop-backend","timestamp":"2026-04-03 17:49:29.746"}
{"environment":"development","level":"info","message":"🚀 Server is running on port 8000","port":8000,"service":"neural-shop-backend","timestamp":"2026-04-03 17:49:29.872"}
{"category":"database","level":"info","message":"🗄️  MongoDB connected","service":"neural-shop-backend","timestamp":"2026-04-03 17:49:29.873"}
{"level":"info","message":"✅ Redis Connected","service":"neural-shop-backend","timestamp":"2026-04-03 17:49:29.899"}
{"level":"info","message":"🚀 Redis Ready","service":"neural-shop-backend","timestamp":"2026-04-03 17:49:29.942"}
{"level":"info","message":"🚀 Redis connected","service":"neural-shop-backend","timestamp":"2026-04-03 17:49:29.943"}
{"category":"database","host":"localhost:27017","level":"info","message":"🗄️  Connected successfully","service":"neural-shop-backend","timestamp":"2026-04-03 17:49:29.951"}
{"level":"info","message":"🚀 Kafka producer connected","service":"neural-shop-backend","timestamp":"2026-04-03 17:49:29.975"}
{"level":"info","message":"Database URL mongodb://admin:admin@localhost:27017/neural_shop?authSource=admin","service":"neural-shop-backend","timestamp":"2026-04-03 17:49:56.654"}
{"environment":"development","level":"info","message":"🚀 Server is running on port 8000","port":8000,"service":"neural-shop-backend","timestamp":"2026-04-03 17:49:56.773"}
{"category":"database","level":"info","message":"🗄️  MongoDB connected","service":"neural-shop-backend","timestamp":"2026-04-03 17:49:56.774"}
{"level":"info","message":"✅ Redis Connected","service":"neural-shop-backend","timestamp":"2026-04-03 17:49:56.790"}
{"level":"info","message":"🚀 Redis Ready","service":"neural-shop-backend","timestamp":"2026-04-03 17:49:56.816"}
{"level":"info","message":"🚀 Redis connected","service":"neural-shop-backend","timestamp":"2026-04-03 17:49:56.818"}
{"category":"database","host":"localhost:27017","level":"info","message":"🗄️  Connected successfully","service":"neural-shop-backend","timestamp":"2026-04-03 17:49:56.846"}
{"level":"info","message":"🚀 Kafka producer connected","service":"neural-shop-backend","timestamp":"2026-04-03 17:49:56.856"}
{"level":"info","message":"Database URL mongodb://admin:admin@localhost:27017/neural_shop?authSource=admin","service":"neural-shop-backend","timestamp":"2026-04-03 17:50:00.012"}
{"environment":"development","level":"info","message":"🚀 Server is running on port 8000","port":8000,"service":"neural-shop-backend","timestamp":"2026-04-03 17:50:00.145"}
{"category":"database","level":"info","message":"🗄️  MongoDB connected","service":"neural-shop-backend","timestamp":"2026-04-03 17:50:00.147"}
{"level":"info","message":"✅ Redis Connected","service":"neural-shop-backend","timestamp":"2026-04-03 17:50:00.166"}
{"level":"info","message":"🚀 Redis Ready","service":"neural-shop-backend","timestamp":"2026-04-03 17:50:00.199"}
{"level":"info","message":"🚀 Redis connected","service":"neural-shop-backend","timestamp":"2026-04-03 17:50:00.201"}
{"category":"database","host":"localhost:27017","level":"info","message":"🗄️  Connected successfully","service":"neural-shop-backend","timestamp":"2026-04-03 17:50:00.229"}
{"level":"info","message":"🚀 Kafka producer connected","service":"neural-shop-backend","timestamp":"2026-04-03 17:50:00.241"}
{"level":"info","message":"Database URL mongodb://admin:admin@localhost:27017/neural_shop?authSource=admin","service":"neural-shop-backend","timestamp":"2026-04-03 17:50:08.823"}
{"environment":"development","level":"info","message":"🚀 Server is running on port 8000","port":8000,"service":"neural-shop-backend","timestamp":"2026-04-03 17:50:08.960"}
{"category":"database","level":"info","message":"🗄️  MongoDB connected","service":"neural-shop-backend","timestamp":"2026-04-03 17:50:08.962"}
{"level":"info","message":"✅ Redis Connected","service":"neural-shop-backend","timestamp":"2026-04-03 17:50:08.987"}
{"level":"info","message":"🚀 Redis Ready","service":"neural-shop-backend","timestamp":"2026-04-03 17:50:09.021"}
{"level":"info","message":"🚀 Redis connected","service":"neural-shop-backend","timestamp":"2026-04-03 17:50:09.023"}
{"category":"database","host":"localhost:27017","level":"info","message":"🗄️  Connected successfully","service":"neural-shop-backend","timestamp":"2026-04-03 17:50:09.047"}
{"level":"info","message":"🚀 Kafka producer connected","service":"neural-shop-backend","timestamp":"2026-04-03 17:50:09.058"}
{"level":"info","message":"Database URL mongodb://admin:admin@localhost:27017/neural_shop?authSource=admin","service":"neural-shop-backend","timestamp":"2026-04-03 17:50:18.693"}
{"environment":"development","level":"info","message":"🚀 Server is running on port 8000","port":8000,"service":"neural-shop-backend","timestamp":"2026-04-03 17:50:18.807"}
{"category":"database","level":"info","message":"🗄️  MongoDB connected","service":"neural-shop-backend","timestamp":"2026-04-03 17:50:18.808"}
{"level":"info","message":"✅ Redis Connected","service":"neural-shop-backend","timestamp":"2026-04-03 17:50:18.827"}
{"level":"info","message":"🚀 Redis Ready","service":"neural-shop-backend","timestamp":"2026-04-03 17:50:18.864"}
{"level":"info","message":"🚀 Redis connected","service":"neural-shop-backend","timestamp":"2026-04-03 17:50:18.866"}
{"category":"database","host":"localhost:27017","level":"info","message":"🗄️  Connected successfully","service":"neural-shop-backend","timestamp":"2026-04-03 17:50:18.897"}
{"level":"info","message":"🚀 Kafka producer connected","service":"neural-shop-backend","timestamp":"2026-04-03 17:50:18.906"}
{"level":"warn","message":"Route not found","method":"POST","path":"/api/auth/get-current-user","service":"neural-shop-backend","timestamp":"2026-04-03 17:50:37.587"}
{"category":"http","ip":"::1","level":"info","message":"→ POST /api/auth/get-current-user [404]","service":"neural-shop-backend","timestamp":"2026-04-03 17:50:37.591","userAgent":"PostmanRuntime/7.53.0"}
{"level":"info","message":"🚀 Kafka consumers started","service":"neural-shop-backend","timestamp":"2026-04-03 17:50:51.881"}
{"level":"warn","message":"Route not found","method":"POST","path":"/api/auth/get-current-user","service":"neural-shop-backend","timestamp":"2026-04-03 17:50:54.317"}
{"category":"http","ip":"::1","level":"info","message":"→ POST /api/auth/get-current-user [404]","service":"neural-shop-backend","timestamp":"2026-04-03 17:50:54.319","userAgent":"PostmanRuntime/7.53.0"}
{"level":"info","message":"Database URL mongodb://admin:admin@localhost:27017/neural_shop?authSource=admin","service":"neural-shop-backend","timestamp":"2026-04-03 17:51:42.647"}
{"environment":"development","level":"info","message":"🚀 Server is running on port 8000","port":8000,"service":"neural-shop-backend","timestamp":"2026-04-03 17:51:42.764"}
{"category":"database","level":"info","message":"🗄️  MongoDB connected","service":"neural-shop-backend","timestamp":"2026-04-03 17:51:42.765"}
{"level":"info","message":"✅ Redis Connected","service":"neural-shop-backend","timestamp":"2026-04-03 17:51:42.789"}
{"level":"info","message":"🚀 Redis Ready","service":"neural-shop-backend","timestamp":"2026-04-03 17:51:42.829"}
{"level":"info","message":"🚀 Redis connected","service":"neural-shop-backend","timestamp":"2026-04-03 17:51:42.831"}
{"category":"database","host":"localhost:27017","level":"info","message":"🗄️  Connected successfully","service":"neural-shop-backend","timestamp":"2026-04-03 17:51:42.858"}
{"level":"info","message":"🚀 Kafka producer connected","service":"neural-shop-backend","timestamp":"2026-04-03 17:51:42.898"}
{"level":"info","message":"🚀 Kafka consumers started","service":"neural-shop-backend","timestamp":"2026-04-03 17:51:45.725"}
{"level":"warn","message":"Route not found","method":"POST","path":"/api/auth/get-current-user","service":"neural-shop-backend","timestamp":"2026-04-03 17:51:48.878"}
{"category":"http","ip":"::1","level":"info","message":"→ POST /api/auth/get-current-user [404]","service":"neural-shop-backend","timestamp":"2026-04-03 17:51:48.881","userAgent":"PostmanRuntime/7.53.0"}
{"category":"http","ip":"::1","level":"info","message":"→ POST /login [200]","service":"neural-shop-backend","timestamp":"2026-04-03 17:52:17.026","userAgent":"PostmanRuntime/7.53.0"}
{"category":"http","ip":"::1","level":"info","message":"→ GET /get-current-user [200]","service":"neural-shop-backend","timestamp":"2026-04-03 17:52:38.031","userAgent":"PostmanRuntime/7.53.0"}
{"category":"http","ip":"::1","level":"info","message":"→ GET /get-current-admin [403]","service":"neural-shop-backend","timestamp":"2026-04-03 17:53:33.615","userAgent":"PostmanRuntime/7.53.0"}
{"level":"info","message":"Database URL mongodb://admin:admin@localhost:27017/neural_shop?authSource=admin","service":"neural-shop-backend","timestamp":"2026-04-03 17:54:02.122"}
{"environment":"development","level":"info","message":"🚀 Server is running on port 8000","port":8000,"service":"neural-shop-backend","timestamp":"2026-04-03 17:54:02.257"}
{"category":"database","level":"info","message":"🗄️  MongoDB connected","service":"neural-shop-backend","timestamp":"2026-04-03 17:54:02.259"}
{"level":"info","message":"✅ Redis Connected","service":"neural-shop-backend","timestamp":"2026-04-03 17:54:02.279"}
{"level":"info","message":"🚀 Redis Ready","service":"neural-shop-backend","timestamp":"2026-04-03 17:54:02.312"}
{"level":"info","message":"🚀 Redis connected","service":"neural-shop-backend","timestamp":"2026-04-03 17:54:02.314"}
{"category":"database","host":"localhost:27017","level":"info","message":"🗄️  Connected successfully","service":"neural-shop-backend","timestamp":"2026-04-03 17:54:02.343"}
{"level":"info","message":"🚀 Kafka producer connected","service":"neural-shop-backend","timestamp":"2026-04-03 17:54:02.352"}
{"level":"info","message":"🚀 Kafka consumers started","service":"neural-shop-backend","timestamp":"2026-04-03 17:54:26.246"}
{"category":"http","ip":"::1","level":"info","message":"→ POST /adminlogin [200]","service":"neural-shop-backend","timestamp":"2026-04-03 17:55:15.651","userAgent":"PostmanRuntime/7.53.0"}
{"level":"warn","message":"Route not found","method":"POST","path":"/api/auth/get-current-admin","service":"neural-shop-backend","timestamp":"2026-04-03 17:56:19.903"}
{"category":"http","ip":"::1","level":"info","message":"→ POST /api/auth/get-current-admin [404]","service":"neural-shop-backend","timestamp":"2026-04-03 17:56:19.905","userAgent":"PostmanRuntime/7.53.0"}
{"category":"http","ip":"::1","level":"info","message":"→ GET /get-current-admin [200]","service":"neural-shop-backend","timestamp":"2026-04-03 17:56:23.446","userAgent":"PostmanRuntime/7.53.0"}
{"level":"info","message":"Database URL mongodb://admin:admin@localhost:27017/neural_shop?authSource=admin","service":"neural-shop-backend","timestamp":"2026-04-03 17:56:39.935"}
{"environment":"development","level":"info","message":"🚀 Server is running on port 8000","port":8000,"service":"neural-shop-backend","timestamp":"2026-04-03 17:56:40.120"}
{"category":"database","level":"info","message":"🗄️  MongoDB connected","service":"neural-shop-backend","timestamp":"2026-04-03 17:56:40.121"}
{"level":"info","message":"✅ Redis Connected","service":"neural-shop-backend","timestamp":"2026-04-03 17:56:40.149"}
{"level":"info","message":"🚀 Redis Ready","service":"neural-shop-backend","timestamp":"2026-04-03 17:56:40.193"}
{"level":"info","message":"🚀 Redis connected","service":"neural-shop-backend","timestamp":"2026-04-03 17:56:40.195"}
{"category":"database","host":"localhost:27017","level":"info","message":"🗄️  Connected successfully","service":"neural-shop-backend","timestamp":"2026-04-03 17:56:40.224"}
{"level":"info","message":"🚀 Kafka producer connected","service":"neural-shop-backend","timestamp":"2026-04-03 17:56:40.234"}
{"level":"info","message":"🚀 Kafka consumers started","service":"neural-shop-backend","timestamp":"2026-04-03 17:57:02.701"}
=======
{"level":"error","message":"Failed to connect to MongoDB: The `uri` parameter to `openUri()` must be a string, got \"object\". Make sure the first parameter to `mongoose.connect()` or `mongoose.createConnection()` is a string.","service":"neural-shop-backend","stack":"MongooseError: The `uri` parameter to `openUri()` must be a string, got \"object\". Make sure the first parameter to `mongoose.connect()` or `mongoose.createConnection()` is a string.\n    at NativeConnection.createClient (C:\\Users\\kusha\\OneDrive\\Desktop\\WebDevelopment\\PROJECTs\\NeuralShop\\backend\\node_modules\\mongoose\\lib\\drivers\\node-mongodb-native\\connection.js:237:11)\n    at NativeConnection.openUri (C:\\Users\\kusha\\OneDrive\\Desktop\\WebDevelopment\\PROJECTs\\NeuralShop\\backend\\node_modules\\mongoose\\lib\\connection.js:1075:34)\n    at Mongoose.connect (C:\\Users\\kusha\\OneDrive\\Desktop\\WebDevelopment\\PROJECTs\\NeuralShop\\backend\\node_modules\\mongoose\\lib\\mongoose.js:450:15)\n    at connectDB (file:///C:/Users/kusha/OneDrive/Desktop/WebDevelopment/PROJECTs/NeuralShop/backend/src/config/db.js:7:20)\n    at file:///C:/Users/kusha/OneDrive/Desktop/WebDevelopment/PROJECTs/NeuralShop/backend/src/app.js:45:1\n    at ModuleJob.run (node:internal/modules/esm/module_job:430:25)\n    at process.processTicksAndRejections (node:internal/process/task_queues:103:5)\n    at async onImport.tracePromise.__proto__ (node:internal/modules/esm/loader:661:26)\n    at async asyncRunEntryPointWithESMLoader (node:internal/modules/run_main:101:5)","timestamp":"2026-03-24 01:57:01.646","url":"missing"}
{"level":"error","message":"Failed to connect to MongoDB: The `uri` parameter to `openUri()` must be a string, got \"object\". Make sure the first parameter to `mongoose.connect()` or `mongoose.createConnection()` is a string.","service":"neural-shop-backend","stack":"MongooseError: The `uri` parameter to `openUri()` must be a string, got \"object\". Make sure the first parameter to `mongoose.connect()` or `mongoose.createConnection()` is a string.\n    at NativeConnection.createClient (C:\\Users\\kusha\\OneDrive\\Desktop\\WebDevelopment\\PROJECTs\\NeuralShop\\backend\\node_modules\\mongoose\\lib\\drivers\\node-mongodb-native\\connection.js:237:11)\n    at NativeConnection.openUri (C:\\Users\\kusha\\OneDrive\\Desktop\\WebDevelopment\\PROJECTs\\NeuralShop\\backend\\node_modules\\mongoose\\lib\\connection.js:1075:34)\n    at Mongoose.connect (C:\\Users\\kusha\\OneDrive\\Desktop\\WebDevelopment\\PROJECTs\\NeuralShop\\backend\\node_modules\\mongoose\\lib\\mongoose.js:450:15)\n    at connectDB (file:///C:/Users/kusha/OneDrive/Desktop/WebDevelopment/PROJECTs/NeuralShop/backend/src/config/db.js:7:20)\n    at file:///C:/Users/kusha/OneDrive/Desktop/WebDevelopment/PROJECTs/NeuralShop/backend/src/app.js:45:1\n    at ModuleJob.run (node:internal/modules/esm/module_job:430:25)\n    at process.processTicksAndRejections (node:internal/process/task_queues:103:5)\n    at async onImport.tracePromise.__proto__ (node:internal/modules/esm/loader:661:26)\n    at async asyncRunEntryPointWithESMLoader (node:internal/modules/run_main:101:5)","timestamp":"2026-03-24 01:57:01.645","url":"missing"}
{"environment":"development","level":"info","message":"🚀 Server is running on port 6000","port":6000,"service":"neural-shop-backend","timestamp":"2026-03-24 01:57:01.647"}
{"level":"info","message":"🗄️  MongoDB not configured","service":"neural-shop-backend","timestamp":"2026-03-24 01:57:01.648"}
{"environment":"development","level":"info","message":"🚀 Server is running on port 6000","port":6000,"service":"neural-shop-backend","timestamp":"2026-03-24 01:57:01.648"}
{"level":"info","message":"🗄️  MongoDB not configured","service":"neural-shop-backend","timestamp":"2026-03-24 01:57:01.649"}
{"level":"error","message":"Failed to connect to MongoDB: The `uri` parameter to `openUri()` must be a string, got \"object\". Make sure the first parameter to `mongoose.connect()` or `mongoose.createConnection()` is a string.","service":"neural-shop-backend","stack":"MongooseError: The `uri` parameter to `openUri()` must be a string, got \"object\". Make sure the first parameter to `mongoose.connect()` or `mongoose.createConnection()` is a string.\n    at NativeConnection.createClient (C:\\Users\\kusha\\OneDrive\\Desktop\\WebDevelopment\\PROJECTs\\NeuralShop\\backend\\node_modules\\mongoose\\lib\\drivers\\node-mongodb-native\\connection.js:237:11)\n    at NativeConnection.openUri (C:\\Users\\kusha\\OneDrive\\Desktop\\WebDevelopment\\PROJECTs\\NeuralShop\\backend\\node_modules\\mongoose\\lib\\connection.js:1075:34)\n    at Mongoose.connect (C:\\Users\\kusha\\OneDrive\\Desktop\\WebDevelopment\\PROJECTs\\NeuralShop\\backend\\node_modules\\mongoose\\lib\\mongoose.js:450:15)\n    at connectDB (file:///C:/Users/kusha/OneDrive/Desktop/WebDevelopment/PROJECTs/NeuralShop/backend/src/config/db.js:7:20)\n    at file:///C:/Users/kusha/OneDrive/Desktop/WebDevelopment/PROJECTs/NeuralShop/backend/src/app.js:45:1\n    at ModuleJob.run (node:internal/modules/esm/module_job:430:25)\n    at process.processTicksAndRejections (node:internal/process/task_queues:103:5)\n    at async onImport.tracePromise.__proto__ (node:internal/modules/esm/loader:661:26)\n    at async asyncRunEntryPointWithESMLoader (node:internal/modules/run_main:101:5)","timestamp":"2026-03-24 01:57:01.671","url":"missing"}
{"environment":"development","level":"info","message":"🚀 Server is running on port 6000","port":6000,"service":"neural-shop-backend","timestamp":"2026-03-24 01:57:01.674"}
{"level":"info","message":"🗄️  MongoDB not configured","service":"neural-shop-backend","timestamp":"2026-03-24 01:57:01.677"}
{"level":"error","message":"Failed to connect to MongoDB: The `uri` parameter to `openUri()` must be a string, got \"object\". Make sure the first parameter to `mongoose.connect()` or `mongoose.createConnection()` is a string.","service":"neural-shop-backend","stack":"MongooseError: The `uri` parameter to `openUri()` must be a string, got \"object\". Make sure the first parameter to `mongoose.connect()` or `mongoose.createConnection()` is a string.\n    at NativeConnection.createClient (C:\\Users\\kusha\\OneDrive\\Desktop\\WebDevelopment\\PROJECTs\\NeuralShop\\backend\\node_modules\\mongoose\\lib\\drivers\\node-mongodb-native\\connection.js:237:11)\n    at NativeConnection.openUri (C:\\Users\\kusha\\OneDrive\\Desktop\\WebDevelopment\\PROJECTs\\NeuralShop\\backend\\node_modules\\mongoose\\lib\\connection.js:1075:34)\n    at Mongoose.connect (C:\\Users\\kusha\\OneDrive\\Desktop\\WebDevelopment\\PROJECTs\\NeuralShop\\backend\\node_modules\\mongoose\\lib\\mongoose.js:450:15)\n    at connectDB (file:///C:/Users/kusha/OneDrive/Desktop/WebDevelopment/PROJECTs/NeuralShop/backend/src/config/db.js:7:20)\n    at file:///C:/Users/kusha/OneDrive/Desktop/WebDevelopment/PROJECTs/NeuralShop/backend/src/app.js:45:1\n    at ModuleJob.run (node:internal/modules/esm/module_job:430:25)\n    at process.processTicksAndRejections (node:internal/process/task_queues:103:5)\n    at async onImport.tracePromise.__proto__ (node:internal/modules/esm/loader:661:26)\n    at async asyncRunEntryPointWithESMLoader (node:internal/modules/run_main:101:5)","timestamp":"2026-03-24 01:57:22.730","url":"missing"}
{"environment":"development","level":"info","message":"🚀 Server is running on port 6000","port":6000,"service":"neural-shop-backend","timestamp":"2026-03-24 01:57:22.732"}
{"level":"info","message":"🗄️  MongoDB not configured","service":"neural-shop-backend","timestamp":"2026-03-24 01:57:22.734"}
{"level":"error","message":"Failed to connect to MongoDB: The `uri` parameter to `openUri()` must be a string, got \"object\". Make sure the first parameter to `mongoose.connect()` or `mongoose.createConnection()` is a string.","service":"neural-shop-backend","stack":"MongooseError: The `uri` parameter to `openUri()` must be a string, got \"object\". Make sure the first parameter to `mongoose.connect()` or `mongoose.createConnection()` is a string.\n    at NativeConnection.createClient (C:\\Users\\kusha\\OneDrive\\Desktop\\WebDevelopment\\PROJECTs\\NeuralShop\\backend\\node_modules\\mongoose\\lib\\drivers\\node-mongodb-native\\connection.js:237:11)\n    at NativeConnection.openUri (C:\\Users\\kusha\\OneDrive\\Desktop\\WebDevelopment\\PROJECTs\\NeuralShop\\backend\\node_modules\\mongoose\\lib\\connection.js:1075:34)\n    at Mongoose.connect (C:\\Users\\kusha\\OneDrive\\Desktop\\WebDevelopment\\PROJECTs\\NeuralShop\\backend\\node_modules\\mongoose\\lib\\mongoose.js:450:15)\n    at connectDB (file:///C:/Users/kusha/OneDrive/Desktop/WebDevelopment/PROJECTs/NeuralShop/backend/src/config/db.js:7:20)\n    at file:///C:/Users/kusha/OneDrive/Desktop/WebDevelopment/PROJECTs/NeuralShop/backend/src/app.js:45:1\n    at ModuleJob.run (node:internal/modules/esm/module_job:430:25)\n    at process.processTicksAndRejections (node:internal/process/task_queues:103:5)\n    at async onImport.tracePromise.__proto__ (node:internal/modules/esm/loader:661:26)\n    at async asyncRunEntryPointWithESMLoader (node:internal/modules/run_main:101:5)","timestamp":"2026-03-24 01:57:22.756","url":"missing"}
{"environment":"development","level":"info","message":"🚀 Server is running on port 6000","port":6000,"service":"neural-shop-backend","timestamp":"2026-03-24 01:57:22.759"}
{"level":"info","message":"🗄️  MongoDB not configured","service":"neural-shop-backend","timestamp":"2026-03-24 01:57:22.760"}
{"level":"error","message":"Failed to connect to MongoDB: The `uri` parameter to `openUri()` must be a string, got \"object\". Make sure the first parameter to `mongoose.connect()` or `mongoose.createConnection()` is a string.","service":"neural-shop-backend","stack":"MongooseError: The `uri` parameter to `openUri()` must be a string, got \"object\". Make sure the first parameter to `mongoose.connect()` or `mongoose.createConnection()` is a string.\n    at NativeConnection.createClient (C:\\Users\\kusha\\OneDrive\\Desktop\\WebDevelopment\\PROJECTs\\NeuralShop\\backend\\node_modules\\mongoose\\lib\\drivers\\node-mongodb-native\\connection.js:237:11)\n    at NativeConnection.openUri (C:\\Users\\kusha\\OneDrive\\Desktop\\WebDevelopment\\PROJECTs\\NeuralShop\\backend\\node_modules\\mongoose\\lib\\connection.js:1075:34)\n    at Mongoose.connect (C:\\Users\\kusha\\OneDrive\\Desktop\\WebDevelopment\\PROJECTs\\NeuralShop\\backend\\node_modules\\mongoose\\lib\\mongoose.js:450:15)\n    at connectDB (file:///C:/Users/kusha/OneDrive/Desktop/WebDevelopment/PROJECTs/NeuralShop/backend/src/config/db.js:7:20)\n    at file:///C:/Users/kusha/OneDrive/Desktop/WebDevelopment/PROJECTs/NeuralShop/backend/src/app.js:45:1\n    at ModuleJob.run (node:internal/modules/esm/module_job:430:25)\n    at process.processTicksAndRejections (node:internal/process/task_queues:103:5)\n    at async onImport.tracePromise.__proto__ (node:internal/modules/esm/loader:661:26)\n    at async asyncRunEntryPointWithESMLoader (node:internal/modules/run_main:101:5)","timestamp":"2026-03-24 01:57:22.765","url":"missing"}
{"environment":"development","level":"info","message":"🚀 Server is running on port 6000","port":6000,"service":"neural-shop-backend","timestamp":"2026-03-24 01:57:22.768"}
{"level":"info","message":"🗄️  MongoDB not configured","service":"neural-shop-backend","timestamp":"2026-03-24 01:57:22.771"}
{"level":"error","message":"Failed to connect to MongoDB: The `uri` parameter to `openUri()` must be a string, got \"object\". Make sure the first parameter to `mongoose.connect()` or `mongoose.createConnection()` is a string.","service":"neural-shop-backend","stack":"MongooseError: The `uri` parameter to `openUri()` must be a string, got \"object\". Make sure the first parameter to `mongoose.connect()` or `mongoose.createConnection()` is a string.\n    at NativeConnection.createClient (C:\\Users\\kusha\\OneDrive\\Desktop\\WebDevelopment\\PROJECTs\\NeuralShop\\backend\\node_modules\\mongoose\\lib\\drivers\\node-mongodb-native\\connection.js:237:11)\n    at NativeConnection.openUri (C:\\Users\\kusha\\OneDrive\\Desktop\\WebDevelopment\\PROJECTs\\NeuralShop\\backend\\node_modules\\mongoose\\lib\\connection.js:1075:34)\n    at Mongoose.connect (C:\\Users\\kusha\\OneDrive\\Desktop\\WebDevelopment\\PROJECTs\\NeuralShop\\backend\\node_modules\\mongoose\\lib\\mongoose.js:450:15)\n    at connectDB (file:///C:/Users/kusha/OneDrive/Desktop/WebDevelopment/PROJECTs/NeuralShop/backend/src/config/db.js:7:20)\n    at file:///C:/Users/kusha/OneDrive/Desktop/WebDevelopment/PROJECTs/NeuralShop/backend/src/app.js:45:1\n    at ModuleJob.run (node:internal/modules/esm/module_job:430:25)\n    at process.processTicksAndRejections (node:internal/process/task_queues:103:5)\n    at async onImport.tracePromise.__proto__ (node:internal/modules/esm/loader:661:26)\n    at async asyncRunEntryPointWithESMLoader (node:internal/modules/run_main:101:5)","timestamp":"2026-03-24 01:57:24.954","url":"missing"}
{"environment":"development","level":"info","message":"🚀 Server is running on port 6000","port":6000,"service":"neural-shop-backend","timestamp":"2026-03-24 01:57:24.956"}
{"level":"info","message":"🗄️  MongoDB not configured","service":"neural-shop-backend","timestamp":"2026-03-24 01:57:24.957"}
{"level":"error","message":"Failed to connect to MongoDB: The `uri` parameter to `openUri()` must be a string, got \"object\". Make sure the first parameter to `mongoose.connect()` or `mongoose.createConnection()` is a string.","service":"neural-shop-backend","stack":"MongooseError: The `uri` parameter to `openUri()` must be a string, got \"object\". Make sure the first parameter to `mongoose.connect()` or `mongoose.createConnection()` is a string.\n    at NativeConnection.createClient (C:\\Users\\kusha\\OneDrive\\Desktop\\WebDevelopment\\PROJECTs\\NeuralShop\\backend\\node_modules\\mongoose\\lib\\drivers\\node-mongodb-native\\connection.js:237:11)\n    at NativeConnection.openUri (C:\\Users\\kusha\\OneDrive\\Desktop\\WebDevelopment\\PROJECTs\\NeuralShop\\backend\\node_modules\\mongoose\\lib\\connection.js:1075:34)\n    at Mongoose.connect (C:\\Users\\kusha\\OneDrive\\Desktop\\WebDevelopment\\PROJECTs\\NeuralShop\\backend\\node_modules\\mongoose\\lib\\mongoose.js:450:15)\n    at connectDB (file:///C:/Users/kusha/OneDrive/Desktop/WebDevelopment/PROJECTs/NeuralShop/backend/src/config/db.js:7:20)\n    at file:///C:/Users/kusha/OneDrive/Desktop/WebDevelopment/PROJECTs/NeuralShop/backend/src/app.js:45:1\n    at ModuleJob.run (node:internal/modules/esm/module_job:430:25)\n    at process.processTicksAndRejections (node:internal/process/task_queues:103:5)\n    at async onImport.tracePromise.__proto__ (node:internal/modules/esm/loader:661:26)\n    at async asyncRunEntryPointWithESMLoader (node:internal/modules/run_main:101:5)","timestamp":"2026-03-24 01:57:24.969","url":"missing"}
{"environment":"development","level":"info","message":"🚀 Server is running on port 6000","port":6000,"service":"neural-shop-backend","timestamp":"2026-03-24 01:57:24.972"}
{"level":"info","message":"🗄️  MongoDB not configured","service":"neural-shop-backend","timestamp":"2026-03-24 01:57:24.974"}
{"level":"error","message":"Failed to connect to MongoDB: The `uri` parameter to `openUri()` must be a string, got \"object\". Make sure the first parameter to `mongoose.connect()` or `mongoose.createConnection()` is a string.","service":"neural-shop-backend","stack":"MongooseError: The `uri` parameter to `openUri()` must be a string, got \"object\". Make sure the first parameter to `mongoose.connect()` or `mongoose.createConnection()` is a string.\n    at NativeConnection.createClient (C:\\Users\\kusha\\OneDrive\\Desktop\\WebDevelopment\\PROJECTs\\NeuralShop\\backend\\node_modules\\mongoose\\lib\\drivers\\node-mongodb-native\\connection.js:237:11)\n    at NativeConnection.openUri (C:\\Users\\kusha\\OneDrive\\Desktop\\WebDevelopment\\PROJECTs\\NeuralShop\\backend\\node_modules\\mongoose\\lib\\connection.js:1075:34)\n    at Mongoose.connect (C:\\Users\\kusha\\OneDrive\\Desktop\\WebDevelopment\\PROJECTs\\NeuralShop\\backend\\node_modules\\mongoose\\lib\\mongoose.js:450:15)\n    at connectDB (file:///C:/Users/kusha/OneDrive/Desktop/WebDevelopment/PROJECTs/NeuralShop/backend/src/config/db.js:7:20)\n    at file:///C:/Users/kusha/OneDrive/Desktop/WebDevelopment/PROJECTs/NeuralShop/backend/src/app.js:45:1\n    at ModuleJob.run (node:internal/modules/esm/module_job:430:25)\n    at process.processTicksAndRejections (node:internal/process/task_queues:103:5)\n    at async onImport.tracePromise.__proto__ (node:internal/modules/esm/loader:661:26)\n    at async asyncRunEntryPointWithESMLoader (node:internal/modules/run_main:101:5)","timestamp":"2026-03-24 01:57:25.195","url":"missing"}
{"environment":"development","level":"info","message":"🚀 Server is running on port 6000","port":6000,"service":"neural-shop-backend","timestamp":"2026-03-24 01:57:25.198"}
{"level":"info","message":"🗄️  MongoDB not configured","service":"neural-shop-backend","timestamp":"2026-03-24 01:57:25.199"}
{"level":"error","message":"Failed to connect to MongoDB: The `uri` parameter to `openUri()` must be a string, got \"object\". Make sure the first parameter to `mongoose.connect()` or `mongoose.createConnection()` is a string.","service":"neural-shop-backend","stack":"MongooseError: The `uri` parameter to `openUri()` must be a string, got \"object\". Make sure the first parameter to `mongoose.connect()` or `mongoose.createConnection()` is a string.\n    at NativeConnection.createClient (C:\\Users\\kusha\\OneDrive\\Desktop\\WebDevelopment\\PROJECTs\\NeuralShop\\backend\\node_modules\\mongoose\\lib\\drivers\\node-mongodb-native\\connection.js:237:11)\n    at NativeConnection.openUri (C:\\Users\\kusha\\OneDrive\\Desktop\\WebDevelopment\\PROJECTs\\NeuralShop\\backend\\node_modules\\mongoose\\lib\\connection.js:1075:34)\n    at Mongoose.connect (C:\\Users\\kusha\\OneDrive\\Desktop\\WebDevelopment\\PROJECTs\\NeuralShop\\backend\\node_modules\\mongoose\\lib\\mongoose.js:450:15)\n    at connectDB (file:///C:/Users/kusha/OneDrive/Desktop/WebDevelopment/PROJECTs/NeuralShop/backend/src/config/db.js:7:20)\n    at file:///C:/Users/kusha/OneDrive/Desktop/WebDevelopment/PROJECTs/NeuralShop/backend/src/app.js:45:1\n    at ModuleJob.run (node:internal/modules/esm/module_job:430:25)\n    at process.processTicksAndRejections (node:internal/process/task_queues:103:5)\n    at async onImport.tracePromise.__proto__ (node:internal/modules/esm/loader:661:26)\n    at async asyncRunEntryPointWithESMLoader (node:internal/modules/run_main:101:5)","timestamp":"2026-03-24 01:57:41.031","url":"missing"}
{"environment":"development","level":"info","message":"🚀 Server is running on port 6000","port":6000,"service":"neural-shop-backend","timestamp":"2026-03-24 01:57:41.035"}
{"level":"info","message":"🗄️  MongoDB not configured","service":"neural-shop-backend","timestamp":"2026-03-24 01:57:41.036"}
{"level":"error","message":"Failed to connect to MongoDB: The `uri` parameter to `openUri()` must be a string, got \"object\". Make sure the first parameter to `mongoose.connect()` or `mongoose.createConnection()` is a string.","service":"neural-shop-backend","stack":"MongooseError: The `uri` parameter to `openUri()` must be a string, got \"object\". Make sure the first parameter to `mongoose.connect()` or `mongoose.createConnection()` is a string.\n    at NativeConnection.createClient (C:\\Users\\kusha\\OneDrive\\Desktop\\WebDevelopment\\PROJECTs\\NeuralShop\\backend\\node_modules\\mongoose\\lib\\drivers\\node-mongodb-native\\connection.js:237:11)\n    at NativeConnection.openUri (C:\\Users\\kusha\\OneDrive\\Desktop\\WebDevelopment\\PROJECTs\\NeuralShop\\backend\\node_modules\\mongoose\\lib\\connection.js:1075:34)\n    at Mongoose.connect (C:\\Users\\kusha\\OneDrive\\Desktop\\WebDevelopment\\PROJECTs\\NeuralShop\\backend\\node_modules\\mongoose\\lib\\mongoose.js:450:15)\n    at connectDB (file:///C:/Users/kusha/OneDrive/Desktop/WebDevelopment/PROJECTs/NeuralShop/backend/src/config/db.js:7:20)\n    at file:///C:/Users/kusha/OneDrive/Desktop/WebDevelopment/PROJECTs/NeuralShop/backend/src/app.js:45:1\n    at ModuleJob.run (node:internal/modules/esm/module_job:430:25)\n    at process.processTicksAndRejections (node:internal/process/task_queues:103:5)\n    at async onImport.tracePromise.__proto__ (node:internal/modules/esm/loader:661:26)\n    at async asyncRunEntryPointWithESMLoader (node:internal/modules/run_main:101:5)","timestamp":"2026-03-24 01:57:41.080","url":"missing"}
{"environment":"development","level":"info","message":"🚀 Server is running on port 6000","port":6000,"service":"neural-shop-backend","timestamp":"2026-03-24 01:57:41.083"}
{"level":"info","message":"🗄️  MongoDB not configured","service":"neural-shop-backend","timestamp":"2026-03-24 01:57:41.084"}
{"level":"error","message":"Failed to connect to MongoDB: The `uri` parameter to `openUri()` must be a string, got \"object\". Make sure the first parameter to `mongoose.connect()` or `mongoose.createConnection()` is a string.","service":"neural-shop-backend","stack":"MongooseError: The `uri` parameter to `openUri()` must be a string, got \"object\". Make sure the first parameter to `mongoose.connect()` or `mongoose.createConnection()` is a string.\n    at NativeConnection.createClient (C:\\Users\\kusha\\OneDrive\\Desktop\\WebDevelopment\\PROJECTs\\NeuralShop\\backend\\node_modules\\mongoose\\lib\\drivers\\node-mongodb-native\\connection.js:237:11)\n    at NativeConnection.openUri (C:\\Users\\kusha\\OneDrive\\Desktop\\WebDevelopment\\PROJECTs\\NeuralShop\\backend\\node_modules\\mongoose\\lib\\connection.js:1075:34)\n    at Mongoose.connect (C:\\Users\\kusha\\OneDrive\\Desktop\\WebDevelopment\\PROJECTs\\NeuralShop\\backend\\node_modules\\mongoose\\lib\\mongoose.js:450:15)\n    at connectDB (file:///C:/Users/kusha/OneDrive/Desktop/WebDevelopment/PROJECTs/NeuralShop/backend/src/config/db.js:7:20)\n    at file:///C:/Users/kusha/OneDrive/Desktop/WebDevelopment/PROJECTs/NeuralShop/backend/src/app.js:45:1\n    at ModuleJob.run (node:internal/modules/esm/module_job:430:25)\n    at process.processTicksAndRejections (node:internal/process/task_queues:103:5)\n    at async onImport.tracePromise.__proto__ (node:internal/modules/esm/loader:661:26)\n    at async asyncRunEntryPointWithESMLoader (node:internal/modules/run_main:101:5)","timestamp":"2026-03-24 01:57:41.351","url":"missing"}
{"environment":"development","level":"info","message":"🚀 Server is running on port 6000","port":6000,"service":"neural-shop-backend","timestamp":"2026-03-24 01:57:41.353"}
{"level":"info","message":"🗄️  MongoDB not configured","service":"neural-shop-backend","timestamp":"2026-03-24 01:57:41.354"}
{"level":"error","message":"Failed to connect to MongoDB: The `uri` parameter to `openUri()` must be a string, got \"object\". Make sure the first parameter to `mongoose.connect()` or `mongoose.createConnection()` is a string.","service":"neural-shop-backend","stack":"MongooseError: The `uri` parameter to `openUri()` must be a string, got \"object\". Make sure the first parameter to `mongoose.connect()` or `mongoose.createConnection()` is a string.\n    at NativeConnection.createClient (C:\\Users\\kusha\\OneDrive\\Desktop\\WebDevelopment\\PROJECTs\\NeuralShop\\backend\\node_modules\\mongoose\\lib\\drivers\\node-mongodb-native\\connection.js:237:11)\n    at NativeConnection.openUri (C:\\Users\\kusha\\OneDrive\\Desktop\\WebDevelopment\\PROJECTs\\NeuralShop\\backend\\node_modules\\mongoose\\lib\\connection.js:1075:34)\n    at Mongoose.connect (C:\\Users\\kusha\\OneDrive\\Desktop\\WebDevelopment\\PROJECTs\\NeuralShop\\backend\\node_modules\\mongoose\\lib\\mongoose.js:450:15)\n    at connectDB (file:///C:/Users/kusha/OneDrive/Desktop/WebDevelopment/PROJECTs/NeuralShop/backend/src/config/db.js:7:20)\n    at file:///C:/Users/kusha/OneDrive/Desktop/WebDevelopment/PROJECTs/NeuralShop/backend/src/app.js:45:1\n    at ModuleJob.run (node:internal/modules/esm/module_job:430:25)\n    at process.processTicksAndRejections (node:internal/process/task_queues:103:5)\n    at async onImport.tracePromise.__proto__ (node:internal/modules/esm/loader:661:26)\n    at async asyncRunEntryPointWithESMLoader (node:internal/modules/run_main:101:5)","timestamp":"2026-03-24 01:57:52.288","url":"missing"}
{"environment":"development","level":"info","message":"🚀 Server is running on port 6000","port":6000,"service":"neural-shop-backend","timestamp":"2026-03-24 01:57:52.289"}
{"level":"info","message":"🗄️  MongoDB not configured","service":"neural-shop-backend","timestamp":"2026-03-24 01:57:52.291"}
{"level":"error","message":"Failed to connect to MongoDB: The `uri` parameter to `openUri()` must be a string, got \"object\". Make sure the first parameter to `mongoose.connect()` or `mongoose.createConnection()` is a string.","service":"neural-shop-backend","stack":"MongooseError: The `uri` parameter to `openUri()` must be a string, got \"object\". Make sure the first parameter to `mongoose.connect()` or `mongoose.createConnection()` is a string.\n    at NativeConnection.createClient (C:\\Users\\kusha\\OneDrive\\Desktop\\WebDevelopment\\PROJECTs\\NeuralShop\\backend\\node_modules\\mongoose\\lib\\drivers\\node-mongodb-native\\connection.js:237:11)\n    at NativeConnection.openUri (C:\\Users\\kusha\\OneDrive\\Desktop\\WebDevelopment\\PROJECTs\\NeuralShop\\backend\\node_modules\\mongoose\\lib\\connection.js:1075:34)\n    at Mongoose.connect (C:\\Users\\kusha\\OneDrive\\Desktop\\WebDevelopment\\PROJECTs\\NeuralShop\\backend\\node_modules\\mongoose\\lib\\mongoose.js:450:15)\n    at connectDB (file:///C:/Users/kusha/OneDrive/Desktop/WebDevelopment/PROJECTs/NeuralShop/backend/src/config/db.js:7:20)\n    at file:///C:/Users/kusha/OneDrive/Desktop/WebDevelopment/PROJECTs/NeuralShop/backend/src/app.js:45:1\n    at ModuleJob.run (node:internal/modules/esm/module_job:430:25)\n    at process.processTicksAndRejections (node:internal/process/task_queues:103:5)\n    at async onImport.tracePromise.__proto__ (node:internal/modules/esm/loader:661:26)\n    at async asyncRunEntryPointWithESMLoader (node:internal/modules/run_main:101:5)","timestamp":"2026-03-24 01:57:52.315","url":"missing"}
{"environment":"development","level":"info","message":"🚀 Server is running on port 6000","port":6000,"service":"neural-shop-backend","timestamp":"2026-03-24 01:57:52.321"}
{"level":"info","message":"🗄️  MongoDB not configured","service":"neural-shop-backend","timestamp":"2026-03-24 01:57:52.322"}
{"level":"error","message":"Failed to connect to MongoDB: The `uri` parameter to `openUri()` must be a string, got \"object\". Make sure the first parameter to `mongoose.connect()` or `mongoose.createConnection()` is a string.","service":"neural-shop-backend","stack":"MongooseError: The `uri` parameter to `openUri()` must be a string, got \"object\". Make sure the first parameter to `mongoose.connect()` or `mongoose.createConnection()` is a string.\n    at NativeConnection.createClient (C:\\Users\\kusha\\OneDrive\\Desktop\\WebDevelopment\\PROJECTs\\NeuralShop\\backend\\node_modules\\mongoose\\lib\\drivers\\node-mongodb-native\\connection.js:237:11)\n    at NativeConnection.openUri (C:\\Users\\kusha\\OneDrive\\Desktop\\WebDevelopment\\PROJECTs\\NeuralShop\\backend\\node_modules\\mongoose\\lib\\connection.js:1075:34)\n    at Mongoose.connect (C:\\Users\\kusha\\OneDrive\\Desktop\\WebDevelopment\\PROJECTs\\NeuralShop\\backend\\node_modules\\mongoose\\lib\\mongoose.js:450:15)\n    at connectDB (file:///C:/Users/kusha/OneDrive/Desktop/WebDevelopment/PROJECTs/NeuralShop/backend/src/config/db.js:7:20)\n    at file:///C:/Users/kusha/OneDrive/Desktop/WebDevelopment/PROJECTs/NeuralShop/backend/src/app.js:45:1\n    at ModuleJob.run (node:internal/modules/esm/module_job:430:25)\n    at process.processTicksAndRejections (node:internal/process/task_queues:103:5)\n    at async onImport.tracePromise.__proto__ (node:internal/modules/esm/loader:661:26)\n    at async asyncRunEntryPointWithESMLoader (node:internal/modules/run_main:101:5)","timestamp":"2026-03-24 01:57:52.545","url":"missing"}
{"environment":"development","level":"info","message":"🚀 Server is running on port 6000","port":6000,"service":"neural-shop-backend","timestamp":"2026-03-24 01:57:52.547"}
{"level":"info","message":"🗄️  MongoDB not configured","service":"neural-shop-backend","timestamp":"2026-03-24 01:57:52.548"}
{"level":"error","message":"Failed to connect to MongoDB: The `uri` parameter to `openUri()` must be a string, got \"object\". Make sure the first parameter to `mongoose.connect()` or `mongoose.createConnection()` is a string.","service":"neural-shop-backend","stack":"MongooseError: The `uri` parameter to `openUri()` must be a string, got \"object\". Make sure the first parameter to `mongoose.connect()` or `mongoose.createConnection()` is a string.\n    at NativeConnection.createClient (C:\\Users\\kusha\\OneDrive\\Desktop\\WebDevelopment\\PROJECTs\\NeuralShop\\backend\\node_modules\\mongoose\\lib\\drivers\\node-mongodb-native\\connection.js:237:11)\n    at NativeConnection.openUri (C:\\Users\\kusha\\OneDrive\\Desktop\\WebDevelopment\\PROJECTs\\NeuralShop\\backend\\node_modules\\mongoose\\lib\\connection.js:1075:34)\n    at Mongoose.connect (C:\\Users\\kusha\\OneDrive\\Desktop\\WebDevelopment\\PROJECTs\\NeuralShop\\backend\\node_modules\\mongoose\\lib\\mongoose.js:450:15)\n    at connectDB (file:///C:/Users/kusha/OneDrive/Desktop/WebDevelopment/PROJECTs/NeuralShop/backend/src/config/db.js:7:20)\n    at file:///C:/Users/kusha/OneDrive/Desktop/WebDevelopment/PROJECTs/NeuralShop/backend/src/app.js:45:1\n    at ModuleJob.run (node:internal/modules/esm/module_job:430:25)\n    at process.processTicksAndRejections (node:internal/process/task_queues:103:5)\n    at async onImport.tracePromise.__proto__ (node:internal/modules/esm/loader:661:26)\n    at async asyncRunEntryPointWithESMLoader (node:internal/modules/run_main:101:5)","timestamp":"2026-03-24 01:57:58.864","url":"missing"}
{"environment":"development","level":"info","message":"🚀 Server is running on port 6000","port":6000,"service":"neural-shop-backend","timestamp":"2026-03-24 01:57:58.866"}
{"level":"info","message":"🗄️  MongoDB not configured","service":"neural-shop-backend","timestamp":"2026-03-24 01:57:58.868"}
{"level":"error","message":"Failed to connect to MongoDB: The `uri` parameter to `openUri()` must be a string, got \"object\". Make sure the first parameter to `mongoose.connect()` or `mongoose.createConnection()` is a string.","service":"neural-shop-backend","stack":"MongooseError: The `uri` parameter to `openUri()` must be a string, got \"object\". Make sure the first parameter to `mongoose.connect()` or `mongoose.createConnection()` is a string.\n    at NativeConnection.createClient (C:\\Users\\kusha\\OneDrive\\Desktop\\WebDevelopment\\PROJECTs\\NeuralShop\\backend\\node_modules\\mongoose\\lib\\drivers\\node-mongodb-native\\connection.js:237:11)\n    at NativeConnection.openUri (C:\\Users\\kusha\\OneDrive\\Desktop\\WebDevelopment\\PROJECTs\\NeuralShop\\backend\\node_modules\\mongoose\\lib\\connection.js:1075:34)\n    at Mongoose.connect (C:\\Users\\kusha\\OneDrive\\Desktop\\WebDevelopment\\PROJECTs\\NeuralShop\\backend\\node_modules\\mongoose\\lib\\mongoose.js:450:15)\n    at connectDB (file:///C:/Users/kusha/OneDrive/Desktop/WebDevelopment/PROJECTs/NeuralShop/backend/src/config/db.js:7:20)\n    at file:///C:/Users/kusha/OneDrive/Desktop/WebDevelopment/PROJECTs/NeuralShop/backend/src/app.js:45:1\n    at ModuleJob.run (node:internal/modules/esm/module_job:430:25)\n    at process.processTicksAndRejections (node:internal/process/task_queues:103:5)\n    at async onImport.tracePromise.__proto__ (node:internal/modules/esm/loader:661:26)\n    at async asyncRunEntryPointWithESMLoader (node:internal/modules/run_main:101:5)","timestamp":"2026-03-24 01:57:58.921","url":"missing"}
{"environment":"development","level":"info","message":"🚀 Server is running on port 6000","port":6000,"service":"neural-shop-backend","timestamp":"2026-03-24 01:57:58.925"}
{"level":"info","message":"🗄️  MongoDB not configured","service":"neural-shop-backend","timestamp":"2026-03-24 01:57:58.927"}
{"level":"error","message":"Failed to connect to MongoDB: The `uri` parameter to `openUri()` must be a string, got \"object\". Make sure the first parameter to `mongoose.connect()` or `mongoose.createConnection()` is a string.","service":"neural-shop-backend","stack":"MongooseError: The `uri` parameter to `openUri()` must be a string, got \"object\". Make sure the first parameter to `mongoose.connect()` or `mongoose.createConnection()` is a string.\n    at NativeConnection.createClient (C:\\Users\\kusha\\OneDrive\\Desktop\\WebDevelopment\\PROJECTs\\NeuralShop\\backend\\node_modules\\mongoose\\lib\\drivers\\node-mongodb-native\\connection.js:237:11)\n    at NativeConnection.openUri (C:\\Users\\kusha\\OneDrive\\Desktop\\WebDevelopment\\PROJECTs\\NeuralShop\\backend\\node_modules\\mongoose\\lib\\connection.js:1075:34)\n    at Mongoose.connect (C:\\Users\\kusha\\OneDrive\\Desktop\\WebDevelopment\\PROJECTs\\NeuralShop\\backend\\node_modules\\mongoose\\lib\\mongoose.js:450:15)\n    at connectDB (file:///C:/Users/kusha/OneDrive/Desktop/WebDevelopment/PROJECTs/NeuralShop/backend/src/config/db.js:7:20)\n    at file:///C:/Users/kusha/OneDrive/Desktop/WebDevelopment/PROJECTs/NeuralShop/backend/src/app.js:45:1\n    at ModuleJob.run (node:internal/modules/esm/module_job:430:25)\n    at process.processTicksAndRejections (node:internal/process/task_queues:103:5)\n    at async onImport.tracePromise.__proto__ (node:internal/modules/esm/loader:661:26)\n    at async asyncRunEntryPointWithESMLoader (node:internal/modules/run_main:101:5)","timestamp":"2026-03-24 01:57:59.252","url":"missing"}
{"environment":"development","level":"info","message":"🚀 Server is running on port 6000","port":6000,"service":"neural-shop-backend","timestamp":"2026-03-24 01:57:59.254"}
{"level":"info","message":"🗄️  MongoDB not configured","service":"neural-shop-backend","timestamp":"2026-03-24 01:57:59.255"}
{"level":"error","message":"Failed to connect to MongoDB: The `uri` parameter to `openUri()` must be a string, got \"object\". Make sure the first parameter to `mongoose.connect()` or `mongoose.createConnection()` is a string.","service":"neural-shop-backend","stack":"MongooseError: The `uri` parameter to `openUri()` must be a string, got \"object\". Make sure the first parameter to `mongoose.connect()` or `mongoose.createConnection()` is a string.\n    at NativeConnection.createClient (C:\\Users\\kusha\\OneDrive\\Desktop\\WebDevelopment\\PROJECTs\\NeuralShop\\backend\\node_modules\\mongoose\\lib\\drivers\\node-mongodb-native\\connection.js:237:11)\n    at NativeConnection.openUri (C:\\Users\\kusha\\OneDrive\\Desktop\\WebDevelopment\\PROJECTs\\NeuralShop\\backend\\node_modules\\mongoose\\lib\\connection.js:1075:34)\n    at Mongoose.connect (C:\\Users\\kusha\\OneDrive\\Desktop\\WebDevelopment\\PROJECTs\\NeuralShop\\backend\\node_modules\\mongoose\\lib\\mongoose.js:450:15)\n    at connectDB (file:///C:/Users/kusha/OneDrive/Desktop/WebDevelopment/PROJECTs/NeuralShop/backend/src/config/db.js:7:20)\n    at file:///C:/Users/kusha/OneDrive/Desktop/WebDevelopment/PROJECTs/NeuralShop/backend/src/app.js:45:1\n    at ModuleJob.run (node:internal/modules/esm/module_job:430:25)\n    at process.processTicksAndRejections (node:internal/process/task_queues:103:5)\n    at async onImport.tracePromise.__proto__ (node:internal/modules/esm/loader:661:26)\n    at async asyncRunEntryPointWithESMLoader (node:internal/modules/run_main:101:5)","timestamp":"2026-03-24 01:58:06.765","url":"missing"}
{"environment":"development","level":"info","message":"🚀 Server is running on port 6000","port":6000,"service":"neural-shop-backend","timestamp":"2026-03-24 01:58:06.774"}
{"level":"info","message":"🗄️  MongoDB not configured","service":"neural-shop-backend","timestamp":"2026-03-24 01:58:06.781"}
{"level":"error","message":"Failed to connect to MongoDB: The `uri` parameter to `openUri()` must be a string, got \"object\". Make sure the first parameter to `mongoose.connect()` or `mongoose.createConnection()` is a string.","service":"neural-shop-backend","stack":"MongooseError: The `uri` parameter to `openUri()` must be a string, got \"object\". Make sure the first parameter to `mongoose.connect()` or `mongoose.createConnection()` is a string.\n    at NativeConnection.createClient (C:\\Users\\kusha\\OneDrive\\Desktop\\WebDevelopment\\PROJECTs\\NeuralShop\\backend\\node_modules\\mongoose\\lib\\drivers\\node-mongodb-native\\connection.js:237:11)\n    at NativeConnection.openUri (C:\\Users\\kusha\\OneDrive\\Desktop\\WebDevelopment\\PROJECTs\\NeuralShop\\backend\\node_modules\\mongoose\\lib\\connection.js:1075:34)\n    at Mongoose.connect (C:\\Users\\kusha\\OneDrive\\Desktop\\WebDevelopment\\PROJECTs\\NeuralShop\\backend\\node_modules\\mongoose\\lib\\mongoose.js:450:15)\n    at connectDB (file:///C:/Users/kusha/OneDrive/Desktop/WebDevelopment/PROJECTs/NeuralShop/backend/src/config/db.js:7:20)\n    at file:///C:/Users/kusha/OneDrive/Desktop/WebDevelopment/PROJECTs/NeuralShop/backend/src/app.js:45:1\n    at ModuleJob.run (node:internal/modules/esm/module_job:430:25)\n    at process.processTicksAndRejections (node:internal/process/task_queues:103:5)\n    at async onImport.tracePromise.__proto__ (node:internal/modules/esm/loader:661:26)\n    at async asyncRunEntryPointWithESMLoader (node:internal/modules/run_main:101:5)","timestamp":"2026-03-24 01:58:06.785","url":"missing"}
{"environment":"development","level":"info","message":"🚀 Server is running on port 6000","port":6000,"service":"neural-shop-backend","timestamp":"2026-03-24 01:58:06.792"}
{"level":"info","message":"🗄️  MongoDB not configured","service":"neural-shop-backend","timestamp":"2026-03-24 01:58:06.799"}
{"level":"error","message":"Failed to connect to MongoDB: The `uri` parameter to `openUri()` must be a string, got \"object\". Make sure the first parameter to `mongoose.connect()` or `mongoose.createConnection()` is a string.","service":"neural-shop-backend","stack":"MongooseError: The `uri` parameter to `openUri()` must be a string, got \"object\". Make sure the first parameter to `mongoose.connect()` or `mongoose.createConnection()` is a string.\n    at NativeConnection.createClient (C:\\Users\\kusha\\OneDrive\\Desktop\\WebDevelopment\\PROJECTs\\NeuralShop\\backend\\node_modules\\mongoose\\lib\\drivers\\node-mongodb-native\\connection.js:237:11)\n    at NativeConnection.openUri (C:\\Users\\kusha\\OneDrive\\Desktop\\WebDevelopment\\PROJECTs\\NeuralShop\\backend\\node_modules\\mongoose\\lib\\connection.js:1075:34)\n    at Mongoose.connect (C:\\Users\\kusha\\OneDrive\\Desktop\\WebDevelopment\\PROJECTs\\NeuralShop\\backend\\node_modules\\mongoose\\lib\\mongoose.js:450:15)\n    at connectDB (file:///C:/Users/kusha/OneDrive/Desktop/WebDevelopment/PROJECTs/NeuralShop/backend/src/config/db.js:7:20)\n    at file:///C:/Users/kusha/OneDrive/Desktop/WebDevelopment/PROJECTs/NeuralShop/backend/src/app.js:45:1\n    at ModuleJob.run (node:internal/modules/esm/module_job:430:25)\n    at process.processTicksAndRejections (node:internal/process/task_queues:103:5)\n    at async onImport.tracePromise.__proto__ (node:internal/modules/esm/loader:661:26)\n    at async asyncRunEntryPointWithESMLoader (node:internal/modules/run_main:101:5)","timestamp":"2026-03-24 01:58:07.151","url":"missing"}
{"environment":"development","level":"info","message":"🚀 Server is running on port 6000","port":6000,"service":"neural-shop-backend","timestamp":"2026-03-24 01:58:07.152"}
{"level":"info","message":"🗄️  MongoDB not configured","service":"neural-shop-backend","timestamp":"2026-03-24 01:58:07.153"}
{"level":"error","message":"Failed to connect to MongoDB: The `uri` parameter to `openUri()` must be a string, got \"object\". Make sure the first parameter to `mongoose.connect()` or `mongoose.createConnection()` is a string.","service":"neural-shop-backend","stack":"MongooseError: The `uri` parameter to `openUri()` must be a string, got \"object\". Make sure the first parameter to `mongoose.connect()` or `mongoose.createConnection()` is a string.\n    at NativeConnection.createClient (C:\\Users\\kusha\\OneDrive\\Desktop\\WebDevelopment\\PROJECTs\\NeuralShop\\backend\\node_modules\\mongoose\\lib\\drivers\\node-mongodb-native\\connection.js:237:11)\n    at NativeConnection.openUri (C:\\Users\\kusha\\OneDrive\\Desktop\\WebDevelopment\\PROJECTs\\NeuralShop\\backend\\node_modules\\mongoose\\lib\\connection.js:1075:34)\n    at Mongoose.connect (C:\\Users\\kusha\\OneDrive\\Desktop\\WebDevelopment\\PROJECTs\\NeuralShop\\backend\\node_modules\\mongoose\\lib\\mongoose.js:450:15)\n    at connectDB (file:///C:/Users/kusha/OneDrive/Desktop/WebDevelopment/PROJECTs/NeuralShop/backend/src/config/db.js:7:20)\n    at file:///C:/Users/kusha/OneDrive/Desktop/WebDevelopment/PROJECTs/NeuralShop/backend/src/app.js:45:1\n    at ModuleJob.run (node:internal/modules/esm/module_job:430:25)\n    at process.processTicksAndRejections (node:internal/process/task_queues:103:5)\n    at async onImport.tracePromise.__proto__ (node:internal/modules/esm/loader:661:26)\n    at async asyncRunEntryPointWithESMLoader (node:internal/modules/run_main:101:5)","timestamp":"2026-03-24 01:58:09.206","url":"missing"}
{"environment":"development","level":"info","message":"🚀 Server is running on port 6000","port":6000,"service":"neural-shop-backend","timestamp":"2026-03-24 01:58:09.208"}
{"level":"info","message":"🗄️  MongoDB not configured","service":"neural-shop-backend","timestamp":"2026-03-24 01:58:09.210"}
{"level":"error","message":"Failed to connect to MongoDB: The `uri` parameter to `openUri()` must be a string, got \"object\". Make sure the first parameter to `mongoose.connect()` or `mongoose.createConnection()` is a string.","service":"neural-shop-backend","stack":"MongooseError: The `uri` parameter to `openUri()` must be a string, got \"object\". Make sure the first parameter to `mongoose.connect()` or `mongoose.createConnection()` is a string.\n    at NativeConnection.createClient (C:\\Users\\kusha\\OneDrive\\Desktop\\WebDevelopment\\PROJECTs\\NeuralShop\\backend\\node_modules\\mongoose\\lib\\drivers\\node-mongodb-native\\connection.js:237:11)\n    at NativeConnection.openUri (C:\\Users\\kusha\\OneDrive\\Desktop\\WebDevelopment\\PROJECTs\\NeuralShop\\backend\\node_modules\\mongoose\\lib\\connection.js:1075:34)\n    at Mongoose.connect (C:\\Users\\kusha\\OneDrive\\Desktop\\WebDevelopment\\PROJECTs\\NeuralShop\\backend\\node_modules\\mongoose\\lib\\mongoose.js:450:15)\n    at connectDB (file:///C:/Users/kusha/OneDrive/Desktop/WebDevelopment/PROJECTs/NeuralShop/backend/src/config/db.js:7:20)\n    at file:///C:/Users/kusha/OneDrive/Desktop/WebDevelopment/PROJECTs/NeuralShop/backend/src/app.js:45:1\n    at ModuleJob.run (node:internal/modules/esm/module_job:430:25)\n    at process.processTicksAndRejections (node:internal/process/task_queues:103:5)\n    at async onImport.tracePromise.__proto__ (node:internal/modules/esm/loader:661:26)\n    at async asyncRunEntryPointWithESMLoader (node:internal/modules/run_main:101:5)","timestamp":"2026-03-24 01:58:09.226","url":"missing"}
{"environment":"development","level":"info","message":"🚀 Server is running on port 6000","port":6000,"service":"neural-shop-backend","timestamp":"2026-03-24 01:58:09.228"}
{"level":"info","message":"🗄️  MongoDB not configured","service":"neural-shop-backend","timestamp":"2026-03-24 01:58:09.230"}
{"level":"error","message":"Failed to connect to MongoDB: The `uri` parameter to `openUri()` must be a string, got \"object\". Make sure the first parameter to `mongoose.connect()` or `mongoose.createConnection()` is a string.","service":"neural-shop-backend","stack":"MongooseError: The `uri` parameter to `openUri()` must be a string, got \"object\". Make sure the first parameter to `mongoose.connect()` or `mongoose.createConnection()` is a string.\n    at NativeConnection.createClient (C:\\Users\\kusha\\OneDrive\\Desktop\\WebDevelopment\\PROJECTs\\NeuralShop\\backend\\node_modules\\mongoose\\lib\\drivers\\node-mongodb-native\\connection.js:237:11)\n    at NativeConnection.openUri (C:\\Users\\kusha\\OneDrive\\Desktop\\WebDevelopment\\PROJECTs\\NeuralShop\\backend\\node_modules\\mongoose\\lib\\connection.js:1075:34)\n    at Mongoose.connect (C:\\Users\\kusha\\OneDrive\\Desktop\\WebDevelopment\\PROJECTs\\NeuralShop\\backend\\node_modules\\mongoose\\lib\\mongoose.js:450:15)\n    at connectDB (file:///C:/Users/kusha/OneDrive/Desktop/WebDevelopment/PROJECTs/NeuralShop/backend/src/config/db.js:7:20)\n    at file:///C:/Users/kusha/OneDrive/Desktop/WebDevelopment/PROJECTs/NeuralShop/backend/src/app.js:45:1\n    at ModuleJob.run (node:internal/modules/esm/module_job:430:25)\n    at process.processTicksAndRejections (node:internal/process/task_queues:103:5)\n    at async onImport.tracePromise.__proto__ (node:internal/modules/esm/loader:661:26)\n    at async asyncRunEntryPointWithESMLoader (node:internal/modules/run_main:101:5)","timestamp":"2026-03-24 01:58:09.477","url":"missing"}
{"environment":"development","level":"info","message":"🚀 Server is running on port 6000","port":6000,"service":"neural-shop-backend","timestamp":"2026-03-24 01:58:09.478"}
{"level":"info","message":"🗄️  MongoDB not configured","service":"neural-shop-backend","timestamp":"2026-03-24 01:58:09.479"}
{"level":"error","message":"Failed to connect to MongoDB: The `uri` parameter to `openUri()` must be a string, got \"object\". Make sure the first parameter to `mongoose.connect()` or `mongoose.createConnection()` is a string.","service":"neural-shop-backend","stack":"MongooseError: The `uri` parameter to `openUri()` must be a string, got \"object\". Make sure the first parameter to `mongoose.connect()` or `mongoose.createConnection()` is a string.\n    at NativeConnection.createClient (C:\\Users\\kusha\\OneDrive\\Desktop\\WebDevelopment\\PROJECTs\\NeuralShop\\backend\\node_modules\\mongoose\\lib\\drivers\\node-mongodb-native\\connection.js:237:11)\n    at NativeConnection.openUri (C:\\Users\\kusha\\OneDrive\\Desktop\\WebDevelopment\\PROJECTs\\NeuralShop\\backend\\node_modules\\mongoose\\lib\\connection.js:1075:34)\n    at Mongoose.connect (C:\\Users\\kusha\\OneDrive\\Desktop\\WebDevelopment\\PROJECTs\\NeuralShop\\backend\\node_modules\\mongoose\\lib\\mongoose.js:450:15)\n    at connectDB (file:///C:/Users/kusha/OneDrive/Desktop/WebDevelopment/PROJECTs/NeuralShop/backend/src/config/db.js:8:20)\n    at file:///C:/Users/kusha/OneDrive/Desktop/WebDevelopment/PROJECTs/NeuralShop/backend/src/app.js:45:1\n    at ModuleJob.run (node:internal/modules/esm/module_job:430:25)\n    at process.processTicksAndRejections (node:internal/process/task_queues:103:5)\n    at async onImport.tracePromise.__proto__ (node:internal/modules/esm/loader:661:26)\n    at async asyncRunEntryPointWithESMLoader (node:internal/modules/run_main:101:5)","timestamp":"2026-03-24 01:58:16.859","url":"missing"}
{"environment":"development","level":"info","message":"🚀 Server is running on port 6000","port":6000,"service":"neural-shop-backend","timestamp":"2026-03-24 01:58:16.862"}
{"level":"info","message":"🗄️  MongoDB not configured","service":"neural-shop-backend","timestamp":"2026-03-24 01:58:16.869"}
{"level":"error","message":"Failed to connect to MongoDB: The `uri` parameter to `openUri()` must be a string, got \"object\". Make sure the first parameter to `mongoose.connect()` or `mongoose.createConnection()` is a string.","service":"neural-shop-backend","stack":"MongooseError: The `uri` parameter to `openUri()` must be a string, got \"object\". Make sure the first parameter to `mongoose.connect()` or `mongoose.createConnection()` is a string.\n    at NativeConnection.createClient (C:\\Users\\kusha\\OneDrive\\Desktop\\WebDevelopment\\PROJECTs\\NeuralShop\\backend\\node_modules\\mongoose\\lib\\drivers\\node-mongodb-native\\connection.js:237:11)\n    at NativeConnection.openUri (C:\\Users\\kusha\\OneDrive\\Desktop\\WebDevelopment\\PROJECTs\\NeuralShop\\backend\\node_modules\\mongoose\\lib\\connection.js:1075:34)\n    at Mongoose.connect (C:\\Users\\kusha\\OneDrive\\Desktop\\WebDevelopment\\PROJECTs\\NeuralShop\\backend\\node_modules\\mongoose\\lib\\mongoose.js:450:15)\n    at connectDB (file:///C:/Users/kusha/OneDrive/Desktop/WebDevelopment/PROJECTs/NeuralShop/backend/src/config/db.js:8:20)\n    at file:///C:/Users/kusha/OneDrive/Desktop/WebDevelopment/PROJECTs/NeuralShop/backend/src/app.js:45:1\n    at ModuleJob.run (node:internal/modules/esm/module_job:430:25)\n    at process.processTicksAndRejections (node:internal/process/task_queues:103:5)\n    at async onImport.tracePromise.__proto__ (node:internal/modules/esm/loader:661:26)\n    at async asyncRunEntryPointWithESMLoader (node:internal/modules/run_main:101:5)","timestamp":"2026-03-24 01:58:16.887","url":"missing"}
{"environment":"development","level":"info","message":"🚀 Server is running on port 6000","port":6000,"service":"neural-shop-backend","timestamp":"2026-03-24 01:58:16.891"}
{"level":"info","message":"🗄️  MongoDB not configured","service":"neural-shop-backend","timestamp":"2026-03-24 01:58:16.898"}
{"level":"error","message":"Failed to connect to MongoDB: The `uri` parameter to `openUri()` must be a string, got \"object\". Make sure the first parameter to `mongoose.connect()` or `mongoose.createConnection()` is a string.","service":"neural-shop-backend","stack":"MongooseError: The `uri` parameter to `openUri()` must be a string, got \"object\". Make sure the first parameter to `mongoose.connect()` or `mongoose.createConnection()` is a string.\n    at NativeConnection.createClient (C:\\Users\\kusha\\OneDrive\\Desktop\\WebDevelopment\\PROJECTs\\NeuralShop\\backend\\node_modules\\mongoose\\lib\\drivers\\node-mongodb-native\\connection.js:237:11)\n    at NativeConnection.openUri (C:\\Users\\kusha\\OneDrive\\Desktop\\WebDevelopment\\PROJECTs\\NeuralShop\\backend\\node_modules\\mongoose\\lib\\connection.js:1075:34)\n    at Mongoose.connect (C:\\Users\\kusha\\OneDrive\\Desktop\\WebDevelopment\\PROJECTs\\NeuralShop\\backend\\node_modules\\mongoose\\lib\\mongoose.js:450:15)\n    at connectDB (file:///C:/Users/kusha/OneDrive/Desktop/WebDevelopment/PROJECTs/NeuralShop/backend/src/config/db.js:8:20)\n    at file:///C:/Users/kusha/OneDrive/Desktop/WebDevelopment/PROJECTs/NeuralShop/backend/src/app.js:45:1\n    at ModuleJob.run (node:internal/modules/esm/module_job:430:25)\n    at process.processTicksAndRejections (node:internal/process/task_queues:103:5)\n    at async onImport.tracePromise.__proto__ (node:internal/modules/esm/loader:661:26)\n    at async asyncRunEntryPointWithESMLoader (node:internal/modules/run_main:101:5)","timestamp":"2026-03-24 01:58:17.251","url":"missing"}
{"environment":"development","level":"info","message":"🚀 Server is running on port 6000","port":6000,"service":"neural-shop-backend","timestamp":"2026-03-24 01:58:17.253"}
{"level":"info","message":"🗄️  MongoDB not configured","service":"neural-shop-backend","timestamp":"2026-03-24 01:58:17.253"}
{"level":"error","message":"Failed to connect to MongoDB: The `uri` parameter to `openUri()` must be a string, got \"object\". Make sure the first parameter to `mongoose.connect()` or `mongoose.createConnection()` is a string.","service":"neural-shop-backend","stack":"MongooseError: The `uri` parameter to `openUri()` must be a string, got \"object\". Make sure the first parameter to `mongoose.connect()` or `mongoose.createConnection()` is a string.\n    at NativeConnection.createClient (C:\\Users\\kusha\\OneDrive\\Desktop\\WebDevelopment\\PROJECTs\\NeuralShop\\backend\\node_modules\\mongoose\\lib\\drivers\\node-mongodb-native\\connection.js:237:11)\n    at NativeConnection.openUri (C:\\Users\\kusha\\OneDrive\\Desktop\\WebDevelopment\\PROJECTs\\NeuralShop\\backend\\node_modules\\mongoose\\lib\\connection.js:1075:34)\n    at Mongoose.connect (C:\\Users\\kusha\\OneDrive\\Desktop\\WebDevelopment\\PROJECTs\\NeuralShop\\backend\\node_modules\\mongoose\\lib\\mongoose.js:450:15)\n    at connectDB (file:///C:/Users/kusha/OneDrive/Desktop/WebDevelopment/PROJECTs/NeuralShop/backend/src/config/db.js:8:20)\n    at file:///C:/Users/kusha/OneDrive/Desktop/WebDevelopment/PROJECTs/NeuralShop/backend/src/app.js:45:1\n    at ModuleJob.run (node:internal/modules/esm/module_job:430:25)\n    at process.processTicksAndRejections (node:internal/process/task_queues:103:5)\n    at async onImport.tracePromise.__proto__ (node:internal/modules/esm/loader:661:26)\n    at async asyncRunEntryPointWithESMLoader (node:internal/modules/run_main:101:5)","timestamp":"2026-03-24 01:58:20.329","url":"missing"}
{"environment":"development","level":"info","message":"🚀 Server is running on port 6000","port":6000,"service":"neural-shop-backend","timestamp":"2026-03-24 01:58:20.331"}
{"level":"info","message":"🗄️  MongoDB not configured","service":"neural-shop-backend","timestamp":"2026-03-24 01:58:20.333"}
{"level":"error","message":"Failed to connect to MongoDB: The `uri` parameter to `openUri()` must be a string, got \"object\". Make sure the first parameter to `mongoose.connect()` or `mongoose.createConnection()` is a string.","service":"neural-shop-backend","stack":"MongooseError: The `uri` parameter to `openUri()` must be a string, got \"object\". Make sure the first parameter to `mongoose.connect()` or `mongoose.createConnection()` is a string.\n    at NativeConnection.createClient (C:\\Users\\kusha\\OneDrive\\Desktop\\WebDevelopment\\PROJECTs\\NeuralShop\\backend\\node_modules\\mongoose\\lib\\drivers\\node-mongodb-native\\connection.js:237:11)\n    at NativeConnection.openUri (C:\\Users\\kusha\\OneDrive\\Desktop\\WebDevelopment\\PROJECTs\\NeuralShop\\backend\\node_modules\\mongoose\\lib\\connection.js:1075:34)\n    at Mongoose.connect (C:\\Users\\kusha\\OneDrive\\Desktop\\WebDevelopment\\PROJECTs\\NeuralShop\\backend\\node_modules\\mongoose\\lib\\mongoose.js:450:15)\n    at connectDB (file:///C:/Users/kusha/OneDrive/Desktop/WebDevelopment/PROJECTs/NeuralShop/backend/src/config/db.js:8:20)\n    at file:///C:/Users/kusha/OneDrive/Desktop/WebDevelopment/PROJECTs/NeuralShop/backend/src/app.js:45:1\n    at ModuleJob.run (node:internal/modules/esm/module_job:430:25)\n    at process.processTicksAndRejections (node:internal/process/task_queues:103:5)\n    at async onImport.tracePromise.__proto__ (node:internal/modules/esm/loader:661:26)\n    at async asyncRunEntryPointWithESMLoader (node:internal/modules/run_main:101:5)","timestamp":"2026-03-24 01:58:20.341","url":"missing"}
{"environment":"development","level":"info","message":"🚀 Server is running on port 6000","port":6000,"service":"neural-shop-backend","timestamp":"2026-03-24 01:58:20.343"}
{"level":"info","message":"🗄️  MongoDB not configured","service":"neural-shop-backend","timestamp":"2026-03-24 01:58:20.343"}
{"level":"error","message":"Failed to connect to MongoDB: The `uri` parameter to `openUri()` must be a string, got \"object\". Make sure the first parameter to `mongoose.connect()` or `mongoose.createConnection()` is a string.","service":"neural-shop-backend","stack":"MongooseError: The `uri` parameter to `openUri()` must be a string, got \"object\". Make sure the first parameter to `mongoose.connect()` or `mongoose.createConnection()` is a string.\n    at NativeConnection.createClient (C:\\Users\\kusha\\OneDrive\\Desktop\\WebDevelopment\\PROJECTs\\NeuralShop\\backend\\node_modules\\mongoose\\lib\\drivers\\node-mongodb-native\\connection.js:237:11)\n    at NativeConnection.openUri (C:\\Users\\kusha\\OneDrive\\Desktop\\WebDevelopment\\PROJECTs\\NeuralShop\\backend\\node_modules\\mongoose\\lib\\connection.js:1075:34)\n    at Mongoose.connect (C:\\Users\\kusha\\OneDrive\\Desktop\\WebDevelopment\\PROJECTs\\NeuralShop\\backend\\node_modules\\mongoose\\lib\\mongoose.js:450:15)\n    at connectDB (file:///C:/Users/kusha/OneDrive/Desktop/WebDevelopment/PROJECTs/NeuralShop/backend/src/config/db.js:8:20)\n    at file:///C:/Users/kusha/OneDrive/Desktop/WebDevelopment/PROJECTs/NeuralShop/backend/src/app.js:45:1\n    at ModuleJob.run (node:internal/modules/esm/module_job:430:25)\n    at process.processTicksAndRejections (node:internal/process/task_queues:103:5)\n    at async onImport.tracePromise.__proto__ (node:internal/modules/esm/loader:661:26)\n    at async asyncRunEntryPointWithESMLoader (node:internal/modules/run_main:101:5)","timestamp":"2026-03-24 01:58:20.558","url":"missing"}
{"environment":"development","level":"info","message":"🚀 Server is running on port 6000","port":6000,"service":"neural-shop-backend","timestamp":"2026-03-24 01:58:20.562"}
{"level":"info","message":"🗄️  MongoDB not configured","service":"neural-shop-backend","timestamp":"2026-03-24 01:58:20.563"}
{"level":"info","message":"","service":"neural-shop-backend","timestamp":"2026-03-24 01:58:30.122"}
{"level":"error","message":"Failed to connect to MongoDB: The `uri` parameter to `openUri()` must be a string, got \"object\". Make sure the first parameter to `mongoose.connect()` or `mongoose.createConnection()` is a string.","service":"neural-shop-backend","stack":"MongooseError: The `uri` parameter to `openUri()` must be a string, got \"object\". Make sure the first parameter to `mongoose.connect()` or `mongoose.createConnection()` is a string.\n    at NativeConnection.createClient (C:\\Users\\kusha\\OneDrive\\Desktop\\WebDevelopment\\PROJECTs\\NeuralShop\\backend\\node_modules\\mongoose\\lib\\drivers\\node-mongodb-native\\connection.js:237:11)\n    at NativeConnection.openUri (C:\\Users\\kusha\\OneDrive\\Desktop\\WebDevelopment\\PROJECTs\\NeuralShop\\backend\\node_modules\\mongoose\\lib\\connection.js:1075:34)\n    at Mongoose.connect (C:\\Users\\kusha\\OneDrive\\Desktop\\WebDevelopment\\PROJECTs\\NeuralShop\\backend\\node_modules\\mongoose\\lib\\mongoose.js:450:15)\n    at connectDB (file:///C:/Users/kusha/OneDrive/Desktop/WebDevelopment/PROJECTs/NeuralShop/backend/src/config/db.js:8:20)\n    at file:///C:/Users/kusha/OneDrive/Desktop/WebDevelopment/PROJECTs/NeuralShop/backend/src/app.js:45:1\n    at ModuleJob.run (node:internal/modules/esm/module_job:430:25)\n    at process.processTicksAndRejections (node:internal/process/task_queues:103:5)\n    at async onImport.tracePromise.__proto__ (node:internal/modules/esm/loader:661:26)\n    at async asyncRunEntryPointWithESMLoader (node:internal/modules/run_main:101:5)","timestamp":"2026-03-24 01:58:30.133","url":"missing"}
{"environment":"development","level":"info","message":"🚀 Server is running on port 6000","port":6000,"service":"neural-shop-backend","timestamp":"2026-03-24 01:58:30.140"}
{"level":"info","message":"🗄️  MongoDB not configured","service":"neural-shop-backend","timestamp":"2026-03-24 01:58:30.141"}
{"level":"info","message":"","service":"neural-shop-backend","timestamp":"2026-03-24 01:58:30.142"}
{"level":"error","message":"Failed to connect to MongoDB: The `uri` parameter to `openUri()` must be a string, got \"object\". Make sure the first parameter to `mongoose.connect()` or `mongoose.createConnection()` is a string.","service":"neural-shop-backend","stack":"MongooseError: The `uri` parameter to `openUri()` must be a string, got \"object\". Make sure the first parameter to `mongoose.connect()` or `mongoose.createConnection()` is a string.\n    at NativeConnection.createClient (C:\\Users\\kusha\\OneDrive\\Desktop\\WebDevelopment\\PROJECTs\\NeuralShop\\backend\\node_modules\\mongoose\\lib\\drivers\\node-mongodb-native\\connection.js:237:11)\n    at NativeConnection.openUri (C:\\Users\\kusha\\OneDrive\\Desktop\\WebDevelopment\\PROJECTs\\NeuralShop\\backend\\node_modules\\mongoose\\lib\\connection.js:1075:34)\n    at Mongoose.connect (C:\\Users\\kusha\\OneDrive\\Desktop\\WebDevelopment\\PROJECTs\\NeuralShop\\backend\\node_modules\\mongoose\\lib\\mongoose.js:450:15)\n    at connectDB (file:///C:/Users/kusha/OneDrive/Desktop/WebDevelopment/PROJECTs/NeuralShop/backend/src/config/db.js:8:20)\n    at file:///C:/Users/kusha/OneDrive/Desktop/WebDevelopment/PROJECTs/NeuralShop/backend/src/app.js:45:1\n    at ModuleJob.run (node:internal/modules/esm/module_job:430:25)\n    at process.processTicksAndRejections (node:internal/process/task_queues:103:5)\n    at async onImport.tracePromise.__proto__ (node:internal/modules/esm/loader:661:26)\n    at async asyncRunEntryPointWithESMLoader (node:internal/modules/run_main:101:5)","timestamp":"2026-03-24 01:58:30.153","url":"missing"}
{"environment":"development","level":"info","message":"🚀 Server is running on port 6000","port":6000,"service":"neural-shop-backend","timestamp":"2026-03-24 01:58:30.155"}
{"level":"info","message":"🗄️  MongoDB not configured","service":"neural-shop-backend","timestamp":"2026-03-24 01:58:30.156"}
{"level":"info","message":"","service":"neural-shop-backend","timestamp":"2026-03-24 01:58:30.459"}
{"level":"error","message":"Failed to connect to MongoDB: The `uri` parameter to `openUri()` must be a string, got \"object\". Make sure the first parameter to `mongoose.connect()` or `mongoose.createConnection()` is a string.","service":"neural-shop-backend","stack":"MongooseError: The `uri` parameter to `openUri()` must be a string, got \"object\". Make sure the first parameter to `mongoose.connect()` or `mongoose.createConnection()` is a string.\n    at NativeConnection.createClient (C:\\Users\\kusha\\OneDrive\\Desktop\\WebDevelopment\\PROJECTs\\NeuralShop\\backend\\node_modules\\mongoose\\lib\\drivers\\node-mongodb-native\\connection.js:237:11)\n    at NativeConnection.openUri (C:\\Users\\kusha\\OneDrive\\Desktop\\WebDevelopment\\PROJECTs\\NeuralShop\\backend\\node_modules\\mongoose\\lib\\connection.js:1075:34)\n    at Mongoose.connect (C:\\Users\\kusha\\OneDrive\\Desktop\\WebDevelopment\\PROJECTs\\NeuralShop\\backend\\node_modules\\mongoose\\lib\\mongoose.js:450:15)\n    at connectDB (file:///C:/Users/kusha/OneDrive/Desktop/WebDevelopment/PROJECTs/NeuralShop/backend/src/config/db.js:8:20)\n    at file:///C:/Users/kusha/OneDrive/Desktop/WebDevelopment/PROJECTs/NeuralShop/backend/src/app.js:45:1\n    at ModuleJob.run (node:internal/modules/esm/module_job:430:25)\n    at process.processTicksAndRejections (node:internal/process/task_queues:103:5)\n    at async onImport.tracePromise.__proto__ (node:internal/modules/esm/loader:661:26)\n    at async asyncRunEntryPointWithESMLoader (node:internal/modules/run_main:101:5)","timestamp":"2026-03-24 01:58:30.468","url":"missing"}
{"environment":"development","level":"info","message":"🚀 Server is running on port 6000","port":6000,"service":"neural-shop-backend","timestamp":"2026-03-24 01:58:30.470"}
{"level":"info","message":"🗄️  MongoDB not configured","service":"neural-shop-backend","timestamp":"2026-03-24 01:58:30.471"}
{"level":"info","message":"Database URL ","service":"neural-shop-backend","timestamp":"2026-03-24 01:58:35.252"}
{"level":"error","message":"Failed to connect to MongoDB: The `uri` parameter to `openUri()` must be a string, got \"object\". Make sure the first parameter to `mongoose.connect()` or `mongoose.createConnection()` is a string.","service":"neural-shop-backend","stack":"MongooseError: The `uri` parameter to `openUri()` must be a string, got \"object\". Make sure the first parameter to `mongoose.connect()` or `mongoose.createConnection()` is a string.\n    at NativeConnection.createClient (C:\\Users\\kusha\\OneDrive\\Desktop\\WebDevelopment\\PROJECTs\\NeuralShop\\backend\\node_modules\\mongoose\\lib\\drivers\\node-mongodb-native\\connection.js:237:11)\n    at NativeConnection.openUri (C:\\Users\\kusha\\OneDrive\\Desktop\\WebDevelopment\\PROJECTs\\NeuralShop\\backend\\node_modules\\mongoose\\lib\\connection.js:1075:34)\n    at Mongoose.connect (C:\\Users\\kusha\\OneDrive\\Desktop\\WebDevelopment\\PROJECTs\\NeuralShop\\backend\\node_modules\\mongoose\\lib\\mongoose.js:450:15)\n    at connectDB (file:///C:/Users/kusha/OneDrive/Desktop/WebDevelopment/PROJECTs/NeuralShop/backend/src/config/db.js:8:20)\n    at file:///C:/Users/kusha/OneDrive/Desktop/WebDevelopment/PROJECTs/NeuralShop/backend/src/app.js:45:1\n    at ModuleJob.run (node:internal/modules/esm/module_job:430:25)\n    at process.processTicksAndRejections (node:internal/process/task_queues:103:5)\n    at async onImport.tracePromise.__proto__ (node:internal/modules/esm/loader:661:26)\n    at async asyncRunEntryPointWithESMLoader (node:internal/modules/run_main:101:5)","timestamp":"2026-03-24 01:58:35.263","url":"missing"}
{"environment":"development","level":"info","message":"🚀 Server is running on port 6000","port":6000,"service":"neural-shop-backend","timestamp":"2026-03-24 01:58:35.268"}
{"level":"info","message":"🗄️  MongoDB not configured","service":"neural-shop-backend","timestamp":"2026-03-24 01:58:35.271"}
{"level":"info","message":"Database URL ","service":"neural-shop-backend","timestamp":"2026-03-24 01:58:35.293"}
{"level":"error","message":"Failed to connect to MongoDB: The `uri` parameter to `openUri()` must be a string, got \"object\". Make sure the first parameter to `mongoose.connect()` or `mongoose.createConnection()` is a string.","service":"neural-shop-backend","stack":"MongooseError: The `uri` parameter to `openUri()` must be a string, got \"object\". Make sure the first parameter to `mongoose.connect()` or `mongoose.createConnection()` is a string.\n    at NativeConnection.createClient (C:\\Users\\kusha\\OneDrive\\Desktop\\WebDevelopment\\PROJECTs\\NeuralShop\\backend\\node_modules\\mongoose\\lib\\drivers\\node-mongodb-native\\connection.js:237:11)\n    at NativeConnection.openUri (C:\\Users\\kusha\\OneDrive\\Desktop\\WebDevelopment\\PROJECTs\\NeuralShop\\backend\\node_modules\\mongoose\\lib\\connection.js:1075:34)\n    at Mongoose.connect (C:\\Users\\kusha\\OneDrive\\Desktop\\WebDevelopment\\PROJECTs\\NeuralShop\\backend\\node_modules\\mongoose\\lib\\mongoose.js:450:15)\n    at connectDB (file:///C:/Users/kusha/OneDrive/Desktop/WebDevelopment/PROJECTs/NeuralShop/backend/src/config/db.js:8:20)\n    at file:///C:/Users/kusha/OneDrive/Desktop/WebDevelopment/PROJECTs/NeuralShop/backend/src/app.js:45:1\n    at ModuleJob.run (node:internal/modules/esm/module_job:430:25)\n    at process.processTicksAndRejections (node:internal/process/task_queues:103:5)\n    at async onImport.tracePromise.__proto__ (node:internal/modules/esm/loader:661:26)\n    at async asyncRunEntryPointWithESMLoader (node:internal/modules/run_main:101:5)","timestamp":"2026-03-24 01:58:35.303","url":"missing"}
{"environment":"development","level":"info","message":"🚀 Server is running on port 6000","port":6000,"service":"neural-shop-backend","timestamp":"2026-03-24 01:58:35.307"}
{"level":"info","message":"🗄️  MongoDB not configured","service":"neural-shop-backend","timestamp":"2026-03-24 01:58:35.308"}
{"level":"info","message":"Database URL ","service":"neural-shop-backend","timestamp":"2026-03-24 01:58:35.550"}
{"level":"error","message":"Failed to connect to MongoDB: The `uri` parameter to `openUri()` must be a string, got \"object\". Make sure the first parameter to `mongoose.connect()` or `mongoose.createConnection()` is a string.","service":"neural-shop-backend","stack":"MongooseError: The `uri` parameter to `openUri()` must be a string, got \"object\". Make sure the first parameter to `mongoose.connect()` or `mongoose.createConnection()` is a string.\n    at NativeConnection.createClient (C:\\Users\\kusha\\OneDrive\\Desktop\\WebDevelopment\\PROJECTs\\NeuralShop\\backend\\node_modules\\mongoose\\lib\\drivers\\node-mongodb-native\\connection.js:237:11)\n    at NativeConnection.openUri (C:\\Users\\kusha\\OneDrive\\Desktop\\WebDevelopment\\PROJECTs\\NeuralShop\\backend\\node_modules\\mongoose\\lib\\connection.js:1075:34)\n    at Mongoose.connect (C:\\Users\\kusha\\OneDrive\\Desktop\\WebDevelopment\\PROJECTs\\NeuralShop\\backend\\node_modules\\mongoose\\lib\\mongoose.js:450:15)\n    at connectDB (file:///C:/Users/kusha/OneDrive/Desktop/WebDevelopment/PROJECTs/NeuralShop/backend/src/config/db.js:8:20)\n    at file:///C:/Users/kusha/OneDrive/Desktop/WebDevelopment/PROJECTs/NeuralShop/backend/src/app.js:45:1\n    at ModuleJob.run (node:internal/modules/esm/module_job:430:25)\n    at process.processTicksAndRejections (node:internal/process/task_queues:103:5)\n    at async onImport.tracePromise.__proto__ (node:internal/modules/esm/loader:661:26)\n    at async asyncRunEntryPointWithESMLoader (node:internal/modules/run_main:101:5)","timestamp":"2026-03-24 01:58:35.559","url":"missing"}
{"environment":"development","level":"info","message":"🚀 Server is running on port 6000","port":6000,"service":"neural-shop-backend","timestamp":"2026-03-24 01:58:35.562"}
{"level":"info","message":"🗄️  MongoDB not configured","service":"neural-shop-backend","timestamp":"2026-03-24 01:58:35.564"}
{"level":"info","message":"Database URL null","service":"neural-shop-backend","timestamp":"2026-03-24 01:58:41.774"}
{"level":"error","message":"Failed to connect to MongoDB: The `uri` parameter to `openUri()` must be a string, got \"object\". Make sure the first parameter to `mongoose.connect()` or `mongoose.createConnection()` is a string.","service":"neural-shop-backend","stack":"MongooseError: The `uri` parameter to `openUri()` must be a string, got \"object\". Make sure the first parameter to `mongoose.connect()` or `mongoose.createConnection()` is a string.\n    at NativeConnection.createClient (C:\\Users\\kusha\\OneDrive\\Desktop\\WebDevelopment\\PROJECTs\\NeuralShop\\backend\\node_modules\\mongoose\\lib\\drivers\\node-mongodb-native\\connection.js:237:11)\n    at NativeConnection.openUri (C:\\Users\\kusha\\OneDrive\\Desktop\\WebDevelopment\\PROJECTs\\NeuralShop\\backend\\node_modules\\mongoose\\lib\\connection.js:1075:34)\n    at Mongoose.connect (C:\\Users\\kusha\\OneDrive\\Desktop\\WebDevelopment\\PROJECTs\\NeuralShop\\backend\\node_modules\\mongoose\\lib\\mongoose.js:450:15)\n    at connectDB (file:///C:/Users/kusha/OneDrive/Desktop/WebDevelopment/PROJECTs/NeuralShop/backend/src/config/db.js:8:20)\n    at file:///C:/Users/kusha/OneDrive/Desktop/WebDevelopment/PROJECTs/NeuralShop/backend/src/app.js:45:1\n    at ModuleJob.run (node:internal/modules/esm/module_job:430:25)\n    at process.processTicksAndRejections (node:internal/process/task_queues:103:5)\n    at async onImport.tracePromise.__proto__ (node:internal/modules/esm/loader:661:26)\n    at async asyncRunEntryPointWithESMLoader (node:internal/modules/run_main:101:5)","timestamp":"2026-03-24 01:58:41.787","url":"missing"}
{"environment":"development","level":"info","message":"🚀 Server is running on port 6000","port":6000,"service":"neural-shop-backend","timestamp":"2026-03-24 01:58:41.791"}
{"level":"info","message":"🗄️  MongoDB not configured","service":"neural-shop-backend","timestamp":"2026-03-24 01:58:41.792"}
{"level":"info","message":"Database URL null","service":"neural-shop-backend","timestamp":"2026-03-24 01:58:41.779"}
{"level":"error","message":"Failed to connect to MongoDB: The `uri` parameter to `openUri()` must be a string, got \"object\". Make sure the first parameter to `mongoose.connect()` or `mongoose.createConnection()` is a string.","service":"neural-shop-backend","stack":"MongooseError: The `uri` parameter to `openUri()` must be a string, got \"object\". Make sure the first parameter to `mongoose.connect()` or `mongoose.createConnection()` is a string.\n    at NativeConnection.createClient (C:\\Users\\kusha\\OneDrive\\Desktop\\WebDevelopment\\PROJECTs\\NeuralShop\\backend\\node_modules\\mongoose\\lib\\drivers\\node-mongodb-native\\connection.js:237:11)\n    at NativeConnection.openUri (C:\\Users\\kusha\\OneDrive\\Desktop\\WebDevelopment\\PROJECTs\\NeuralShop\\backend\\node_modules\\mongoose\\lib\\connection.js:1075:34)\n    at Mongoose.connect (C:\\Users\\kusha\\OneDrive\\Desktop\\WebDevelopment\\PROJECTs\\NeuralShop\\backend\\node_modules\\mongoose\\lib\\mongoose.js:450:15)\n    at connectDB (file:///C:/Users/kusha/OneDrive/Desktop/WebDevelopment/PROJECTs/NeuralShop/backend/src/config/db.js:8:20)\n    at file:///C:/Users/kusha/OneDrive/Desktop/WebDevelopment/PROJECTs/NeuralShop/backend/src/app.js:45:1\n    at ModuleJob.run (node:internal/modules/esm/module_job:430:25)\n    at process.processTicksAndRejections (node:internal/process/task_queues:103:5)\n    at async onImport.tracePromise.__proto__ (node:internal/modules/esm/loader:661:26)\n    at async asyncRunEntryPointWithESMLoader (node:internal/modules/run_main:101:5)","timestamp":"2026-03-24 01:58:41.790","url":"missing"}
{"environment":"development","level":"info","message":"🚀 Server is running on port 6000","port":6000,"service":"neural-shop-backend","timestamp":"2026-03-24 01:58:41.794"}
{"level":"info","message":"🗄️  MongoDB not configured","service":"neural-shop-backend","timestamp":"2026-03-24 01:58:41.795"}
{"level":"info","message":"Database URL null","service":"neural-shop-backend","timestamp":"2026-03-24 01:58:42.004"}
{"level":"error","message":"Failed to connect to MongoDB: The `uri` parameter to `openUri()` must be a string, got \"object\". Make sure the first parameter to `mongoose.connect()` or `mongoose.createConnection()` is a string.","service":"neural-shop-backend","stack":"MongooseError: The `uri` parameter to `openUri()` must be a string, got \"object\". Make sure the first parameter to `mongoose.connect()` or `mongoose.createConnection()` is a string.\n    at NativeConnection.createClient (C:\\Users\\kusha\\OneDrive\\Desktop\\WebDevelopment\\PROJECTs\\NeuralShop\\backend\\node_modules\\mongoose\\lib\\drivers\\node-mongodb-native\\connection.js:237:11)\n    at NativeConnection.openUri (C:\\Users\\kusha\\OneDrive\\Desktop\\WebDevelopment\\PROJECTs\\NeuralShop\\backend\\node_modules\\mongoose\\lib\\connection.js:1075:34)\n    at Mongoose.connect (C:\\Users\\kusha\\OneDrive\\Desktop\\WebDevelopment\\PROJECTs\\NeuralShop\\backend\\node_modules\\mongoose\\lib\\mongoose.js:450:15)\n    at connectDB (file:///C:/Users/kusha/OneDrive/Desktop/WebDevelopment/PROJECTs/NeuralShop/backend/src/config/db.js:8:20)\n    at file:///C:/Users/kusha/OneDrive/Desktop/WebDevelopment/PROJECTs/NeuralShop/backend/src/app.js:45:1\n    at ModuleJob.run (node:internal/modules/esm/module_job:430:25)\n    at process.processTicksAndRejections (node:internal/process/task_queues:103:5)\n    at async onImport.tracePromise.__proto__ (node:internal/modules/esm/loader:661:26)\n    at async asyncRunEntryPointWithESMLoader (node:internal/modules/run_main:101:5)","timestamp":"2026-03-24 01:58:42.011","url":"missing"}
{"environment":"development","level":"info","message":"🚀 Server is running on port 6000","port":6000,"service":"neural-shop-backend","timestamp":"2026-03-24 01:58:42.013"}
{"level":"info","message":"🗄️  MongoDB not configured","service":"neural-shop-backend","timestamp":"2026-03-24 01:58:42.015"}
{"level":"info","message":"Database URL null","service":"neural-shop-backend","timestamp":"2026-03-24 01:59:11.985"}
{"level":"error","message":"Failed to connect to MongoDB: The `uri` parameter to `openUri()` must be a string, got \"object\". Make sure the first parameter to `mongoose.connect()` or `mongoose.createConnection()` is a string.","service":"neural-shop-backend","stack":"MongooseError: The `uri` parameter to `openUri()` must be a string, got \"object\". Make sure the first parameter to `mongoose.connect()` or `mongoose.createConnection()` is a string.\n    at NativeConnection.createClient (C:\\Users\\kusha\\OneDrive\\Desktop\\WebDevelopment\\PROJECTs\\NeuralShop\\backend\\node_modules\\mongoose\\lib\\drivers\\node-mongodb-native\\connection.js:237:11)\n    at NativeConnection.openUri (C:\\Users\\kusha\\OneDrive\\Desktop\\WebDevelopment\\PROJECTs\\NeuralShop\\backend\\node_modules\\mongoose\\lib\\connection.js:1075:34)\n    at Mongoose.connect (C:\\Users\\kusha\\OneDrive\\Desktop\\WebDevelopment\\PROJECTs\\NeuralShop\\backend\\node_modules\\mongoose\\lib\\mongoose.js:450:15)\n    at connectDB (file:///C:/Users/kusha/OneDrive/Desktop/WebDevelopment/PROJECTs/NeuralShop/backend/src/config/db.js:8:20)\n    at file:///C:/Users/kusha/OneDrive/Desktop/WebDevelopment/PROJECTs/NeuralShop/backend/src/app.js:45:1\n    at ModuleJob.run (node:internal/modules/esm/module_job:430:25)\n    at process.processTicksAndRejections (node:internal/process/task_queues:103:5)\n    at async onImport.tracePromise.__proto__ (node:internal/modules/esm/loader:661:26)\n    at async asyncRunEntryPointWithESMLoader (node:internal/modules/run_main:101:5)","timestamp":"2026-03-24 01:59:11.995","url":"missing"}
{"environment":"development","level":"info","message":"🚀 Server is running on port 6000","port":6000,"service":"neural-shop-backend","timestamp":"2026-03-24 01:59:11.999"}
{"level":"info","message":"🗄️  MongoDB not configured","service":"neural-shop-backend","timestamp":"2026-03-24 01:59:12.001"}
{"level":"info","message":"Database URL null","service":"neural-shop-backend","timestamp":"2026-03-24 01:59:11.992"}
{"level":"error","message":"Failed to connect to MongoDB: The `uri` parameter to `openUri()` must be a string, got \"object\". Make sure the first parameter to `mongoose.connect()` or `mongoose.createConnection()` is a string.","service":"neural-shop-backend","stack":"MongooseError: The `uri` parameter to `openUri()` must be a string, got \"object\". Make sure the first parameter to `mongoose.connect()` or `mongoose.createConnection()` is a string.\n    at NativeConnection.createClient (C:\\Users\\kusha\\OneDrive\\Desktop\\WebDevelopment\\PROJECTs\\NeuralShop\\backend\\node_modules\\mongoose\\lib\\drivers\\node-mongodb-native\\connection.js:237:11)\n    at NativeConnection.openUri (C:\\Users\\kusha\\OneDrive\\Desktop\\WebDevelopment\\PROJECTs\\NeuralShop\\backend\\node_modules\\mongoose\\lib\\connection.js:1075:34)\n    at Mongoose.connect (C:\\Users\\kusha\\OneDrive\\Desktop\\WebDevelopment\\PROJECTs\\NeuralShop\\backend\\node_modules\\mongoose\\lib\\mongoose.js:450:15)\n    at connectDB (file:///C:/Users/kusha/OneDrive/Desktop/WebDevelopment/PROJECTs/NeuralShop/backend/src/config/db.js:8:20)\n    at file:///C:/Users/kusha/OneDrive/Desktop/WebDevelopment/PROJECTs/NeuralShop/backend/src/app.js:45:1\n    at ModuleJob.run (node:internal/modules/esm/module_job:430:25)\n    at process.processTicksAndRejections (node:internal/process/task_queues:103:5)\n    at async onImport.tracePromise.__proto__ (node:internal/modules/esm/loader:661:26)\n    at async asyncRunEntryPointWithESMLoader (node:internal/modules/run_main:101:5)","timestamp":"2026-03-24 01:59:12.003","url":"missing"}
{"environment":"development","level":"info","message":"🚀 Server is running on port 6000","port":6000,"service":"neural-shop-backend","timestamp":"2026-03-24 01:59:12.010"}
{"level":"info","message":"🗄️  MongoDB not configured","service":"neural-shop-backend","timestamp":"2026-03-24 01:59:12.014"}
{"level":"info","message":"Database URL null","service":"neural-shop-backend","timestamp":"2026-03-24 01:59:12.212"}
{"level":"error","message":"Failed to connect to MongoDB: The `uri` parameter to `openUri()` must be a string, got \"object\". Make sure the first parameter to `mongoose.connect()` or `mongoose.createConnection()` is a string.","service":"neural-shop-backend","stack":"MongooseError: The `uri` parameter to `openUri()` must be a string, got \"object\". Make sure the first parameter to `mongoose.connect()` or `mongoose.createConnection()` is a string.\n    at NativeConnection.createClient (C:\\Users\\kusha\\OneDrive\\Desktop\\WebDevelopment\\PROJECTs\\NeuralShop\\backend\\node_modules\\mongoose\\lib\\drivers\\node-mongodb-native\\connection.js:237:11)\n    at NativeConnection.openUri (C:\\Users\\kusha\\OneDrive\\Desktop\\WebDevelopment\\PROJECTs\\NeuralShop\\backend\\node_modules\\mongoose\\lib\\connection.js:1075:34)\n    at Mongoose.connect (C:\\Users\\kusha\\OneDrive\\Desktop\\WebDevelopment\\PROJECTs\\NeuralShop\\backend\\node_modules\\mongoose\\lib\\mongoose.js:450:15)\n    at connectDB (file:///C:/Users/kusha/OneDrive/Desktop/WebDevelopment/PROJECTs/NeuralShop/backend/src/config/db.js:8:20)\n    at file:///C:/Users/kusha/OneDrive/Desktop/WebDevelopment/PROJECTs/NeuralShop/backend/src/app.js:45:1\n    at ModuleJob.run (node:internal/modules/esm/module_job:430:25)\n    at process.processTicksAndRejections (node:internal/process/task_queues:103:5)\n    at async onImport.tracePromise.__proto__ (node:internal/modules/esm/loader:661:26)\n    at async asyncRunEntryPointWithESMLoader (node:internal/modules/run_main:101:5)","timestamp":"2026-03-24 01:59:12.222","url":"missing"}
{"environment":"development","level":"info","message":"🚀 Server is running on port 6000","port":6000,"service":"neural-shop-backend","timestamp":"2026-03-24 01:59:12.224"}
{"level":"info","message":"🗄️  MongoDB not configured","service":"neural-shop-backend","timestamp":"2026-03-24 01:59:12.225"}
{"level":"info","message":"Database URL null","service":"neural-shop-backend","timestamp":"2026-03-24 01:59:14.840"}
{"level":"error","message":"Failed to connect to MongoDB: The `uri` parameter to `openUri()` must be a string, got \"object\". Make sure the first parameter to `mongoose.connect()` or `mongoose.createConnection()` is a string.","service":"neural-shop-backend","stack":"MongooseError: The `uri` parameter to `openUri()` must be a string, got \"object\". Make sure the first parameter to `mongoose.connect()` or `mongoose.createConnection()` is a string.\n    at NativeConnection.createClient (C:\\Users\\kusha\\OneDrive\\Desktop\\WebDevelopment\\PROJECTs\\NeuralShop\\backend\\node_modules\\mongoose\\lib\\drivers\\node-mongodb-native\\connection.js:237:11)\n    at NativeConnection.openUri (C:\\Users\\kusha\\OneDrive\\Desktop\\WebDevelopment\\PROJECTs\\NeuralShop\\backend\\node_modules\\mongoose\\lib\\connection.js:1075:34)\n    at Mongoose.connect (C:\\Users\\kusha\\OneDrive\\Desktop\\WebDevelopment\\PROJECTs\\NeuralShop\\backend\\node_modules\\mongoose\\lib\\mongoose.js:450:15)\n    at connectDB (file:///C:/Users/kusha/OneDrive/Desktop/WebDevelopment/PROJECTs/NeuralShop/backend/src/config/db.js:8:20)\n    at file:///C:/Users/kusha/OneDrive/Desktop/WebDevelopment/PROJECTs/NeuralShop/backend/src/app.js:45:1\n    at ModuleJob.run (node:internal/modules/esm/module_job:430:25)\n    at process.processTicksAndRejections (node:internal/process/task_queues:103:5)\n    at async onImport.tracePromise.__proto__ (node:internal/modules/esm/loader:661:26)\n    at async asyncRunEntryPointWithESMLoader (node:internal/modules/run_main:101:5)","timestamp":"2026-03-24 01:59:14.851","url":"missing"}
{"environment":"development","level":"info","message":"🚀 Server is running on port 6000","port":6000,"service":"neural-shop-backend","timestamp":"2026-03-24 01:59:14.853"}
{"level":"info","message":"🗄️  MongoDB not configured","service":"neural-shop-backend","timestamp":"2026-03-24 01:59:14.855"}
{"level":"info","message":"Database URL null","service":"neural-shop-backend","timestamp":"2026-03-24 01:59:14.842"}
{"level":"error","message":"Failed to connect to MongoDB: The `uri` parameter to `openUri()` must be a string, got \"object\". Make sure the first parameter to `mongoose.connect()` or `mongoose.createConnection()` is a string.","service":"neural-shop-backend","stack":"MongooseError: The `uri` parameter to `openUri()` must be a string, got \"object\". Make sure the first parameter to `mongoose.connect()` or `mongoose.createConnection()` is a string.\n    at NativeConnection.createClient (C:\\Users\\kusha\\OneDrive\\Desktop\\WebDevelopment\\PROJECTs\\NeuralShop\\backend\\node_modules\\mongoose\\lib\\drivers\\node-mongodb-native\\connection.js:237:11)\n    at NativeConnection.openUri (C:\\Users\\kusha\\OneDrive\\Desktop\\WebDevelopment\\PROJECTs\\NeuralShop\\backend\\node_modules\\mongoose\\lib\\connection.js:1075:34)\n    at Mongoose.connect (C:\\Users\\kusha\\OneDrive\\Desktop\\WebDevelopment\\PROJECTs\\NeuralShop\\backend\\node_modules\\mongoose\\lib\\mongoose.js:450:15)\n    at connectDB (file:///C:/Users/kusha/OneDrive/Desktop/WebDevelopment/PROJECTs/NeuralShop/backend/src/config/db.js:8:20)\n    at file:///C:/Users/kusha/OneDrive/Desktop/WebDevelopment/PROJECTs/NeuralShop/backend/src/app.js:45:1\n    at ModuleJob.run (node:internal/modules/esm/module_job:430:25)\n    at process.processTicksAndRejections (node:internal/process/task_queues:103:5)\n    at async onImport.tracePromise.__proto__ (node:internal/modules/esm/loader:661:26)\n    at async asyncRunEntryPointWithESMLoader (node:internal/modules/run_main:101:5)","timestamp":"2026-03-24 01:59:14.853","url":"missing"}
{"environment":"development","level":"info","message":"🚀 Server is running on port 6000","port":6000,"service":"neural-shop-backend","timestamp":"2026-03-24 01:59:14.861"}
{"level":"info","message":"🗄️  MongoDB not configured","service":"neural-shop-backend","timestamp":"2026-03-24 01:59:14.864"}
{"level":"info","message":"Database URL null","service":"neural-shop-backend","timestamp":"2026-03-24 01:59:15.100"}
{"level":"error","message":"Failed to connect to MongoDB: The `uri` parameter to `openUri()` must be a string, got \"object\". Make sure the first parameter to `mongoose.connect()` or `mongoose.createConnection()` is a string.","service":"neural-shop-backend","stack":"MongooseError: The `uri` parameter to `openUri()` must be a string, got \"object\". Make sure the first parameter to `mongoose.connect()` or `mongoose.createConnection()` is a string.\n    at NativeConnection.createClient (C:\\Users\\kusha\\OneDrive\\Desktop\\WebDevelopment\\PROJECTs\\NeuralShop\\backend\\node_modules\\mongoose\\lib\\drivers\\node-mongodb-native\\connection.js:237:11)\n    at NativeConnection.openUri (C:\\Users\\kusha\\OneDrive\\Desktop\\WebDevelopment\\PROJECTs\\NeuralShop\\backend\\node_modules\\mongoose\\lib\\connection.js:1075:34)\n    at Mongoose.connect (C:\\Users\\kusha\\OneDrive\\Desktop\\WebDevelopment\\PROJECTs\\NeuralShop\\backend\\node_modules\\mongoose\\lib\\mongoose.js:450:15)\n    at connectDB (file:///C:/Users/kusha/OneDrive/Desktop/WebDevelopment/PROJECTs/NeuralShop/backend/src/config/db.js:8:20)\n    at file:///C:/Users/kusha/OneDrive/Desktop/WebDevelopment/PROJECTs/NeuralShop/backend/src/app.js:45:1\n    at ModuleJob.run (node:internal/modules/esm/module_job:430:25)\n    at process.processTicksAndRejections (node:internal/process/task_queues:103:5)\n    at async onImport.tracePromise.__proto__ (node:internal/modules/esm/loader:661:26)\n    at async asyncRunEntryPointWithESMLoader (node:internal/modules/run_main:101:5)","timestamp":"2026-03-24 01:59:15.118","url":"missing"}
{"environment":"development","level":"info","message":"🚀 Server is running on port 6000","port":6000,"service":"neural-shop-backend","timestamp":"2026-03-24 01:59:15.124"}
{"level":"info","message":"🗄️  MongoDB not configured","service":"neural-shop-backend","timestamp":"2026-03-24 01:59:15.125"}
{"level":"info","message":"Database URL null","service":"neural-shop-backend","timestamp":"2026-03-24 01:59:17.436"}
{"level":"error","message":"Failed to connect to MongoDB: The `uri` parameter to `openUri()` must be a string, got \"object\". Make sure the first parameter to `mongoose.connect()` or `mongoose.createConnection()` is a string.","service":"neural-shop-backend","stack":"MongooseError: The `uri` parameter to `openUri()` must be a string, got \"object\". Make sure the first parameter to `mongoose.connect()` or `mongoose.createConnection()` is a string.\n    at NativeConnection.createClient (C:\\Users\\kusha\\OneDrive\\Desktop\\WebDevelopment\\PROJECTs\\NeuralShop\\backend\\node_modules\\mongoose\\lib\\drivers\\node-mongodb-native\\connection.js:237:11)\n    at NativeConnection.openUri (C:\\Users\\kusha\\OneDrive\\Desktop\\WebDevelopment\\PROJECTs\\NeuralShop\\backend\\node_modules\\mongoose\\lib\\connection.js:1075:34)\n    at Mongoose.connect (C:\\Users\\kusha\\OneDrive\\Desktop\\WebDevelopment\\PROJECTs\\NeuralShop\\backend\\node_modules\\mongoose\\lib\\mongoose.js:450:15)\n    at connectDB (file:///C:/Users/kusha/OneDrive/Desktop/WebDevelopment/PROJECTs/NeuralShop/backend/src/config/db.js:8:20)\n    at file:///C:/Users/kusha/OneDrive/Desktop/WebDevelopment/PROJECTs/NeuralShop/backend/src/app.js:45:1\n    at ModuleJob.run (node:internal/modules/esm/module_job:430:25)\n    at process.processTicksAndRejections (node:internal/process/task_queues:103:5)\n    at async onImport.tracePromise.__proto__ (node:internal/modules/esm/loader:661:26)\n    at async asyncRunEntryPointWithESMLoader (node:internal/modules/run_main:101:5)","timestamp":"2026-03-24 01:59:17.443","url":"missing"}
{"environment":"development","level":"info","message":"🚀 Server is running on port 6000","port":6000,"service":"neural-shop-backend","timestamp":"2026-03-24 01:59:17.445"}
{"level":"info","message":"🗄️  MongoDB not configured","service":"neural-shop-backend","timestamp":"2026-03-24 01:59:17.446"}
{"level":"info","message":"Database URL null","service":"neural-shop-backend","timestamp":"2026-03-24 01:59:17.435"}
{"level":"error","message":"Failed to connect to MongoDB: The `uri` parameter to `openUri()` must be a string, got \"object\". Make sure the first parameter to `mongoose.connect()` or `mongoose.createConnection()` is a string.","service":"neural-shop-backend","stack":"MongooseError: The `uri` parameter to `openUri()` must be a string, got \"object\". Make sure the first parameter to `mongoose.connect()` or `mongoose.createConnection()` is a string.\n    at NativeConnection.createClient (C:\\Users\\kusha\\OneDrive\\Desktop\\WebDevelopment\\PROJECTs\\NeuralShop\\backend\\node_modules\\mongoose\\lib\\drivers\\node-mongodb-native\\connection.js:237:11)\n    at NativeConnection.openUri (C:\\Users\\kusha\\OneDrive\\Desktop\\WebDevelopment\\PROJECTs\\NeuralShop\\backend\\node_modules\\mongoose\\lib\\connection.js:1075:34)\n    at Mongoose.connect (C:\\Users\\kusha\\OneDrive\\Desktop\\WebDevelopment\\PROJECTs\\NeuralShop\\backend\\node_modules\\mongoose\\lib\\mongoose.js:450:15)\n    at connectDB (file:///C:/Users/kusha/OneDrive/Desktop/WebDevelopment/PROJECTs/NeuralShop/backend/src/config/db.js:8:20)\n    at file:///C:/Users/kusha/OneDrive/Desktop/WebDevelopment/PROJECTs/NeuralShop/backend/src/app.js:45:1\n    at ModuleJob.run (node:internal/modules/esm/module_job:430:25)\n    at process.processTicksAndRejections (node:internal/process/task_queues:103:5)\n    at async onImport.tracePromise.__proto__ (node:internal/modules/esm/loader:661:26)\n    at async asyncRunEntryPointWithESMLoader (node:internal/modules/run_main:101:5)","timestamp":"2026-03-24 01:59:17.445","url":"missing"}
{"environment":"development","level":"info","message":"🚀 Server is running on port 6000","port":6000,"service":"neural-shop-backend","timestamp":"2026-03-24 01:59:17.449"}
{"level":"info","message":"🗄️  MongoDB not configured","service":"neural-shop-backend","timestamp":"2026-03-24 01:59:17.451"}
{"level":"info","message":"Database URL null","service":"neural-shop-backend","timestamp":"2026-03-24 01:59:17.684"}
{"level":"error","message":"Failed to connect to MongoDB: The `uri` parameter to `openUri()` must be a string, got \"object\". Make sure the first parameter to `mongoose.connect()` or `mongoose.createConnection()` is a string.","service":"neural-shop-backend","stack":"MongooseError: The `uri` parameter to `openUri()` must be a string, got \"object\". Make sure the first parameter to `mongoose.connect()` or `mongoose.createConnection()` is a string.\n    at NativeConnection.createClient (C:\\Users\\kusha\\OneDrive\\Desktop\\WebDevelopment\\PROJECTs\\NeuralShop\\backend\\node_modules\\mongoose\\lib\\drivers\\node-mongodb-native\\connection.js:237:11)\n    at NativeConnection.openUri (C:\\Users\\kusha\\OneDrive\\Desktop\\WebDevelopment\\PROJECTs\\NeuralShop\\backend\\node_modules\\mongoose\\lib\\connection.js:1075:34)\n    at Mongoose.connect (C:\\Users\\kusha\\OneDrive\\Desktop\\WebDevelopment\\PROJECTs\\NeuralShop\\backend\\node_modules\\mongoose\\lib\\mongoose.js:450:15)\n    at connectDB (file:///C:/Users/kusha/OneDrive/Desktop/WebDevelopment/PROJECTs/NeuralShop/backend/src/config/db.js:8:20)\n    at file:///C:/Users/kusha/OneDrive/Desktop/WebDevelopment/PROJECTs/NeuralShop/backend/src/app.js:45:1\n    at ModuleJob.run (node:internal/modules/esm/module_job:430:25)\n    at process.processTicksAndRejections (node:internal/process/task_queues:103:5)\n    at async onImport.tracePromise.__proto__ (node:internal/modules/esm/loader:661:26)\n    at async asyncRunEntryPointWithESMLoader (node:internal/modules/run_main:101:5)","timestamp":"2026-03-24 01:59:17.695","url":"missing"}
{"environment":"development","level":"info","message":"🚀 Server is running on port 6000","port":6000,"service":"neural-shop-backend","timestamp":"2026-03-24 01:59:17.697"}
{"level":"info","message":"🗄️  MongoDB not configured","service":"neural-shop-backend","timestamp":"2026-03-24 01:59:17.698"}
{"level":"info","message":"Database URL null","service":"neural-shop-backend","timestamp":"2026-03-24 01:59:53.759"}
{"level":"info","message":"Database URL null","service":"neural-shop-backend","timestamp":"2026-03-24 01:59:53.764"}
{"level":"error","message":"Failed to connect to MongoDB: The `uri` parameter to `openUri()` must be a string, got \"object\". Make sure the first parameter to `mongoose.connect()` or `mongoose.createConnection()` is a string.","service":"neural-shop-backend","stack":"MongooseError: The `uri` parameter to `openUri()` must be a string, got \"object\". Make sure the first parameter to `mongoose.connect()` or `mongoose.createConnection()` is a string.\n    at NativeConnection.createClient (C:\\Users\\kusha\\OneDrive\\Desktop\\WebDevelopment\\PROJECTs\\NeuralShop\\backend\\node_modules\\mongoose\\lib\\drivers\\node-mongodb-native\\connection.js:237:11)\n    at NativeConnection.openUri (C:\\Users\\kusha\\OneDrive\\Desktop\\WebDevelopment\\PROJECTs\\NeuralShop\\backend\\node_modules\\mongoose\\lib\\connection.js:1075:34)\n    at Mongoose.connect (C:\\Users\\kusha\\OneDrive\\Desktop\\WebDevelopment\\PROJECTs\\NeuralShop\\backend\\node_modules\\mongoose\\lib\\mongoose.js:450:15)\n    at connectDB (file:///C:/Users/kusha/OneDrive/Desktop/WebDevelopment/PROJECTs/NeuralShop/backend/src/config/db.js:8:20)\n    at file:///C:/Users/kusha/OneDrive/Desktop/WebDevelopment/PROJECTs/NeuralShop/backend/src/app.js:45:1\n    at ModuleJob.run (node:internal/modules/esm/module_job:430:25)\n    at process.processTicksAndRejections (node:internal/process/task_queues:103:5)\n    at async onImport.tracePromise.__proto__ (node:internal/modules/esm/loader:661:26)\n    at async asyncRunEntryPointWithESMLoader (node:internal/modules/run_main:101:5)","timestamp":"2026-03-24 01:59:53.784","url":"missing"}
{"environment":"development","level":"info","message":"🚀 Server is running on port 6000","port":6000,"service":"neural-shop-backend","timestamp":"2026-03-24 01:59:53.788"}
{"level":"info","message":"🗄️  MongoDB not configured","service":"neural-shop-backend","timestamp":"2026-03-24 01:59:53.791"}
{"level":"error","message":"Failed to connect to MongoDB: The `uri` parameter to `openUri()` must be a string, got \"object\". Make sure the first parameter to `mongoose.connect()` or `mongoose.createConnection()` is a string.","service":"neural-shop-backend","stack":"MongooseError: The `uri` parameter to `openUri()` must be a string, got \"object\". Make sure the first parameter to `mongoose.connect()` or `mongoose.createConnection()` is a string.\n    at NativeConnection.createClient (C:\\Users\\kusha\\OneDrive\\Desktop\\WebDevelopment\\PROJECTs\\NeuralShop\\backend\\node_modules\\mongoose\\lib\\drivers\\node-mongodb-native\\connection.js:237:11)\n    at NativeConnection.openUri (C:\\Users\\kusha\\OneDrive\\Desktop\\WebDevelopment\\PROJECTs\\NeuralShop\\backend\\node_modules\\mongoose\\lib\\connection.js:1075:34)\n    at Mongoose.connect (C:\\Users\\kusha\\OneDrive\\Desktop\\WebDevelopment\\PROJECTs\\NeuralShop\\backend\\node_modules\\mongoose\\lib\\mongoose.js:450:15)\n    at connectDB (file:///C:/Users/kusha/OneDrive/Desktop/WebDevelopment/PROJECTs/NeuralShop/backend/src/config/db.js:8:20)\n    at file:///C:/Users/kusha/OneDrive/Desktop/WebDevelopment/PROJECTs/NeuralShop/backend/src/app.js:45:1\n    at ModuleJob.run (node:internal/modules/esm/module_job:430:25)\n    at process.processTicksAndRejections (node:internal/process/task_queues:103:5)\n    at async onImport.tracePromise.__proto__ (node:internal/modules/esm/loader:661:26)\n    at async asyncRunEntryPointWithESMLoader (node:internal/modules/run_main:101:5)","timestamp":"2026-03-24 01:59:53.779","url":"missing"}
{"environment":"development","level":"info","message":"🚀 Server is running on port 6000","port":6000,"service":"neural-shop-backend","timestamp":"2026-03-24 01:59:53.787"}
{"level":"info","message":"🗄️  MongoDB not configured","service":"neural-shop-backend","timestamp":"2026-03-24 01:59:53.789"}
{"level":"info","message":"Database URL null","service":"neural-shop-backend","timestamp":"2026-03-24 01:59:54.037"}
{"level":"error","message":"Failed to connect to MongoDB: The `uri` parameter to `openUri()` must be a string, got \"object\". Make sure the first parameter to `mongoose.connect()` or `mongoose.createConnection()` is a string.","service":"neural-shop-backend","stack":"MongooseError: The `uri` parameter to `openUri()` must be a string, got \"object\". Make sure the first parameter to `mongoose.connect()` or `mongoose.createConnection()` is a string.\n    at NativeConnection.createClient (C:\\Users\\kusha\\OneDrive\\Desktop\\WebDevelopment\\PROJECTs\\NeuralShop\\backend\\node_modules\\mongoose\\lib\\drivers\\node-mongodb-native\\connection.js:237:11)\n    at NativeConnection.openUri (C:\\Users\\kusha\\OneDrive\\Desktop\\WebDevelopment\\PROJECTs\\NeuralShop\\backend\\node_modules\\mongoose\\lib\\connection.js:1075:34)\n    at Mongoose.connect (C:\\Users\\kusha\\OneDrive\\Desktop\\WebDevelopment\\PROJECTs\\NeuralShop\\backend\\node_modules\\mongoose\\lib\\mongoose.js:450:15)\n    at connectDB (file:///C:/Users/kusha/OneDrive/Desktop/WebDevelopment/PROJECTs/NeuralShop/backend/src/config/db.js:8:20)\n    at file:///C:/Users/kusha/OneDrive/Desktop/WebDevelopment/PROJECTs/NeuralShop/backend/src/app.js:45:1\n    at ModuleJob.run (node:internal/modules/esm/module_job:430:25)\n    at process.processTicksAndRejections (node:internal/process/task_queues:103:5)\n    at async onImport.tracePromise.__proto__ (node:internal/modules/esm/loader:661:26)\n    at async asyncRunEntryPointWithESMLoader (node:internal/modules/run_main:101:5)","timestamp":"2026-03-24 01:59:54.046","url":"missing"}
{"environment":"development","level":"info","message":"🚀 Server is running on port 6000","port":6000,"service":"neural-shop-backend","timestamp":"2026-03-24 01:59:54.048"}
{"level":"info","message":"🗄️  MongoDB not configured","service":"neural-shop-backend","timestamp":"2026-03-24 01:59:54.050"}
{"level":"info","message":"Database URL null","service":"neural-shop-backend","timestamp":"2026-03-24 02:00:03.438"}
{"level":"error","message":"Failed to connect to MongoDB: The `uri` parameter to `openUri()` must be a string, got \"object\". Make sure the first parameter to `mongoose.connect()` or `mongoose.createConnection()` is a string.","service":"neural-shop-backend","stack":"MongooseError: The `uri` parameter to `openUri()` must be a string, got \"object\". Make sure the first parameter to `mongoose.connect()` or `mongoose.createConnection()` is a string.\n    at NativeConnection.createClient (C:\\Users\\kusha\\OneDrive\\Desktop\\WebDevelopment\\PROJECTs\\NeuralShop\\backend\\node_modules\\mongoose\\lib\\drivers\\node-mongodb-native\\connection.js:237:11)\n    at NativeConnection.openUri (C:\\Users\\kusha\\OneDrive\\Desktop\\WebDevelopment\\PROJECTs\\NeuralShop\\backend\\node_modules\\mongoose\\lib\\connection.js:1075:34)\n    at Mongoose.connect (C:\\Users\\kusha\\OneDrive\\Desktop\\WebDevelopment\\PROJECTs\\NeuralShop\\backend\\node_modules\\mongoose\\lib\\mongoose.js:450:15)\n    at connectDB (file:///C:/Users/kusha/OneDrive/Desktop/WebDevelopment/PROJECTs/NeuralShop/backend/src/config/db.js:8:20)\n    at file:///C:/Users/kusha/OneDrive/Desktop/WebDevelopment/PROJECTs/NeuralShop/backend/src/app.js:45:1\n    at ModuleJob.run (node:internal/modules/esm/module_job:430:25)\n    at process.processTicksAndRejections (node:internal/process/task_queues:103:5)\n    at async onImport.tracePromise.__proto__ (node:internal/modules/esm/loader:661:26)\n    at async asyncRunEntryPointWithESMLoader (node:internal/modules/run_main:101:5)","timestamp":"2026-03-24 02:00:03.447","url":"missing"}
{"environment":"development","level":"info","message":"🚀 Server is running on port 6000","port":6000,"service":"neural-shop-backend","timestamp":"2026-03-24 02:00:03.451"}
{"level":"info","message":"🗄️  MongoDB not configured","service":"neural-shop-backend","timestamp":"2026-03-24 02:00:03.452"}
{"level":"info","message":"Database URL null","service":"neural-shop-backend","timestamp":"2026-03-24 02:00:03.494"}
{"level":"error","message":"Failed to connect to MongoDB: The `uri` parameter to `openUri()` must be a string, got \"object\". Make sure the first parameter to `mongoose.connect()` or `mongoose.createConnection()` is a string.","service":"neural-shop-backend","stack":"MongooseError: The `uri` parameter to `openUri()` must be a string, got \"object\". Make sure the first parameter to `mongoose.connect()` or `mongoose.createConnection()` is a string.\n    at NativeConnection.createClient (C:\\Users\\kusha\\OneDrive\\Desktop\\WebDevelopment\\PROJECTs\\NeuralShop\\backend\\node_modules\\mongoose\\lib\\drivers\\node-mongodb-native\\connection.js:237:11)\n    at NativeConnection.openUri (C:\\Users\\kusha\\OneDrive\\Desktop\\WebDevelopment\\PROJECTs\\NeuralShop\\backend\\node_modules\\mongoose\\lib\\connection.js:1075:34)\n    at Mongoose.connect (C:\\Users\\kusha\\OneDrive\\Desktop\\WebDevelopment\\PROJECTs\\NeuralShop\\backend\\node_modules\\mongoose\\lib\\mongoose.js:450:15)\n    at connectDB (file:///C:/Users/kusha/OneDrive/Desktop/WebDevelopment/PROJECTs/NeuralShop/backend/src/config/db.js:8:20)\n    at file:///C:/Users/kusha/OneDrive/Desktop/WebDevelopment/PROJECTs/NeuralShop/backend/src/app.js:45:1\n    at ModuleJob.run (node:internal/modules/esm/module_job:430:25)\n    at process.processTicksAndRejections (node:internal/process/task_queues:103:5)\n    at async onImport.tracePromise.__proto__ (node:internal/modules/esm/loader:661:26)\n    at async asyncRunEntryPointWithESMLoader (node:internal/modules/run_main:101:5)","timestamp":"2026-03-24 02:00:03.504","url":"missing"}
{"environment":"development","level":"info","message":"🚀 Server is running on port 6000","port":6000,"service":"neural-shop-backend","timestamp":"2026-03-24 02:00:03.506"}
{"level":"info","message":"🗄️  MongoDB not configured","service":"neural-shop-backend","timestamp":"2026-03-24 02:00:03.507"}
{"level":"info","message":"Database URL null","service":"neural-shop-backend","timestamp":"2026-03-24 02:00:03.574"}
{"level":"error","message":"Failed to connect to MongoDB: The `uri` parameter to `openUri()` must be a string, got \"object\". Make sure the first parameter to `mongoose.connect()` or `mongoose.createConnection()` is a string.","service":"neural-shop-backend","stack":"MongooseError: The `uri` parameter to `openUri()` must be a string, got \"object\". Make sure the first parameter to `mongoose.connect()` or `mongoose.createConnection()` is a string.\n    at NativeConnection.createClient (C:\\Users\\kusha\\OneDrive\\Desktop\\WebDevelopment\\PROJECTs\\NeuralShop\\backend\\node_modules\\mongoose\\lib\\drivers\\node-mongodb-native\\connection.js:237:11)\n    at NativeConnection.openUri (C:\\Users\\kusha\\OneDrive\\Desktop\\WebDevelopment\\PROJECTs\\NeuralShop\\backend\\node_modules\\mongoose\\lib\\connection.js:1075:34)\n    at Mongoose.connect (C:\\Users\\kusha\\OneDrive\\Desktop\\WebDevelopment\\PROJECTs\\NeuralShop\\backend\\node_modules\\mongoose\\lib\\mongoose.js:450:15)\n    at connectDB (file:///C:/Users/kusha/OneDrive/Desktop/WebDevelopment/PROJECTs/NeuralShop/backend/src/config/db.js:8:20)\n    at file:///C:/Users/kusha/OneDrive/Desktop/WebDevelopment/PROJECTs/NeuralShop/backend/src/app.js:45:1\n    at ModuleJob.run (node:internal/modules/esm/module_job:430:25)\n    at process.processTicksAndRejections (node:internal/process/task_queues:103:5)\n    at async onImport.tracePromise.__proto__ (node:internal/modules/esm/loader:661:26)\n    at async asyncRunEntryPointWithESMLoader (node:internal/modules/run_main:101:5)","timestamp":"2026-03-24 02:00:03.585","url":"missing"}
{"environment":"development","level":"info","message":"🚀 Server is running on port 6000","port":6000,"service":"neural-shop-backend","timestamp":"2026-03-24 02:00:03.587"}
{"level":"info","message":"🗄️  MongoDB not configured","service":"neural-shop-backend","timestamp":"2026-03-24 02:00:03.588"}
{"level":"info","message":"Database URL null","service":"neural-shop-backend","timestamp":"2026-03-24 02:01:34.636"}
{"level":"error","message":"Failed to connect to MongoDB: The `uri` parameter to `openUri()` must be a string, got \"object\". Make sure the first parameter to `mongoose.connect()` or `mongoose.createConnection()` is a string.","service":"neural-shop-backend","stack":"MongooseError: The `uri` parameter to `openUri()` must be a string, got \"object\". Make sure the first parameter to `mongoose.connect()` or `mongoose.createConnection()` is a string.\n    at NativeConnection.createClient (C:\\Users\\kusha\\OneDrive\\Desktop\\WebDevelopment\\PROJECTs\\NeuralShop\\backend\\node_modules\\mongoose\\lib\\drivers\\node-mongodb-native\\connection.js:237:11)\n    at NativeConnection.openUri (C:\\Users\\kusha\\OneDrive\\Desktop\\WebDevelopment\\PROJECTs\\NeuralShop\\backend\\node_modules\\mongoose\\lib\\connection.js:1075:34)\n    at Mongoose.connect (C:\\Users\\kusha\\OneDrive\\Desktop\\WebDevelopment\\PROJECTs\\NeuralShop\\backend\\node_modules\\mongoose\\lib\\mongoose.js:450:15)\n    at connectDB (file:///C:/Users/kusha/OneDrive/Desktop/WebDevelopment/PROJECTs/NeuralShop/backend/src/config/db.js:8:20)\n    at file:///C:/Users/kusha/OneDrive/Desktop/WebDevelopment/PROJECTs/NeuralShop/backend/src/app.js:45:1\n    at ModuleJob.run (node:internal/modules/esm/module_job:430:25)\n    at process.processTicksAndRejections (node:internal/process/task_queues:103:5)\n    at async onImport.tracePromise.__proto__ (node:internal/modules/esm/loader:661:26)\n    at async asyncRunEntryPointWithESMLoader (node:internal/modules/run_main:101:5)","timestamp":"2026-03-24 02:01:34.645","url":"missing"}
{"environment":"development","level":"info","message":"🚀 Server is running on port 6000","port":6000,"service":"neural-shop-backend","timestamp":"2026-03-24 02:01:34.647"}
{"level":"info","message":"🗄️  MongoDB not configured","service":"neural-shop-backend","timestamp":"2026-03-24 02:01:34.649"}
{"level":"info","message":"Database URL null","service":"neural-shop-backend","timestamp":"2026-03-24 02:01:34.664"}
{"level":"error","message":"Failed to connect to MongoDB: The `uri` parameter to `openUri()` must be a string, got \"object\". Make sure the first parameter to `mongoose.connect()` or `mongoose.createConnection()` is a string.","service":"neural-shop-backend","stack":"MongooseError: The `uri` parameter to `openUri()` must be a string, got \"object\". Make sure the first parameter to `mongoose.connect()` or `mongoose.createConnection()` is a string.\n    at NativeConnection.createClient (C:\\Users\\kusha\\OneDrive\\Desktop\\WebDevelopment\\PROJECTs\\NeuralShop\\backend\\node_modules\\mongoose\\lib\\drivers\\node-mongodb-native\\connection.js:237:11)\n    at NativeConnection.openUri (C:\\Users\\kusha\\OneDrive\\Desktop\\WebDevelopment\\PROJECTs\\NeuralShop\\backend\\node_modules\\mongoose\\lib\\connection.js:1075:34)\n    at Mongoose.connect (C:\\Users\\kusha\\OneDrive\\Desktop\\WebDevelopment\\PROJECTs\\NeuralShop\\backend\\node_modules\\mongoose\\lib\\mongoose.js:450:15)\n    at connectDB (file:///C:/Users/kusha/OneDrive/Desktop/WebDevelopment/PROJECTs/NeuralShop/backend/src/config/db.js:8:20)\n    at file:///C:/Users/kusha/OneDrive/Desktop/WebDevelopment/PROJECTs/NeuralShop/backend/src/app.js:45:1\n    at ModuleJob.run (node:internal/modules/esm/module_job:430:25)\n    at process.processTicksAndRejections (node:internal/process/task_queues:103:5)\n    at async onImport.tracePromise.__proto__ (node:internal/modules/esm/loader:661:26)\n    at async asyncRunEntryPointWithESMLoader (node:internal/modules/run_main:101:5)","timestamp":"2026-03-24 02:01:34.674","url":"missing"}
{"environment":"development","level":"info","message":"🚀 Server is running on port 6000","port":6000,"service":"neural-shop-backend","timestamp":"2026-03-24 02:01:34.676"}
{"level":"info","message":"🗄️  MongoDB not configured","service":"neural-shop-backend","timestamp":"2026-03-24 02:01:34.677"}
{"level":"info","message":"Database URL null","service":"neural-shop-backend","timestamp":"2026-03-24 02:01:34.856"}
{"level":"error","message":"Failed to connect to MongoDB: The `uri` parameter to `openUri()` must be a string, got \"object\". Make sure the first parameter to `mongoose.connect()` or `mongoose.createConnection()` is a string.","service":"neural-shop-backend","stack":"MongooseError: The `uri` parameter to `openUri()` must be a string, got \"object\". Make sure the first parameter to `mongoose.connect()` or `mongoose.createConnection()` is a string.\n    at NativeConnection.createClient (C:\\Users\\kusha\\OneDrive\\Desktop\\WebDevelopment\\PROJECTs\\NeuralShop\\backend\\node_modules\\mongoose\\lib\\drivers\\node-mongodb-native\\connection.js:237:11)\n    at NativeConnection.openUri (C:\\Users\\kusha\\OneDrive\\Desktop\\WebDevelopment\\PROJECTs\\NeuralShop\\backend\\node_modules\\mongoose\\lib\\connection.js:1075:34)\n    at Mongoose.connect (C:\\Users\\kusha\\OneDrive\\Desktop\\WebDevelopment\\PROJECTs\\NeuralShop\\backend\\node_modules\\mongoose\\lib\\mongoose.js:450:15)\n    at connectDB (file:///C:/Users/kusha/OneDrive/Desktop/WebDevelopment/PROJECTs/NeuralShop/backend/src/config/db.js:8:20)\n    at file:///C:/Users/kusha/OneDrive/Desktop/WebDevelopment/PROJECTs/NeuralShop/backend/src/app.js:45:1\n    at ModuleJob.run (node:internal/modules/esm/module_job:430:25)\n    at process.processTicksAndRejections (node:internal/process/task_queues:103:5)\n    at async onImport.tracePromise.__proto__ (node:internal/modules/esm/loader:661:26)\n    at async asyncRunEntryPointWithESMLoader (node:internal/modules/run_main:101:5)","timestamp":"2026-03-24 02:01:34.865","url":"missing"}
{"environment":"development","level":"info","message":"🚀 Server is running on port 6000","port":6000,"service":"neural-shop-backend","timestamp":"2026-03-24 02:01:34.868"}
{"level":"info","message":"🗄️  MongoDB not configured","service":"neural-shop-backend","timestamp":"2026-03-24 02:01:34.869"}
{"level":"info","message":"Database URL null","service":"neural-shop-backend","timestamp":"2026-03-24 02:02:05.252"}
{"level":"error","message":"Failed to connect to MongoDB: The `uri` parameter to `openUri()` must be a string, got \"object\". Make sure the first parameter to `mongoose.connect()` or `mongoose.createConnection()` is a string.","service":"neural-shop-backend","stack":"MongooseError: The `uri` parameter to `openUri()` must be a string, got \"object\". Make sure the first parameter to `mongoose.connect()` or `mongoose.createConnection()` is a string.\n    at NativeConnection.createClient (C:\\Users\\kusha\\OneDrive\\Desktop\\WebDevelopment\\PROJECTs\\NeuralShop\\backend\\node_modules\\mongoose\\lib\\drivers\\node-mongodb-native\\connection.js:237:11)\n    at NativeConnection.openUri (C:\\Users\\kusha\\OneDrive\\Desktop\\WebDevelopment\\PROJECTs\\NeuralShop\\backend\\node_modules\\mongoose\\lib\\connection.js:1075:34)\n    at Mongoose.connect (C:\\Users\\kusha\\OneDrive\\Desktop\\WebDevelopment\\PROJECTs\\NeuralShop\\backend\\node_modules\\mongoose\\lib\\mongoose.js:450:15)\n    at connectDB (file:///C:/Users/kusha/OneDrive/Desktop/WebDevelopment/PROJECTs/NeuralShop/backend/src/config/db.js:8:20)\n    at file:///C:/Users/kusha/OneDrive/Desktop/WebDevelopment/PROJECTs/NeuralShop/backend/src/app.js:45:1\n    at ModuleJob.run (node:internal/modules/esm/module_job:430:25)\n    at process.processTicksAndRejections (node:internal/process/task_queues:103:5)\n    at async onImport.tracePromise.__proto__ (node:internal/modules/esm/loader:661:26)\n    at async asyncRunEntryPointWithESMLoader (node:internal/modules/run_main:101:5)","timestamp":"2026-03-24 02:02:05.259","url":"missing"}
{"environment":"development","level":"info","message":"🚀 Server is running on port 6000","port":6000,"service":"neural-shop-backend","timestamp":"2026-03-24 02:02:05.262"}
{"level":"info","message":"🗄️  MongoDB not configured","service":"neural-shop-backend","timestamp":"2026-03-24 02:02:05.264"}
{"level":"info","message":"Database URL null","service":"neural-shop-backend","timestamp":"2026-03-24 02:03:06.682"}
{"level":"info","message":"Database URL null","service":"neural-shop-backend","timestamp":"2026-03-24 02:03:06.686"}
{"level":"error","message":"Failed to connect to MongoDB: The `uri` parameter to `openUri()` must be a string, got \"object\". Make sure the first parameter to `mongoose.connect()` or `mongoose.createConnection()` is a string.","service":"neural-shop-backend","stack":"MongooseError: The `uri` parameter to `openUri()` must be a string, got \"object\". Make sure the first parameter to `mongoose.connect()` or `mongoose.createConnection()` is a string.\n    at NativeConnection.createClient (C:\\Users\\kusha\\OneDrive\\Desktop\\WebDevelopment\\PROJECTs\\NeuralShop\\backend\\node_modules\\mongoose\\lib\\drivers\\node-mongodb-native\\connection.js:237:11)\n    at NativeConnection.openUri (C:\\Users\\kusha\\OneDrive\\Desktop\\WebDevelopment\\PROJECTs\\NeuralShop\\backend\\node_modules\\mongoose\\lib\\connection.js:1075:34)\n    at Mongoose.connect (C:\\Users\\kusha\\OneDrive\\Desktop\\WebDevelopment\\PROJECTs\\NeuralShop\\backend\\node_modules\\mongoose\\lib\\mongoose.js:450:15)\n    at connectDB (file:///C:/Users/kusha/OneDrive/Desktop/WebDevelopment/PROJECTs/NeuralShop/backend/src/config/db.js:8:20)\n    at file:///C:/Users/kusha/OneDrive/Desktop/WebDevelopment/PROJECTs/NeuralShop/backend/src/app.js:45:1\n    at ModuleJob.run (node:internal/modules/esm/module_job:430:25)\n    at process.processTicksAndRejections (node:internal/process/task_queues:103:5)\n    at async onImport.tracePromise.__proto__ (node:internal/modules/esm/loader:661:26)\n    at async asyncRunEntryPointWithESMLoader (node:internal/modules/run_main:101:5)","timestamp":"2026-03-24 02:03:06.696","url":"missing"}
{"environment":"development","level":"info","message":"🚀 Server is running on port 6000","port":6000,"service":"neural-shop-backend","timestamp":"2026-03-24 02:03:06.704"}
{"level":"info","message":"🗄️  MongoDB not configured","service":"neural-shop-backend","timestamp":"2026-03-24 02:03:06.705"}
{"level":"error","message":"Failed to connect to MongoDB: The `uri` parameter to `openUri()` must be a string, got \"object\". Make sure the first parameter to `mongoose.connect()` or `mongoose.createConnection()` is a string.","service":"neural-shop-backend","stack":"MongooseError: The `uri` parameter to `openUri()` must be a string, got \"object\". Make sure the first parameter to `mongoose.connect()` or `mongoose.createConnection()` is a string.\n    at NativeConnection.createClient (C:\\Users\\kusha\\OneDrive\\Desktop\\WebDevelopment\\PROJECTs\\NeuralShop\\backend\\node_modules\\mongoose\\lib\\drivers\\node-mongodb-native\\connection.js:237:11)\n    at NativeConnection.openUri (C:\\Users\\kusha\\OneDrive\\Desktop\\WebDevelopment\\PROJECTs\\NeuralShop\\backend\\node_modules\\mongoose\\lib\\connection.js:1075:34)\n    at Mongoose.connect (C:\\Users\\kusha\\OneDrive\\Desktop\\WebDevelopment\\PROJECTs\\NeuralShop\\backend\\node_modules\\mongoose\\lib\\mongoose.js:450:15)\n    at connectDB (file:///C:/Users/kusha/OneDrive/Desktop/WebDevelopment/PROJECTs/NeuralShop/backend/src/config/db.js:8:20)\n    at file:///C:/Users/kusha/OneDrive/Desktop/WebDevelopment/PROJECTs/NeuralShop/backend/src/app.js:45:1\n    at ModuleJob.run (node:internal/modules/esm/module_job:430:25)\n    at process.processTicksAndRejections (node:internal/process/task_queues:103:5)\n    at async onImport.tracePromise.__proto__ (node:internal/modules/esm/loader:661:26)\n    at async asyncRunEntryPointWithESMLoader (node:internal/modules/run_main:101:5)","timestamp":"2026-03-24 02:03:06.699","url":"missing"}
{"environment":"development","level":"info","message":"🚀 Server is running on port 6000","port":6000,"service":"neural-shop-backend","timestamp":"2026-03-24 02:03:06.707"}
{"level":"info","message":"🗄️  MongoDB not configured","service":"neural-shop-backend","timestamp":"2026-03-24 02:03:06.722"}
{"level":"info","message":"Database URL null","service":"neural-shop-backend","timestamp":"2026-03-24 02:03:07.066"}
{"level":"error","message":"Failed to connect to MongoDB: The `uri` parameter to `openUri()` must be a string, got \"object\". Make sure the first parameter to `mongoose.connect()` or `mongoose.createConnection()` is a string.","service":"neural-shop-backend","stack":"MongooseError: The `uri` parameter to `openUri()` must be a string, got \"object\". Make sure the first parameter to `mongoose.connect()` or `mongoose.createConnection()` is a string.\n    at NativeConnection.createClient (C:\\Users\\kusha\\OneDrive\\Desktop\\WebDevelopment\\PROJECTs\\NeuralShop\\backend\\node_modules\\mongoose\\lib\\drivers\\node-mongodb-native\\connection.js:237:11)\n    at NativeConnection.openUri (C:\\Users\\kusha\\OneDrive\\Desktop\\WebDevelopment\\PROJECTs\\NeuralShop\\backend\\node_modules\\mongoose\\lib\\connection.js:1075:34)\n    at Mongoose.connect (C:\\Users\\kusha\\OneDrive\\Desktop\\WebDevelopment\\PROJECTs\\NeuralShop\\backend\\node_modules\\mongoose\\lib\\mongoose.js:450:15)\n    at connectDB (file:///C:/Users/kusha/OneDrive/Desktop/WebDevelopment/PROJECTs/NeuralShop/backend/src/config/db.js:8:20)\n    at file:///C:/Users/kusha/OneDrive/Desktop/WebDevelopment/PROJECTs/NeuralShop/backend/src/app.js:45:1\n    at ModuleJob.run (node:internal/modules/esm/module_job:430:25)\n    at process.processTicksAndRejections (node:internal/process/task_queues:103:5)\n    at async onImport.tracePromise.__proto__ (node:internal/modules/esm/loader:661:26)\n    at async asyncRunEntryPointWithESMLoader (node:internal/modules/run_main:101:5)","timestamp":"2026-03-24 02:03:07.078","url":"missing"}
{"environment":"development","level":"info","message":"🚀 Server is running on port 6000","port":6000,"service":"neural-shop-backend","timestamp":"2026-03-24 02:03:07.084"}
{"level":"info","message":"🗄️  MongoDB not configured","service":"neural-shop-backend","timestamp":"2026-03-24 02:03:07.086"}
{"level":"info","message":"Database URL null","service":"neural-shop-backend","timestamp":"2026-03-24 02:03:18.030"}
{"level":"error","message":"Failed to connect to MongoDB: The `uri` parameter to `openUri()` must be a string, got \"object\". Make sure the first parameter to `mongoose.connect()` or `mongoose.createConnection()` is a string.","service":"neural-shop-backend","stack":"MongooseError: The `uri` parameter to `openUri()` must be a string, got \"object\". Make sure the first parameter to `mongoose.connect()` or `mongoose.createConnection()` is a string.\n    at NativeConnection.createClient (C:\\Users\\kusha\\OneDrive\\Desktop\\WebDevelopment\\PROJECTs\\NeuralShop\\backend\\node_modules\\mongoose\\lib\\drivers\\node-mongodb-native\\connection.js:237:11)\n    at NativeConnection.openUri (C:\\Users\\kusha\\OneDrive\\Desktop\\WebDevelopment\\PROJECTs\\NeuralShop\\backend\\node_modules\\mongoose\\lib\\connection.js:1075:34)\n    at Mongoose.connect (C:\\Users\\kusha\\OneDrive\\Desktop\\WebDevelopment\\PROJECTs\\NeuralShop\\backend\\node_modules\\mongoose\\lib\\mongoose.js:450:15)\n    at connectDB (file:///C:/Users/kusha/OneDrive/Desktop/WebDevelopment/PROJECTs/NeuralShop/backend/src/config/db.js:8:20)\n    at file:///C:/Users/kusha/OneDrive/Desktop/WebDevelopment/PROJECTs/NeuralShop/backend/src/app.js:45:1\n    at ModuleJob.run (node:internal/modules/esm/module_job:430:25)\n    at process.processTicksAndRejections (node:internal/process/task_queues:103:5)\n    at async onImport.tracePromise.__proto__ (node:internal/modules/esm/loader:661:26)\n    at async asyncRunEntryPointWithESMLoader (node:internal/modules/run_main:101:5)","timestamp":"2026-03-24 02:03:18.046","url":"missing"}
{"environment":"development","level":"info","message":"🚀 Server is running on port 6000","port":6000,"service":"neural-shop-backend","timestamp":"2026-03-24 02:03:18.054"}
{"category":"database","level":"info","message":"🗄️  MongoDB not configured","service":"neural-shop-backend","timestamp":"2026-03-24 02:03:18.056"}
{"level":"info","message":"Database URL null","service":"neural-shop-backend","timestamp":"2026-03-24 02:03:18.051"}
{"level":"error","message":"Failed to connect to MongoDB: The `uri` parameter to `openUri()` must be a string, got \"object\". Make sure the first parameter to `mongoose.connect()` or `mongoose.createConnection()` is a string.","service":"neural-shop-backend","stack":"MongooseError: The `uri` parameter to `openUri()` must be a string, got \"object\". Make sure the first parameter to `mongoose.connect()` or `mongoose.createConnection()` is a string.\n    at NativeConnection.createClient (C:\\Users\\kusha\\OneDrive\\Desktop\\WebDevelopment\\PROJECTs\\NeuralShop\\backend\\node_modules\\mongoose\\lib\\drivers\\node-mongodb-native\\connection.js:237:11)\n    at NativeConnection.openUri (C:\\Users\\kusha\\OneDrive\\Desktop\\WebDevelopment\\PROJECTs\\NeuralShop\\backend\\node_modules\\mongoose\\lib\\connection.js:1075:34)\n    at Mongoose.connect (C:\\Users\\kusha\\OneDrive\\Desktop\\WebDevelopment\\PROJECTs\\NeuralShop\\backend\\node_modules\\mongoose\\lib\\mongoose.js:450:15)\n    at connectDB (file:///C:/Users/kusha/OneDrive/Desktop/WebDevelopment/PROJECTs/NeuralShop/backend/src/config/db.js:8:20)\n    at file:///C:/Users/kusha/OneDrive/Desktop/WebDevelopment/PROJECTs/NeuralShop/backend/src/app.js:45:1\n    at ModuleJob.run (node:internal/modules/esm/module_job:430:25)\n    at process.processTicksAndRejections (node:internal/process/task_queues:103:5)\n    at async onImport.tracePromise.__proto__ (node:internal/modules/esm/loader:661:26)\n    at async asyncRunEntryPointWithESMLoader (node:internal/modules/run_main:101:5)","timestamp":"2026-03-24 02:03:18.067","url":"missing"}
{"environment":"development","level":"info","message":"🚀 Server is running on port 6000","port":6000,"service":"neural-shop-backend","timestamp":"2026-03-24 02:03:18.076"}
{"category":"database","level":"info","message":"🗄️  MongoDB not configured","service":"neural-shop-backend","timestamp":"2026-03-24 02:03:18.078"}
{"level":"info","message":"Database URL null","service":"neural-shop-backend","timestamp":"2026-03-24 02:03:18.299"}
{"level":"error","message":"Failed to connect to MongoDB: The `uri` parameter to `openUri()` must be a string, got \"object\". Make sure the first parameter to `mongoose.connect()` or `mongoose.createConnection()` is a string.","service":"neural-shop-backend","stack":"MongooseError: The `uri` parameter to `openUri()` must be a string, got \"object\". Make sure the first parameter to `mongoose.connect()` or `mongoose.createConnection()` is a string.\n    at NativeConnection.createClient (C:\\Users\\kusha\\OneDrive\\Desktop\\WebDevelopment\\PROJECTs\\NeuralShop\\backend\\node_modules\\mongoose\\lib\\drivers\\node-mongodb-native\\connection.js:237:11)\n    at NativeConnection.openUri (C:\\Users\\kusha\\OneDrive\\Desktop\\WebDevelopment\\PROJECTs\\NeuralShop\\backend\\node_modules\\mongoose\\lib\\connection.js:1075:34)\n    at Mongoose.connect (C:\\Users\\kusha\\OneDrive\\Desktop\\WebDevelopment\\PROJECTs\\NeuralShop\\backend\\node_modules\\mongoose\\lib\\mongoose.js:450:15)\n    at connectDB (file:///C:/Users/kusha/OneDrive/Desktop/WebDevelopment/PROJECTs/NeuralShop/backend/src/config/db.js:8:20)\n    at file:///C:/Users/kusha/OneDrive/Desktop/WebDevelopment/PROJECTs/NeuralShop/backend/src/app.js:45:1\n    at ModuleJob.run (node:internal/modules/esm/module_job:430:25)\n    at process.processTicksAndRejections (node:internal/process/task_queues:103:5)\n    at async onImport.tracePromise.__proto__ (node:internal/modules/esm/loader:661:26)\n    at async asyncRunEntryPointWithESMLoader (node:internal/modules/run_main:101:5)","timestamp":"2026-03-24 02:03:18.314","url":"missing"}
{"environment":"development","level":"info","message":"🚀 Server is running on port 6000","port":6000,"service":"neural-shop-backend","timestamp":"2026-03-24 02:03:18.320"}
{"category":"database","level":"info","message":"🗄️  MongoDB not configured","service":"neural-shop-backend","timestamp":"2026-03-24 02:03:18.321"}
{"level":"info","message":"Database URL null","service":"neural-shop-backend","timestamp":"2026-03-24 02:03:23.920"}
{"level":"error","message":"Failed to connect to MongoDB: The `uri` parameter to `openUri()` must be a string, got \"object\". Make sure the first parameter to `mongoose.connect()` or `mongoose.createConnection()` is a string.","service":"neural-shop-backend","stack":"MongooseError: The `uri` parameter to `openUri()` must be a string, got \"object\". Make sure the first parameter to `mongoose.connect()` or `mongoose.createConnection()` is a string.\n    at NativeConnection.createClient (C:\\Users\\kusha\\OneDrive\\Desktop\\WebDevelopment\\PROJECTs\\NeuralShop\\backend\\node_modules\\mongoose\\lib\\drivers\\node-mongodb-native\\connection.js:237:11)\n    at NativeConnection.openUri (C:\\Users\\kusha\\OneDrive\\Desktop\\WebDevelopment\\PROJECTs\\NeuralShop\\backend\\node_modules\\mongoose\\lib\\connection.js:1075:34)\n    at Mongoose.connect (C:\\Users\\kusha\\OneDrive\\Desktop\\WebDevelopment\\PROJECTs\\NeuralShop\\backend\\node_modules\\mongoose\\lib\\mongoose.js:450:15)\n    at connectDB (file:///C:/Users/kusha/OneDrive/Desktop/WebDevelopment/PROJECTs/NeuralShop/backend/src/config/db.js:8:20)\n    at file:///C:/Users/kusha/OneDrive/Desktop/WebDevelopment/PROJECTs/NeuralShop/backend/src/app.js:45:1\n    at ModuleJob.run (node:internal/modules/esm/module_job:430:25)\n    at process.processTicksAndRejections (node:internal/process/task_queues:103:5)\n    at async onImport.tracePromise.__proto__ (node:internal/modules/esm/loader:661:26)\n    at async asyncRunEntryPointWithESMLoader (node:internal/modules/run_main:101:5)","timestamp":"2026-03-24 02:03:23.941","url":"missing"}
{"environment":"development","level":"info","message":"🚀 Server is running on port 6000","port":6000,"service":"neural-shop-backend","timestamp":"2026-03-24 02:03:23.949"}
{"category":"database","level":"info","message":"🗄️  MongoDB not configured","service":"neural-shop-backend","timestamp":"2026-03-24 02:03:23.956"}
{"level":"info","message":"Database URL null","service":"neural-shop-backend","timestamp":"2026-03-24 02:03:23.951"}
{"level":"error","message":"Failed to connect to MongoDB: The `uri` parameter to `openUri()` must be a string, got \"object\". Make sure the first parameter to `mongoose.connect()` or `mongoose.createConnection()` is a string.","service":"neural-shop-backend","stack":"MongooseError: The `uri` parameter to `openUri()` must be a string, got \"object\". Make sure the first parameter to `mongoose.connect()` or `mongoose.createConnection()` is a string.\n    at NativeConnection.createClient (C:\\Users\\kusha\\OneDrive\\Desktop\\WebDevelopment\\PROJECTs\\NeuralShop\\backend\\node_modules\\mongoose\\lib\\drivers\\node-mongodb-native\\connection.js:237:11)\n    at NativeConnection.openUri (C:\\Users\\kusha\\OneDrive\\Desktop\\WebDevelopment\\PROJECTs\\NeuralShop\\backend\\node_modules\\mongoose\\lib\\connection.js:1075:34)\n    at Mongoose.connect (C:\\Users\\kusha\\OneDrive\\Desktop\\WebDevelopment\\PROJECTs\\NeuralShop\\backend\\node_modules\\mongoose\\lib\\mongoose.js:450:15)\n    at connectDB (file:///C:/Users/kusha/OneDrive/Desktop/WebDevelopment/PROJECTs/NeuralShop/backend/src/config/db.js:8:20)\n    at file:///C:/Users/kusha/OneDrive/Desktop/WebDevelopment/PROJECTs/NeuralShop/backend/src/app.js:45:1\n    at ModuleJob.run (node:internal/modules/esm/module_job:430:25)\n    at process.processTicksAndRejections (node:internal/process/task_queues:103:5)\n    at async onImport.tracePromise.__proto__ (node:internal/modules/esm/loader:661:26)\n    at async asyncRunEntryPointWithESMLoader (node:internal/modules/run_main:101:5)","timestamp":"2026-03-24 02:03:23.983","url":"missing"}
{"environment":"development","level":"info","message":"🚀 Server is running on port 6000","port":6000,"service":"neural-shop-backend","timestamp":"2026-03-24 02:03:23.993"}
{"category":"database","level":"info","message":"🗄️  MongoDB not configured","service":"neural-shop-backend","timestamp":"2026-03-24 02:03:23.995"}
{"level":"info","message":"Database URL null","service":"neural-shop-backend","timestamp":"2026-03-24 02:03:24.273"}
{"level":"error","message":"Failed to connect to MongoDB: The `uri` parameter to `openUri()` must be a string, got \"object\". Make sure the first parameter to `mongoose.connect()` or `mongoose.createConnection()` is a string.","service":"neural-shop-backend","stack":"MongooseError: The `uri` parameter to `openUri()` must be a string, got \"object\". Make sure the first parameter to `mongoose.connect()` or `mongoose.createConnection()` is a string.\n    at NativeConnection.createClient (C:\\Users\\kusha\\OneDrive\\Desktop\\WebDevelopment\\PROJECTs\\NeuralShop\\backend\\node_modules\\mongoose\\lib\\drivers\\node-mongodb-native\\connection.js:237:11)\n    at NativeConnection.openUri (C:\\Users\\kusha\\OneDrive\\Desktop\\WebDevelopment\\PROJECTs\\NeuralShop\\backend\\node_modules\\mongoose\\lib\\connection.js:1075:34)\n    at Mongoose.connect (C:\\Users\\kusha\\OneDrive\\Desktop\\WebDevelopment\\PROJECTs\\NeuralShop\\backend\\node_modules\\mongoose\\lib\\mongoose.js:450:15)\n    at connectDB (file:///C:/Users/kusha/OneDrive/Desktop/WebDevelopment/PROJECTs/NeuralShop/backend/src/config/db.js:8:20)\n    at file:///C:/Users/kusha/OneDrive/Desktop/WebDevelopment/PROJECTs/NeuralShop/backend/src/app.js:45:1\n    at ModuleJob.run (node:internal/modules/esm/module_job:430:25)\n    at process.processTicksAndRejections (node:internal/process/task_queues:103:5)\n    at async onImport.tracePromise.__proto__ (node:internal/modules/esm/loader:661:26)\n    at async asyncRunEntryPointWithESMLoader (node:internal/modules/run_main:101:5)","timestamp":"2026-03-24 02:03:24.284","url":"missing"}
{"environment":"development","level":"info","message":"🚀 Server is running on port 6000","port":6000,"service":"neural-shop-backend","timestamp":"2026-03-24 02:03:24.289"}
{"category":"database","level":"info","message":"🗄️  MongoDB not configured","service":"neural-shop-backend","timestamp":"2026-03-24 02:03:24.291"}
{"level":"info","message":"Database URL null","service":"neural-shop-backend","timestamp":"2026-03-24 02:04:23.422"}
{"level":"error","message":"Failed to connect to MongoDB: The `uri` parameter to `openUri()` must be a string, got \"object\". Make sure the first parameter to `mongoose.connect()` or `mongoose.createConnection()` is a string.","service":"neural-shop-backend","stack":"MongooseError: The `uri` parameter to `openUri()` must be a string, got \"object\". Make sure the first parameter to `mongoose.connect()` or `mongoose.createConnection()` is a string.\n    at NativeConnection.createClient (C:\\Users\\kusha\\OneDrive\\Desktop\\WebDevelopment\\PROJECTs\\NeuralShop\\backend\\node_modules\\mongoose\\lib\\drivers\\node-mongodb-native\\connection.js:237:11)\n    at NativeConnection.openUri (C:\\Users\\kusha\\OneDrive\\Desktop\\WebDevelopment\\PROJECTs\\NeuralShop\\backend\\node_modules\\mongoose\\lib\\connection.js:1075:34)\n    at Mongoose.connect (C:\\Users\\kusha\\OneDrive\\Desktop\\WebDevelopment\\PROJECTs\\NeuralShop\\backend\\node_modules\\mongoose\\lib\\mongoose.js:450:15)\n    at connectDB (file:///C:/Users/kusha/OneDrive/Desktop/WebDevelopment/PROJECTs/NeuralShop/backend/src/config/db.js:8:20)\n    at file:///C:/Users/kusha/OneDrive/Desktop/WebDevelopment/PROJECTs/NeuralShop/backend/src/app.js:45:1\n    at ModuleJob.run (node:internal/modules/esm/module_job:430:25)\n    at process.processTicksAndRejections (node:internal/process/task_queues:103:5)\n    at async onImport.tracePromise.__proto__ (node:internal/modules/esm/loader:661:26)\n    at async asyncRunEntryPointWithESMLoader (node:internal/modules/run_main:101:5)","timestamp":"2026-03-24 02:04:23.433","url":"missing"}
{"environment":"development","level":"info","message":"🚀 Server is running on port 6000","port":6000,"service":"neural-shop-backend","timestamp":"2026-03-24 02:04:23.439"}
{"category":"database","level":"info","message":"🗄️  MongoDB not configured","service":"neural-shop-backend","timestamp":"2026-03-24 02:04:23.441"}
{"level":"info","message":"Database URL null","service":"neural-shop-backend","timestamp":"2026-03-24 02:04:23.508"}
{"level":"error","message":"Failed to connect to MongoDB: The `uri` parameter to `openUri()` must be a string, got \"object\". Make sure the first parameter to `mongoose.connect()` or `mongoose.createConnection()` is a string.","service":"neural-shop-backend","stack":"MongooseError: The `uri` parameter to `openUri()` must be a string, got \"object\". Make sure the first parameter to `mongoose.connect()` or `mongoose.createConnection()` is a string.\n    at NativeConnection.createClient (C:\\Users\\kusha\\OneDrive\\Desktop\\WebDevelopment\\PROJECTs\\NeuralShop\\backend\\node_modules\\mongoose\\lib\\drivers\\node-mongodb-native\\connection.js:237:11)\n    at NativeConnection.openUri (C:\\Users\\kusha\\OneDrive\\Desktop\\WebDevelopment\\PROJECTs\\NeuralShop\\backend\\node_modules\\mongoose\\lib\\connection.js:1075:34)\n    at Mongoose.connect (C:\\Users\\kusha\\OneDrive\\Desktop\\WebDevelopment\\PROJECTs\\NeuralShop\\backend\\node_modules\\mongoose\\lib\\mongoose.js:450:15)\n    at connectDB (file:///C:/Users/kusha/OneDrive/Desktop/WebDevelopment/PROJECTs/NeuralShop/backend/src/config/db.js:8:20)\n    at file:///C:/Users/kusha/OneDrive/Desktop/WebDevelopment/PROJECTs/NeuralShop/backend/src/app.js:45:1\n    at ModuleJob.run (node:internal/modules/esm/module_job:430:25)\n    at process.processTicksAndRejections (node:internal/process/task_queues:103:5)\n    at async onImport.tracePromise.__proto__ (node:internal/modules/esm/loader:661:26)\n    at async asyncRunEntryPointWithESMLoader (node:internal/modules/run_main:101:5)","timestamp":"2026-03-24 02:04:23.516","url":"missing"}
{"environment":"development","level":"info","message":"🚀 Server is running on port 6000","port":6000,"service":"neural-shop-backend","timestamp":"2026-03-24 02:04:23.521"}
{"category":"database","level":"info","message":"🗄️  MongoDB not configured","service":"neural-shop-backend","timestamp":"2026-03-24 02:04:23.522"}
{"level":"info","message":"Database URL null","service":"neural-shop-backend","timestamp":"2026-03-24 02:04:23.524"}
{"level":"error","message":"Failed to connect to MongoDB: The `uri` parameter to `openUri()` must be a string, got \"object\". Make sure the first parameter to `mongoose.connect()` or `mongoose.createConnection()` is a string.","service":"neural-shop-backend","stack":"MongooseError: The `uri` parameter to `openUri()` must be a string, got \"object\". Make sure the first parameter to `mongoose.connect()` or `mongoose.createConnection()` is a string.\n    at NativeConnection.createClient (C:\\Users\\kusha\\OneDrive\\Desktop\\WebDevelopment\\PROJECTs\\NeuralShop\\backend\\node_modules\\mongoose\\lib\\drivers\\node-mongodb-native\\connection.js:237:11)\n    at NativeConnection.openUri (C:\\Users\\kusha\\OneDrive\\Desktop\\WebDevelopment\\PROJECTs\\NeuralShop\\backend\\node_modules\\mongoose\\lib\\connection.js:1075:34)\n    at Mongoose.connect (C:\\Users\\kusha\\OneDrive\\Desktop\\WebDevelopment\\PROJECTs\\NeuralShop\\backend\\node_modules\\mongoose\\lib\\mongoose.js:450:15)\n    at connectDB (file:///C:/Users/kusha/OneDrive/Desktop/WebDevelopment/PROJECTs/NeuralShop/backend/src/config/db.js:8:20)\n    at file:///C:/Users/kusha/OneDrive/Desktop/WebDevelopment/PROJECTs/NeuralShop/backend/src/app.js:45:1\n    at ModuleJob.run (node:internal/modules/esm/module_job:430:25)\n    at process.processTicksAndRejections (node:internal/process/task_queues:103:5)\n    at async onImport.tracePromise.__proto__ (node:internal/modules/esm/loader:661:26)\n    at async asyncRunEntryPointWithESMLoader (node:internal/modules/run_main:101:5)","timestamp":"2026-03-24 02:04:23.537","url":"missing"}
{"environment":"development","level":"info","message":"🚀 Server is running on port 6000","port":6000,"service":"neural-shop-backend","timestamp":"2026-03-24 02:04:23.548"}
{"category":"database","level":"info","message":"🗄️  MongoDB not configured","service":"neural-shop-backend","timestamp":"2026-03-24 02:04:23.552"}
{"level":"info","message":"Database URL null","service":"neural-shop-backend","timestamp":"2026-03-24 02:07:22.018"}
{"level":"info","message":"Database URL null","service":"neural-shop-backend","timestamp":"2026-03-24 02:07:22.015"}
{"level":"error","message":"Failed to connect to MongoDB: The `uri` parameter to `openUri()` must be a string, got \"object\". Make sure the first parameter to `mongoose.connect()` or `mongoose.createConnection()` is a string.","service":"neural-shop-backend","stack":"MongooseError: The `uri` parameter to `openUri()` must be a string, got \"object\". Make sure the first parameter to `mongoose.connect()` or `mongoose.createConnection()` is a string.\n    at NativeConnection.createClient (C:\\Users\\kusha\\OneDrive\\Desktop\\WebDevelopment\\PROJECTs\\NeuralShop\\backend\\node_modules\\mongoose\\lib\\drivers\\node-mongodb-native\\connection.js:237:11)\n    at NativeConnection.openUri (C:\\Users\\kusha\\OneDrive\\Desktop\\WebDevelopment\\PROJECTs\\NeuralShop\\backend\\node_modules\\mongoose\\lib\\connection.js:1075:34)\n    at Mongoose.connect (C:\\Users\\kusha\\OneDrive\\Desktop\\WebDevelopment\\PROJECTs\\NeuralShop\\backend\\node_modules\\mongoose\\lib\\mongoose.js:450:15)\n    at connectDB (file:///C:/Users/kusha/OneDrive/Desktop/WebDevelopment/PROJECTs/NeuralShop/backend/src/config/db.js:8:20)\n    at file:///C:/Users/kusha/OneDrive/Desktop/WebDevelopment/PROJECTs/NeuralShop/backend/src/app.js:46:1\n    at ModuleJob.run (node:internal/modules/esm/module_job:430:25)\n    at process.processTicksAndRejections (node:internal/process/task_queues:103:5)\n    at async onImport.tracePromise.__proto__ (node:internal/modules/esm/loader:661:26)\n    at async asyncRunEntryPointWithESMLoader (node:internal/modules/run_main:101:5)","timestamp":"2026-03-24 02:07:22.028","url":"missing"}
{"environment":"development","level":"info","message":"🚀 Server is running on port 6000","port":6000,"service":"neural-shop-backend","timestamp":"2026-03-24 02:07:22.040"}
{"category":"database","level":"info","message":"🗄️  MongoDB not configured","service":"neural-shop-backend","timestamp":"2026-03-24 02:07:22.041"}
{"level":"error","message":"Failed to connect to MongoDB: The `uri` parameter to `openUri()` must be a string, got \"object\". Make sure the first parameter to `mongoose.connect()` or `mongoose.createConnection()` is a string.","service":"neural-shop-backend","stack":"MongooseError: The `uri` parameter to `openUri()` must be a string, got \"object\". Make sure the first parameter to `mongoose.connect()` or `mongoose.createConnection()` is a string.\n    at NativeConnection.createClient (C:\\Users\\kusha\\OneDrive\\Desktop\\WebDevelopment\\PROJECTs\\NeuralShop\\backend\\node_modules\\mongoose\\lib\\drivers\\node-mongodb-native\\connection.js:237:11)\n    at NativeConnection.openUri (C:\\Users\\kusha\\OneDrive\\Desktop\\WebDevelopment\\PROJECTs\\NeuralShop\\backend\\node_modules\\mongoose\\lib\\connection.js:1075:34)\n    at Mongoose.connect (C:\\Users\\kusha\\OneDrive\\Desktop\\WebDevelopment\\PROJECTs\\NeuralShop\\backend\\node_modules\\mongoose\\lib\\mongoose.js:450:15)\n    at connectDB (file:///C:/Users/kusha/OneDrive/Desktop/WebDevelopment/PROJECTs/NeuralShop/backend/src/config/db.js:8:20)\n    at file:///C:/Users/kusha/OneDrive/Desktop/WebDevelopment/PROJECTs/NeuralShop/backend/src/app.js:46:1\n    at ModuleJob.run (node:internal/modules/esm/module_job:430:25)\n    at process.processTicksAndRejections (node:internal/process/task_queues:103:5)\n    at async onImport.tracePromise.__proto__ (node:internal/modules/esm/loader:661:26)\n    at async asyncRunEntryPointWithESMLoader (node:internal/modules/run_main:101:5)","timestamp":"2026-03-24 02:07:22.026","url":"missing"}
{"environment":"development","level":"info","message":"🚀 Server is running on port 6000","port":6000,"service":"neural-shop-backend","timestamp":"2026-03-24 02:07:22.040"}
{"category":"database","level":"info","message":"🗄️  MongoDB not configured","service":"neural-shop-backend","timestamp":"2026-03-24 02:07:22.041"}
{"level":"info","message":"Database URL null","service":"neural-shop-backend","timestamp":"2026-03-24 02:07:22.208"}
{"level":"error","message":"Failed to connect to MongoDB: The `uri` parameter to `openUri()` must be a string, got \"object\". Make sure the first parameter to `mongoose.connect()` or `mongoose.createConnection()` is a string.","service":"neural-shop-backend","stack":"MongooseError: The `uri` parameter to `openUri()` must be a string, got \"object\". Make sure the first parameter to `mongoose.connect()` or `mongoose.createConnection()` is a string.\n    at NativeConnection.createClient (C:\\Users\\kusha\\OneDrive\\Desktop\\WebDevelopment\\PROJECTs\\NeuralShop\\backend\\node_modules\\mongoose\\lib\\drivers\\node-mongodb-native\\connection.js:237:11)\n    at NativeConnection.openUri (C:\\Users\\kusha\\OneDrive\\Desktop\\WebDevelopment\\PROJECTs\\NeuralShop\\backend\\node_modules\\mongoose\\lib\\connection.js:1075:34)\n    at Mongoose.connect (C:\\Users\\kusha\\OneDrive\\Desktop\\WebDevelopment\\PROJECTs\\NeuralShop\\backend\\node_modules\\mongoose\\lib\\mongoose.js:450:15)\n    at connectDB (file:///C:/Users/kusha/OneDrive/Desktop/WebDevelopment/PROJECTs/NeuralShop/backend/src/config/db.js:8:20)\n    at file:///C:/Users/kusha/OneDrive/Desktop/WebDevelopment/PROJECTs/NeuralShop/backend/src/app.js:46:1\n    at ModuleJob.run (node:internal/modules/esm/module_job:430:25)\n    at process.processTicksAndRejections (node:internal/process/task_queues:103:5)\n    at async onImport.tracePromise.__proto__ (node:internal/modules/esm/loader:661:26)\n    at async asyncRunEntryPointWithESMLoader (node:internal/modules/run_main:101:5)","timestamp":"2026-03-24 02:07:22.222","url":"missing"}
{"environment":"development","level":"info","message":"🚀 Server is running on port 6000","port":6000,"service":"neural-shop-backend","timestamp":"2026-03-24 02:07:22.228"}
{"category":"database","level":"info","message":"🗄️  MongoDB not configured","service":"neural-shop-backend","timestamp":"2026-03-24 02:07:22.229"}
{"level":"info","message":"Database URL null","service":"neural-shop-backend","timestamp":"2026-03-24 02:07:32.638"}
{"level":"error","message":"Failed to connect to MongoDB: The `uri` parameter to `openUri()` must be a string, got \"object\". Make sure the first parameter to `mongoose.connect()` or `mongoose.createConnection()` is a string.","service":"neural-shop-backend","stack":"MongooseError: The `uri` parameter to `openUri()` must be a string, got \"object\". Make sure the first parameter to `mongoose.connect()` or `mongoose.createConnection()` is a string.\n    at NativeConnection.createClient (C:\\Users\\kusha\\OneDrive\\Desktop\\WebDevelopment\\PROJECTs\\NeuralShop\\backend\\node_modules\\mongoose\\lib\\drivers\\node-mongodb-native\\connection.js:237:11)\n    at NativeConnection.openUri (C:\\Users\\kusha\\OneDrive\\Desktop\\WebDevelopment\\PROJECTs\\NeuralShop\\backend\\node_modules\\mongoose\\lib\\connection.js:1075:34)\n    at Mongoose.connect (C:\\Users\\kusha\\OneDrive\\Desktop\\WebDevelopment\\PROJECTs\\NeuralShop\\backend\\node_modules\\mongoose\\lib\\mongoose.js:450:15)\n    at connectDB (file:///C:/Users/kusha/OneDrive/Desktop/WebDevelopment/PROJECTs/NeuralShop/backend/src/config/db.js:8:20)\n    at file:///C:/Users/kusha/OneDrive/Desktop/WebDevelopment/PROJECTs/NeuralShop/backend/src/app.js:46:1\n    at ModuleJob.run (node:internal/modules/esm/module_job:430:25)\n    at process.processTicksAndRejections (node:internal/process/task_queues:103:5)\n    at async onImport.tracePromise.__proto__ (node:internal/modules/esm/loader:661:26)\n    at async asyncRunEntryPointWithESMLoader (node:internal/modules/run_main:101:5)","timestamp":"2026-03-24 02:07:32.649","url":"missing"}
{"environment":"development","level":"info","message":"🚀 Server is running on port 6000","port":6000,"service":"neural-shop-backend","timestamp":"2026-03-24 02:07:32.654"}
{"category":"database","level":"info","message":"🗄️  MongoDB not configured","service":"neural-shop-backend","timestamp":"2026-03-24 02:07:32.658"}
{"level":"info","message":"Database URL null","service":"neural-shop-backend","timestamp":"2026-03-24 02:07:32.637"}
{"level":"error","message":"Failed to connect to MongoDB: The `uri` parameter to `openUri()` must be a string, got \"object\". Make sure the first parameter to `mongoose.connect()` or `mongoose.createConnection()` is a string.","service":"neural-shop-backend","stack":"MongooseError: The `uri` parameter to `openUri()` must be a string, got \"object\". Make sure the first parameter to `mongoose.connect()` or `mongoose.createConnection()` is a string.\n    at NativeConnection.createClient (C:\\Users\\kusha\\OneDrive\\Desktop\\WebDevelopment\\PROJECTs\\NeuralShop\\backend\\node_modules\\mongoose\\lib\\drivers\\node-mongodb-native\\connection.js:237:11)\n    at NativeConnection.openUri (C:\\Users\\kusha\\OneDrive\\Desktop\\WebDevelopment\\PROJECTs\\NeuralShop\\backend\\node_modules\\mongoose\\lib\\connection.js:1075:34)\n    at Mongoose.connect (C:\\Users\\kusha\\OneDrive\\Desktop\\WebDevelopment\\PROJECTs\\NeuralShop\\backend\\node_modules\\mongoose\\lib\\mongoose.js:450:15)\n    at connectDB (file:///C:/Users/kusha/OneDrive/Desktop/WebDevelopment/PROJECTs/NeuralShop/backend/src/config/db.js:8:20)\n    at file:///C:/Users/kusha/OneDrive/Desktop/WebDevelopment/PROJECTs/NeuralShop/backend/src/app.js:46:1\n    at ModuleJob.run (node:internal/modules/esm/module_job:430:25)\n    at process.processTicksAndRejections (node:internal/process/task_queues:103:5)\n    at async onImport.tracePromise.__proto__ (node:internal/modules/esm/loader:661:26)\n    at async asyncRunEntryPointWithESMLoader (node:internal/modules/run_main:101:5)","timestamp":"2026-03-24 02:07:32.649","url":"missing"}
{"environment":"development","level":"info","message":"🚀 Server is running on port 6000","port":6000,"service":"neural-shop-backend","timestamp":"2026-03-24 02:07:32.654"}
{"category":"database","level":"info","message":"🗄️  MongoDB not configured","service":"neural-shop-backend","timestamp":"2026-03-24 02:07:32.658"}
{"level":"info","message":"Database URL null","service":"neural-shop-backend","timestamp":"2026-03-24 02:07:32.900"}
{"level":"error","message":"Failed to connect to MongoDB: The `uri` parameter to `openUri()` must be a string, got \"object\". Make sure the first parameter to `mongoose.connect()` or `mongoose.createConnection()` is a string.","service":"neural-shop-backend","stack":"MongooseError: The `uri` parameter to `openUri()` must be a string, got \"object\". Make sure the first parameter to `mongoose.connect()` or `mongoose.createConnection()` is a string.\n    at NativeConnection.createClient (C:\\Users\\kusha\\OneDrive\\Desktop\\WebDevelopment\\PROJECTs\\NeuralShop\\backend\\node_modules\\mongoose\\lib\\drivers\\node-mongodb-native\\connection.js:237:11)\n    at NativeConnection.openUri (C:\\Users\\kusha\\OneDrive\\Desktop\\WebDevelopment\\PROJECTs\\NeuralShop\\backend\\node_modules\\mongoose\\lib\\connection.js:1075:34)\n    at Mongoose.connect (C:\\Users\\kusha\\OneDrive\\Desktop\\WebDevelopment\\PROJECTs\\NeuralShop\\backend\\node_modules\\mongoose\\lib\\mongoose.js:450:15)\n    at connectDB (file:///C:/Users/kusha/OneDrive/Desktop/WebDevelopment/PROJECTs/NeuralShop/backend/src/config/db.js:8:20)\n    at file:///C:/Users/kusha/OneDrive/Desktop/WebDevelopment/PROJECTs/NeuralShop/backend/src/app.js:46:1\n    at ModuleJob.run (node:internal/modules/esm/module_job:430:25)\n    at process.processTicksAndRejections (node:internal/process/task_queues:103:5)\n    at async onImport.tracePromise.__proto__ (node:internal/modules/esm/loader:661:26)\n    at async asyncRunEntryPointWithESMLoader (node:internal/modules/run_main:101:5)","timestamp":"2026-03-24 02:07:32.914","url":"missing"}
{"environment":"development","level":"info","message":"🚀 Server is running on port 6000","port":6000,"service":"neural-shop-backend","timestamp":"2026-03-24 02:07:32.918"}
{"category":"database","level":"info","message":"🗄️  MongoDB not configured","service":"neural-shop-backend","timestamp":"2026-03-24 02:07:32.920"}
{"level":"info","message":"Database URL null","service":"neural-shop-backend","timestamp":"2026-03-24 02:07:47.957"}
{"level":"error","message":"Failed to connect to MongoDB: The `uri` parameter to `openUri()` must be a string, got \"object\". Make sure the first parameter to `mongoose.connect()` or `mongoose.createConnection()` is a string.","service":"neural-shop-backend","stack":"MongooseError: The `uri` parameter to `openUri()` must be a string, got \"object\". Make sure the first parameter to `mongoose.connect()` or `mongoose.createConnection()` is a string.\n    at NativeConnection.createClient (C:\\Users\\kusha\\OneDrive\\Desktop\\WebDevelopment\\PROJECTs\\NeuralShop\\backend\\node_modules\\mongoose\\lib\\drivers\\node-mongodb-native\\connection.js:237:11)\n    at NativeConnection.openUri (C:\\Users\\kusha\\OneDrive\\Desktop\\WebDevelopment\\PROJECTs\\NeuralShop\\backend\\node_modules\\mongoose\\lib\\connection.js:1075:34)\n    at Mongoose.connect (C:\\Users\\kusha\\OneDrive\\Desktop\\WebDevelopment\\PROJECTs\\NeuralShop\\backend\\node_modules\\mongoose\\lib\\mongoose.js:450:15)\n    at connectDB (file:///C:/Users/kusha/OneDrive/Desktop/WebDevelopment/PROJECTs/NeuralShop/backend/src/config/db.js:8:20)\n    at file:///C:/Users/kusha/OneDrive/Desktop/WebDevelopment/PROJECTs/NeuralShop/backend/src/app.js:46:1\n    at ModuleJob.run (node:internal/modules/esm/module_job:430:25)\n    at process.processTicksAndRejections (node:internal/process/task_queues:103:5)\n    at async onImport.tracePromise.__proto__ (node:internal/modules/esm/loader:661:26)\n    at async asyncRunEntryPointWithESMLoader (node:internal/modules/run_main:101:5)","timestamp":"2026-03-24 02:07:47.967","url":"missing"}
{"environment":"development","level":"info","message":"🚀 Server is running on port 6000","port":6000,"service":"neural-shop-backend","timestamp":"2026-03-24 02:07:47.972"}
{"category":"database","level":"info","message":"🗄️  MongoDB not configured","service":"neural-shop-backend","timestamp":"2026-03-24 02:07:47.974"}
{"level":"info","message":"Database URL null","service":"neural-shop-backend","timestamp":"2026-03-24 02:08:35.461"}
{"level":"error","message":"Failed to connect to MongoDB: The `uri` parameter to `openUri()` must be a string, got \"object\". Make sure the first parameter to `mongoose.connect()` or `mongoose.createConnection()` is a string.","service":"neural-shop-backend","stack":"MongooseError: The `uri` parameter to `openUri()` must be a string, got \"object\". Make sure the first parameter to `mongoose.connect()` or `mongoose.createConnection()` is a string.\n    at NativeConnection.createClient (C:\\Users\\kusha\\OneDrive\\Desktop\\WebDevelopment\\PROJECTs\\NeuralShop\\backend\\node_modules\\mongoose\\lib\\drivers\\node-mongodb-native\\connection.js:237:11)\n    at NativeConnection.openUri (C:\\Users\\kusha\\OneDrive\\Desktop\\WebDevelopment\\PROJECTs\\NeuralShop\\backend\\node_modules\\mongoose\\lib\\connection.js:1075:34)\n    at Mongoose.connect (C:\\Users\\kusha\\OneDrive\\Desktop\\WebDevelopment\\PROJECTs\\NeuralShop\\backend\\node_modules\\mongoose\\lib\\mongoose.js:450:15)\n    at connectDB (file:///C:/Users/kusha/OneDrive/Desktop/WebDevelopment/PROJECTs/NeuralShop/backend/src/config/db.js:8:20)\n    at file:///C:/Users/kusha/OneDrive/Desktop/WebDevelopment/PROJECTs/NeuralShop/backend/src/app.js:46:1\n    at ModuleJob.run (node:internal/modules/esm/module_job:430:25)\n    at process.processTicksAndRejections (node:internal/process/task_queues:103:5)\n    at async onImport.tracePromise.__proto__ (node:internal/modules/esm/loader:661:26)\n    at async asyncRunEntryPointWithESMLoader (node:internal/modules/run_main:101:5)","timestamp":"2026-03-24 02:08:35.474","url":"missing"}
{"environment":"development","level":"info","message":"🚀 Server is running on port 6000","port":6000,"service":"neural-shop-backend","timestamp":"2026-03-24 02:08:35.479"}
{"category":"database","level":"info","message":"🗄️  MongoDB not configured","service":"neural-shop-backend","timestamp":"2026-03-24 02:08:35.482"}
{"level":"info","message":"Database URL null","service":"neural-shop-backend","timestamp":"2026-03-24 02:08:35.476"}
{"level":"error","message":"Failed to connect to MongoDB: The `uri` parameter to `openUri()` must be a string, got \"object\". Make sure the first parameter to `mongoose.connect()` or `mongoose.createConnection()` is a string.","service":"neural-shop-backend","stack":"MongooseError: The `uri` parameter to `openUri()` must be a string, got \"object\". Make sure the first parameter to `mongoose.connect()` or `mongoose.createConnection()` is a string.\n    at NativeConnection.createClient (C:\\Users\\kusha\\OneDrive\\Desktop\\WebDevelopment\\PROJECTs\\NeuralShop\\backend\\node_modules\\mongoose\\lib\\drivers\\node-mongodb-native\\connection.js:237:11)\n    at NativeConnection.openUri (C:\\Users\\kusha\\OneDrive\\Desktop\\WebDevelopment\\PROJECTs\\NeuralShop\\backend\\node_modules\\mongoose\\lib\\connection.js:1075:34)\n    at Mongoose.connect (C:\\Users\\kusha\\OneDrive\\Desktop\\WebDevelopment\\PROJECTs\\NeuralShop\\backend\\node_modules\\mongoose\\lib\\mongoose.js:450:15)\n    at connectDB (file:///C:/Users/kusha/OneDrive/Desktop/WebDevelopment/PROJECTs/NeuralShop/backend/src/config/db.js:8:20)\n    at file:///C:/Users/kusha/OneDrive/Desktop/WebDevelopment/PROJECTs/NeuralShop/backend/src/app.js:46:1\n    at ModuleJob.run (node:internal/modules/esm/module_job:430:25)\n    at process.processTicksAndRejections (node:internal/process/task_queues:103:5)\n    at async onImport.tracePromise.__proto__ (node:internal/modules/esm/loader:661:26)\n    at async asyncRunEntryPointWithESMLoader (node:internal/modules/run_main:101:5)","timestamp":"2026-03-24 02:08:35.488","url":"missing"}
{"environment":"development","level":"info","message":"🚀 Server is running on port 6000","port":6000,"service":"neural-shop-backend","timestamp":"2026-03-24 02:08:35.494"}
{"category":"database","level":"info","message":"🗄️  MongoDB not configured","service":"neural-shop-backend","timestamp":"2026-03-24 02:08:35.496"}
{"level":"info","message":"Database URL null","service":"neural-shop-backend","timestamp":"2026-03-24 02:08:35.497"}
{"level":"error","message":"Failed to connect to MongoDB: The `uri` parameter to `openUri()` must be a string, got \"object\". Make sure the first parameter to `mongoose.connect()` or `mongoose.createConnection()` is a string.","service":"neural-shop-backend","stack":"MongooseError: The `uri` parameter to `openUri()` must be a string, got \"object\". Make sure the first parameter to `mongoose.connect()` or `mongoose.createConnection()` is a string.\n    at NativeConnection.createClient (C:\\Users\\kusha\\OneDrive\\Desktop\\WebDevelopment\\PROJECTs\\NeuralShop\\backend\\node_modules\\mongoose\\lib\\drivers\\node-mongodb-native\\connection.js:237:11)\n    at NativeConnection.openUri (C:\\Users\\kusha\\OneDrive\\Desktop\\WebDevelopment\\PROJECTs\\NeuralShop\\backend\\node_modules\\mongoose\\lib\\connection.js:1075:34)\n    at Mongoose.connect (C:\\Users\\kusha\\OneDrive\\Desktop\\WebDevelopment\\PROJECTs\\NeuralShop\\backend\\node_modules\\mongoose\\lib\\mongoose.js:450:15)\n    at connectDB (file:///C:/Users/kusha/OneDrive/Desktop/WebDevelopment/PROJECTs/NeuralShop/backend/src/config/db.js:8:20)\n    at file:///C:/Users/kusha/OneDrive/Desktop/WebDevelopment/PROJECTs/NeuralShop/backend/src/app.js:46:1\n    at ModuleJob.run (node:internal/modules/esm/module_job:430:25)\n    at process.processTicksAndRejections (node:internal/process/task_queues:103:5)\n    at async onImport.tracePromise.__proto__ (node:internal/modules/esm/loader:661:26)\n    at async asyncRunEntryPointWithESMLoader (node:internal/modules/run_main:101:5)","timestamp":"2026-03-24 02:08:35.510","url":"missing"}
{"environment":"development","level":"info","message":"🚀 Server is running on port 6000","port":6000,"service":"neural-shop-backend","timestamp":"2026-03-24 02:08:35.515"}
{"category":"database","level":"info","message":"🗄️  MongoDB not configured","service":"neural-shop-backend","timestamp":"2026-03-24 02:08:35.517"}
{"level":"info","message":"Database URL null","service":"neural-shop-backend","timestamp":"2026-03-24 02:08:35.731"}
{"level":"error","message":"Failed to connect to MongoDB: The `uri` parameter to `openUri()` must be a string, got \"object\". Make sure the first parameter to `mongoose.connect()` or `mongoose.createConnection()` is a string.","service":"neural-shop-backend","stack":"MongooseError: The `uri` parameter to `openUri()` must be a string, got \"object\". Make sure the first parameter to `mongoose.connect()` or `mongoose.createConnection()` is a string.\n    at NativeConnection.createClient (C:\\Users\\kusha\\OneDrive\\Desktop\\WebDevelopment\\PROJECTs\\NeuralShop\\backend\\node_modules\\mongoose\\lib\\drivers\\node-mongodb-native\\connection.js:237:11)\n    at NativeConnection.openUri (C:\\Users\\kusha\\OneDrive\\Desktop\\WebDevelopment\\PROJECTs\\NeuralShop\\backend\\node_modules\\mongoose\\lib\\connection.js:1075:34)\n    at Mongoose.connect (C:\\Users\\kusha\\OneDrive\\Desktop\\WebDevelopment\\PROJECTs\\NeuralShop\\backend\\node_modules\\mongoose\\lib\\mongoose.js:450:15)\n    at connectDB (file:///C:/Users/kusha/OneDrive/Desktop/WebDevelopment/PROJECTs/NeuralShop/backend/src/config/db.js:8:20)\n    at file:///C:/Users/kusha/OneDrive/Desktop/WebDevelopment/PROJECTs/NeuralShop/backend/src/app.js:46:1\n    at ModuleJob.run (node:internal/modules/esm/module_job:430:25)\n    at process.processTicksAndRejections (node:internal/process/task_queues:103:5)\n    at async onImport.tracePromise.__proto__ (node:internal/modules/esm/loader:661:26)\n    at async asyncRunEntryPointWithESMLoader (node:internal/modules/run_main:101:5)","timestamp":"2026-03-24 02:08:35.739","url":"missing"}
{"environment":"development","level":"info","message":"🚀 Server is running on port 6000","port":6000,"service":"neural-shop-backend","timestamp":"2026-03-24 02:08:35.742"}
{"category":"database","level":"info","message":"🗄️  MongoDB not configured","service":"neural-shop-backend","timestamp":"2026-03-24 02:08:35.744"}
{"level":"info","message":"Database URL null","service":"neural-shop-backend","timestamp":"2026-03-24 02:08:42.080"}
{"level":"error","message":"Failed to connect to MongoDB: The `uri` parameter to `openUri()` must be a string, got \"object\". Make sure the first parameter to `mongoose.connect()` or `mongoose.createConnection()` is a string.","service":"neural-shop-backend","stack":"MongooseError: The `uri` parameter to `openUri()` must be a string, got \"object\". Make sure the first parameter to `mongoose.connect()` or `mongoose.createConnection()` is a string.\n    at NativeConnection.createClient (C:\\Users\\kusha\\OneDrive\\Desktop\\WebDevelopment\\PROJECTs\\NeuralShop\\backend\\node_modules\\mongoose\\lib\\drivers\\node-mongodb-native\\connection.js:237:11)\n    at NativeConnection.openUri (C:\\Users\\kusha\\OneDrive\\Desktop\\WebDevelopment\\PROJECTs\\NeuralShop\\backend\\node_modules\\mongoose\\lib\\connection.js:1075:34)\n    at Mongoose.connect (C:\\Users\\kusha\\OneDrive\\Desktop\\WebDevelopment\\PROJECTs\\NeuralShop\\backend\\node_modules\\mongoose\\lib\\mongoose.js:450:15)\n    at connectDB (file:///C:/Users/kusha/OneDrive/Desktop/WebDevelopment/PROJECTs/NeuralShop/backend/src/config/db.js:8:20)\n    at file:///C:/Users/kusha/OneDrive/Desktop/WebDevelopment/PROJECTs/NeuralShop/backend/src/app.js:43:1\n    at ModuleJob.run (node:internal/modules/esm/module_job:430:25)\n    at process.processTicksAndRejections (node:internal/process/task_queues:103:5)\n    at async onImport.tracePromise.__proto__ (node:internal/modules/esm/loader:661:26)\n    at async asyncRunEntryPointWithESMLoader (node:internal/modules/run_main:101:5)","timestamp":"2026-03-24 02:08:42.096","url":"missing"}
{"environment":"development","level":"info","message":"🚀 Server is running on port 6000","port":6000,"service":"neural-shop-backend","timestamp":"2026-03-24 02:08:42.101"}
{"category":"database","level":"info","message":"🗄️  MongoDB not configured","service":"neural-shop-backend","timestamp":"2026-03-24 02:08:42.103"}
{"level":"info","message":"Database URL null","service":"neural-shop-backend","timestamp":"2026-03-24 02:08:42.124"}
{"level":"error","message":"Failed to connect to MongoDB: The `uri` parameter to `openUri()` must be a string, got \"object\". Make sure the first parameter to `mongoose.connect()` or `mongoose.createConnection()` is a string.","service":"neural-shop-backend","stack":"MongooseError: The `uri` parameter to `openUri()` must be a string, got \"object\". Make sure the first parameter to `mongoose.connect()` or `mongoose.createConnection()` is a string.\n    at NativeConnection.createClient (C:\\Users\\kusha\\OneDrive\\Desktop\\WebDevelopment\\PROJECTs\\NeuralShop\\backend\\node_modules\\mongoose\\lib\\drivers\\node-mongodb-native\\connection.js:237:11)\n    at NativeConnection.openUri (C:\\Users\\kusha\\OneDrive\\Desktop\\WebDevelopment\\PROJECTs\\NeuralShop\\backend\\node_modules\\mongoose\\lib\\connection.js:1075:34)\n    at Mongoose.connect (C:\\Users\\kusha\\OneDrive\\Desktop\\WebDevelopment\\PROJECTs\\NeuralShop\\backend\\node_modules\\mongoose\\lib\\mongoose.js:450:15)\n    at connectDB (file:///C:/Users/kusha/OneDrive/Desktop/WebDevelopment/PROJECTs/NeuralShop/backend/src/config/db.js:8:20)\n    at file:///C:/Users/kusha/OneDrive/Desktop/WebDevelopment/PROJECTs/NeuralShop/backend/src/app.js:43:1\n    at ModuleJob.run (node:internal/modules/esm/module_job:430:25)\n    at process.processTicksAndRejections (node:internal/process/task_queues:103:5)\n    at async onImport.tracePromise.__proto__ (node:internal/modules/esm/loader:661:26)\n    at async asyncRunEntryPointWithESMLoader (node:internal/modules/run_main:101:5)","timestamp":"2026-03-24 02:08:42.137","url":"missing"}
{"environment":"development","level":"info","message":"🚀 Server is running on port 6000","port":6000,"service":"neural-shop-backend","timestamp":"2026-03-24 02:08:42.141"}
{"category":"database","level":"info","message":"🗄️  MongoDB not configured","service":"neural-shop-backend","timestamp":"2026-03-24 02:08:42.144"}
{"level":"info","message":"Database URL null","service":"neural-shop-backend","timestamp":"2026-03-24 02:08:42.138"}
{"level":"error","message":"Failed to connect to MongoDB: The `uri` parameter to `openUri()` must be a string, got \"object\". Make sure the first parameter to `mongoose.connect()` or `mongoose.createConnection()` is a string.","service":"neural-shop-backend","stack":"MongooseError: The `uri` parameter to `openUri()` must be a string, got \"object\". Make sure the first parameter to `mongoose.connect()` or `mongoose.createConnection()` is a string.\n    at NativeConnection.createClient (C:\\Users\\kusha\\OneDrive\\Desktop\\WebDevelopment\\PROJECTs\\NeuralShop\\backend\\node_modules\\mongoose\\lib\\drivers\\node-mongodb-native\\connection.js:237:11)\n    at NativeConnection.openUri (C:\\Users\\kusha\\OneDrive\\Desktop\\WebDevelopment\\PROJECTs\\NeuralShop\\backend\\node_modules\\mongoose\\lib\\connection.js:1075:34)\n    at Mongoose.connect (C:\\Users\\kusha\\OneDrive\\Desktop\\WebDevelopment\\PROJECTs\\NeuralShop\\backend\\node_modules\\mongoose\\lib\\mongoose.js:450:15)\n    at connectDB (file:///C:/Users/kusha/OneDrive/Desktop/WebDevelopment/PROJECTs/NeuralShop/backend/src/config/db.js:8:20)\n    at file:///C:/Users/kusha/OneDrive/Desktop/WebDevelopment/PROJECTs/NeuralShop/backend/src/app.js:43:1\n    at ModuleJob.run (node:internal/modules/esm/module_job:430:25)\n    at process.processTicksAndRejections (node:internal/process/task_queues:103:5)\n    at async onImport.tracePromise.__proto__ (node:internal/modules/esm/loader:661:26)\n    at async asyncRunEntryPointWithESMLoader (node:internal/modules/run_main:101:5)","timestamp":"2026-03-24 02:08:42.156","url":"missing"}
{"environment":"development","level":"info","message":"🚀 Server is running on port 6000","port":6000,"service":"neural-shop-backend","timestamp":"2026-03-24 02:08:42.165"}
{"category":"database","level":"info","message":"🗄️  MongoDB not configured","service":"neural-shop-backend","timestamp":"2026-03-24 02:08:42.167"}
{"level":"info","message":"Database URL null","service":"neural-shop-backend","timestamp":"2026-03-24 02:08:42.425"}
{"level":"error","message":"Failed to connect to MongoDB: The `uri` parameter to `openUri()` must be a string, got \"object\". Make sure the first parameter to `mongoose.connect()` or `mongoose.createConnection()` is a string.","service":"neural-shop-backend","stack":"MongooseError: The `uri` parameter to `openUri()` must be a string, got \"object\". Make sure the first parameter to `mongoose.connect()` or `mongoose.createConnection()` is a string.\n    at NativeConnection.createClient (C:\\Users\\kusha\\OneDrive\\Desktop\\WebDevelopment\\PROJECTs\\NeuralShop\\backend\\node_modules\\mongoose\\lib\\drivers\\node-mongodb-native\\connection.js:237:11)\n    at NativeConnection.openUri (C:\\Users\\kusha\\OneDrive\\Desktop\\WebDevelopment\\PROJECTs\\NeuralShop\\backend\\node_modules\\mongoose\\lib\\connection.js:1075:34)\n    at Mongoose.connect (C:\\Users\\kusha\\OneDrive\\Desktop\\WebDevelopment\\PROJECTs\\NeuralShop\\backend\\node_modules\\mongoose\\lib\\mongoose.js:450:15)\n    at connectDB (file:///C:/Users/kusha/OneDrive/Desktop/WebDevelopment/PROJECTs/NeuralShop/backend/src/config/db.js:8:20)\n    at file:///C:/Users/kusha/OneDrive/Desktop/WebDevelopment/PROJECTs/NeuralShop/backend/src/app.js:43:1\n    at ModuleJob.run (node:internal/modules/esm/module_job:430:25)\n    at process.processTicksAndRejections (node:internal/process/task_queues:103:5)\n    at async onImport.tracePromise.__proto__ (node:internal/modules/esm/loader:661:26)\n    at async asyncRunEntryPointWithESMLoader (node:internal/modules/run_main:101:5)","timestamp":"2026-03-24 02:08:42.435","url":"missing"}
{"environment":"development","level":"info","message":"🚀 Server is running on port 6000","port":6000,"service":"neural-shop-backend","timestamp":"2026-03-24 02:08:42.439"}
{"category":"database","level":"info","message":"🗄️  MongoDB not configured","service":"neural-shop-backend","timestamp":"2026-03-24 02:08:42.440"}
{"level":"info","message":"Database URL null","service":"neural-shop-backend","timestamp":"2026-03-24 02:08:46.469"}
{"level":"info","message":"Database URL null","service":"neural-shop-backend","timestamp":"2026-03-24 02:08:46.468"}
{"level":"error","message":"Failed to connect to MongoDB: The `uri` parameter to `openUri()` must be a string, got \"object\". Make sure the first parameter to `mongoose.connect()` or `mongoose.createConnection()` is a string.","service":"neural-shop-backend","stack":"MongooseError: The `uri` parameter to `openUri()` must be a string, got \"object\". Make sure the first parameter to `mongoose.connect()` or `mongoose.createConnection()` is a string.\n    at NativeConnection.createClient (C:\\Users\\kusha\\OneDrive\\Desktop\\WebDevelopment\\PROJECTs\\NeuralShop\\backend\\node_modules\\mongoose\\lib\\drivers\\node-mongodb-native\\connection.js:237:11)\n    at NativeConnection.openUri (C:\\Users\\kusha\\OneDrive\\Desktop\\WebDevelopment\\PROJECTs\\NeuralShop\\backend\\node_modules\\mongoose\\lib\\connection.js:1075:34)\n    at Mongoose.connect (C:\\Users\\kusha\\OneDrive\\Desktop\\WebDevelopment\\PROJECTs\\NeuralShop\\backend\\node_modules\\mongoose\\lib\\mongoose.js:450:15)\n    at connectDB (file:///C:/Users/kusha/OneDrive/Desktop/WebDevelopment/PROJECTs/NeuralShop/backend/src/config/db.js:8:20)\n    at file:///C:/Users/kusha/OneDrive/Desktop/WebDevelopment/PROJECTs/NeuralShop/backend/src/app.js:43:1\n    at ModuleJob.run (node:internal/modules/esm/module_job:430:25)\n    at process.processTicksAndRejections (node:internal/process/task_queues:103:5)\n    at async onImport.tracePromise.__proto__ (node:internal/modules/esm/loader:661:26)\n    at async asyncRunEntryPointWithESMLoader (node:internal/modules/run_main:101:5)","timestamp":"2026-03-24 02:08:46.481","url":"missing"}
{"environment":"development","level":"info","message":"🚀 Server is running on port 6000","port":6000,"service":"neural-shop-backend","timestamp":"2026-03-24 02:08:46.485"}
{"category":"database","level":"info","message":"🗄️  MongoDB not configured","service":"neural-shop-backend","timestamp":"2026-03-24 02:08:46.487"}
{"level":"error","message":"Failed to connect to MongoDB: The `uri` parameter to `openUri()` must be a string, got \"object\". Make sure the first parameter to `mongoose.connect()` or `mongoose.createConnection()` is a string.","service":"neural-shop-backend","stack":"MongooseError: The `uri` parameter to `openUri()` must be a string, got \"object\". Make sure the first parameter to `mongoose.connect()` or `mongoose.createConnection()` is a string.\n    at NativeConnection.createClient (C:\\Users\\kusha\\OneDrive\\Desktop\\WebDevelopment\\PROJECTs\\NeuralShop\\backend\\node_modules\\mongoose\\lib\\drivers\\node-mongodb-native\\connection.js:237:11)\n    at NativeConnection.openUri (C:\\Users\\kusha\\OneDrive\\Desktop\\WebDevelopment\\PROJECTs\\NeuralShop\\backend\\node_modules\\mongoose\\lib\\connection.js:1075:34)\n    at Mongoose.connect (C:\\Users\\kusha\\OneDrive\\Desktop\\WebDevelopment\\PROJECTs\\NeuralShop\\backend\\node_modules\\mongoose\\lib\\mongoose.js:450:15)\n    at connectDB (file:///C:/Users/kusha/OneDrive/Desktop/WebDevelopment/PROJECTs/NeuralShop/backend/src/config/db.js:8:20)\n    at file:///C:/Users/kusha/OneDrive/Desktop/WebDevelopment/PROJECTs/NeuralShop/backend/src/app.js:43:1\n    at ModuleJob.run (node:internal/modules/esm/module_job:430:25)\n    at process.processTicksAndRejections (node:internal/process/task_queues:103:5)\n    at async onImport.tracePromise.__proto__ (node:internal/modules/esm/loader:661:26)\n    at async asyncRunEntryPointWithESMLoader (node:internal/modules/run_main:101:5)","timestamp":"2026-03-24 02:08:46.481","url":"missing"}
{"environment":"development","level":"info","message":"🚀 Server is running on port 6000","port":6000,"service":"neural-shop-backend","timestamp":"2026-03-24 02:08:46.484"}
{"category":"database","level":"info","message":"🗄️  MongoDB not configured","service":"neural-shop-backend","timestamp":"2026-03-24 02:08:46.487"}
{"level":"info","message":"Database URL null","service":"neural-shop-backend","timestamp":"2026-03-24 02:08:46.514"}
{"level":"error","message":"Failed to connect to MongoDB: The `uri` parameter to `openUri()` must be a string, got \"object\". Make sure the first parameter to `mongoose.connect()` or `mongoose.createConnection()` is a string.","service":"neural-shop-backend","stack":"MongooseError: The `uri` parameter to `openUri()` must be a string, got \"object\". Make sure the first parameter to `mongoose.connect()` or `mongoose.createConnection()` is a string.\n    at NativeConnection.createClient (C:\\Users\\kusha\\OneDrive\\Desktop\\WebDevelopment\\PROJECTs\\NeuralShop\\backend\\node_modules\\mongoose\\lib\\drivers\\node-mongodb-native\\connection.js:237:11)\n    at NativeConnection.openUri (C:\\Users\\kusha\\OneDrive\\Desktop\\WebDevelopment\\PROJECTs\\NeuralShop\\backend\\node_modules\\mongoose\\lib\\connection.js:1075:34)\n    at Mongoose.connect (C:\\Users\\kusha\\OneDrive\\Desktop\\WebDevelopment\\PROJECTs\\NeuralShop\\backend\\node_modules\\mongoose\\lib\\mongoose.js:450:15)\n    at connectDB (file:///C:/Users/kusha/OneDrive/Desktop/WebDevelopment/PROJECTs/NeuralShop/backend/src/config/db.js:8:20)\n    at file:///C:/Users/kusha/OneDrive/Desktop/WebDevelopment/PROJECTs/NeuralShop/backend/src/app.js:43:1\n    at ModuleJob.run (node:internal/modules/esm/module_job:430:25)\n    at process.processTicksAndRejections (node:internal/process/task_queues:103:5)\n    at async onImport.tracePromise.__proto__ (node:internal/modules/esm/loader:661:26)\n    at async asyncRunEntryPointWithESMLoader (node:internal/modules/run_main:101:5)","timestamp":"2026-03-24 02:08:46.526","url":"missing"}
{"environment":"development","level":"info","message":"🚀 Server is running on port 6000","port":6000,"service":"neural-shop-backend","timestamp":"2026-03-24 02:08:46.531"}
{"category":"database","level":"info","message":"🗄️  MongoDB not configured","service":"neural-shop-backend","timestamp":"2026-03-24 02:08:46.532"}
{"level":"info","message":"Database URL null","service":"neural-shop-backend","timestamp":"2026-03-24 02:09:00.823"}
{"level":"error","message":"Failed to connect to MongoDB: The `uri` parameter to `openUri()` must be a string, got \"object\". Make sure the first parameter to `mongoose.connect()` or `mongoose.createConnection()` is a string.","service":"neural-shop-backend","stack":"MongooseError: The `uri` parameter to `openUri()` must be a string, got \"object\". Make sure the first parameter to `mongoose.connect()` or `mongoose.createConnection()` is a string.\n    at NativeConnection.createClient (C:\\Users\\kusha\\OneDrive\\Desktop\\WebDevelopment\\PROJECTs\\NeuralShop\\backend\\node_modules\\mongoose\\lib\\drivers\\node-mongodb-native\\connection.js:237:11)\n    at NativeConnection.openUri (C:\\Users\\kusha\\OneDrive\\Desktop\\WebDevelopment\\PROJECTs\\NeuralShop\\backend\\node_modules\\mongoose\\lib\\connection.js:1075:34)\n    at Mongoose.connect (C:\\Users\\kusha\\OneDrive\\Desktop\\WebDevelopment\\PROJECTs\\NeuralShop\\backend\\node_modules\\mongoose\\lib\\mongoose.js:450:15)\n    at connectDB (file:///C:/Users/kusha/OneDrive/Desktop/WebDevelopment/PROJECTs/NeuralShop/backend/src/config/db.js:8:20)\n    at file:///C:/Users/kusha/OneDrive/Desktop/WebDevelopment/PROJECTs/NeuralShop/backend/src/app.js:43:1\n    at ModuleJob.run (node:internal/modules/esm/module_job:430:25)\n    at process.processTicksAndRejections (node:internal/process/task_queues:103:5)\n    at async onImport.tracePromise.__proto__ (node:internal/modules/esm/loader:661:26)\n    at async asyncRunEntryPointWithESMLoader (node:internal/modules/run_main:101:5)","timestamp":"2026-03-24 02:09:00.836","url":"missing"}
{"environment":"development","level":"info","message":"🚀 Server is running on port 6000","port":6000,"service":"neural-shop-backend","timestamp":"2026-03-24 02:09:00.843"}
{"category":"database","level":"info","message":"🗄️  MongoDB not configured","service":"neural-shop-backend","timestamp":"2026-03-24 02:09:00.845"}
{"level":"info","message":"Database URL null","service":"neural-shop-backend","timestamp":"2026-03-24 02:09:47.818"}
{"level":"error","message":"Failed to connect to MongoDB: The `uri` parameter to `openUri()` must be a string, got \"object\". Make sure the first parameter to `mongoose.connect()` or `mongoose.createConnection()` is a string.","service":"neural-shop-backend","stack":"MongooseError: The `uri` parameter to `openUri()` must be a string, got \"object\". Make sure the first parameter to `mongoose.connect()` or `mongoose.createConnection()` is a string.\n    at NativeConnection.createClient (C:\\Users\\kusha\\OneDrive\\Desktop\\WebDevelopment\\PROJECTs\\NeuralShop\\backend\\node_modules\\mongoose\\lib\\drivers\\node-mongodb-native\\connection.js:237:11)\n    at NativeConnection.openUri (C:\\Users\\kusha\\OneDrive\\Desktop\\WebDevelopment\\PROJECTs\\NeuralShop\\backend\\node_modules\\mongoose\\lib\\connection.js:1075:34)\n    at Mongoose.connect (C:\\Users\\kusha\\OneDrive\\Desktop\\WebDevelopment\\PROJECTs\\NeuralShop\\backend\\node_modules\\mongoose\\lib\\mongoose.js:450:15)\n    at connectDB (file:///C:/Users/kusha/OneDrive/Desktop/WebDevelopment/PROJECTs/NeuralShop/backend/src/config/db.js:8:20)\n    at file:///C:/Users/kusha/OneDrive/Desktop/WebDevelopment/PROJECTs/NeuralShop/backend/src/app.js:43:1\n    at ModuleJob.run (node:internal/modules/esm/module_job:430:25)\n    at process.processTicksAndRejections (node:internal/process/task_queues:103:5)\n    at async onImport.tracePromise.__proto__ (node:internal/modules/esm/loader:661:26)\n    at async asyncRunEntryPointWithESMLoader (node:internal/modules/run_main:101:5)","timestamp":"2026-03-24 02:09:47.833","url":"missing"}
{"environment":"development","level":"info","message":"🚀 Server is running on port 6000","port":6000,"service":"neural-shop-backend","timestamp":"2026-03-24 02:09:47.838"}
{"category":"database","level":"info","message":"🗄️  MongoDB not configured","service":"neural-shop-backend","timestamp":"2026-03-24 02:09:47.841"}
{"level":"info","message":"Database URL null","service":"neural-shop-backend","timestamp":"2026-03-24 02:09:47.829"}
{"level":"error","message":"Failed to connect to MongoDB: The `uri` parameter to `openUri()` must be a string, got \"object\". Make sure the first parameter to `mongoose.connect()` or `mongoose.createConnection()` is a string.","service":"neural-shop-backend","stack":"MongooseError: The `uri` parameter to `openUri()` must be a string, got \"object\". Make sure the first parameter to `mongoose.connect()` or `mongoose.createConnection()` is a string.\n    at NativeConnection.createClient (C:\\Users\\kusha\\OneDrive\\Desktop\\WebDevelopment\\PROJECTs\\NeuralShop\\backend\\node_modules\\mongoose\\lib\\drivers\\node-mongodb-native\\connection.js:237:11)\n    at NativeConnection.openUri (C:\\Users\\kusha\\OneDrive\\Desktop\\WebDevelopment\\PROJECTs\\NeuralShop\\backend\\node_modules\\mongoose\\lib\\connection.js:1075:34)\n    at Mongoose.connect (C:\\Users\\kusha\\OneDrive\\Desktop\\WebDevelopment\\PROJECTs\\NeuralShop\\backend\\node_modules\\mongoose\\lib\\mongoose.js:450:15)\n    at connectDB (file:///C:/Users/kusha/OneDrive/Desktop/WebDevelopment/PROJECTs/NeuralShop/backend/src/config/db.js:8:20)\n    at file:///C:/Users/kusha/OneDrive/Desktop/WebDevelopment/PROJECTs/NeuralShop/backend/src/app.js:43:1\n    at ModuleJob.run (node:internal/modules/esm/module_job:430:25)\n    at process.processTicksAndRejections (node:internal/process/task_queues:103:5)\n    at async onImport.tracePromise.__proto__ (node:internal/modules/esm/loader:661:26)\n    at async asyncRunEntryPointWithESMLoader (node:internal/modules/run_main:101:5)","timestamp":"2026-03-24 02:09:47.844","url":"missing"}
{"environment":"development","level":"info","message":"🚀 Server is running on port 6000","port":6000,"service":"neural-shop-backend","timestamp":"2026-03-24 02:09:47.852"}
{"category":"database","level":"info","message":"🗄️  MongoDB not configured","service":"neural-shop-backend","timestamp":"2026-03-24 02:09:47.856"}
{"level":"info","message":"Database URL null","service":"neural-shop-backend","timestamp":"2026-03-24 02:09:47.861"}
{"level":"error","message":"Failed to connect to MongoDB: The `uri` parameter to `openUri()` must be a string, got \"object\". Make sure the first parameter to `mongoose.connect()` or `mongoose.createConnection()` is a string.","service":"neural-shop-backend","stack":"MongooseError: The `uri` parameter to `openUri()` must be a string, got \"object\". Make sure the first parameter to `mongoose.connect()` or `mongoose.createConnection()` is a string.\n    at NativeConnection.createClient (C:\\Users\\kusha\\OneDrive\\Desktop\\WebDevelopment\\PROJECTs\\NeuralShop\\backend\\node_modules\\mongoose\\lib\\drivers\\node-mongodb-native\\connection.js:237:11)\n    at NativeConnection.openUri (C:\\Users\\kusha\\OneDrive\\Desktop\\WebDevelopment\\PROJECTs\\NeuralShop\\backend\\node_modules\\mongoose\\lib\\connection.js:1075:34)\n    at Mongoose.connect (C:\\Users\\kusha\\OneDrive\\Desktop\\WebDevelopment\\PROJECTs\\NeuralShop\\backend\\node_modules\\mongoose\\lib\\mongoose.js:450:15)\n    at connectDB (file:///C:/Users/kusha/OneDrive/Desktop/WebDevelopment/PROJECTs/NeuralShop/backend/src/config/db.js:8:20)\n    at file:///C:/Users/kusha/OneDrive/Desktop/WebDevelopment/PROJECTs/NeuralShop/backend/src/app.js:43:1\n    at ModuleJob.run (node:internal/modules/esm/module_job:430:25)\n    at process.processTicksAndRejections (node:internal/process/task_queues:103:5)\n    at async onImport.tracePromise.__proto__ (node:internal/modules/esm/loader:661:26)\n    at async asyncRunEntryPointWithESMLoader (node:internal/modules/run_main:101:5)","timestamp":"2026-03-24 02:09:47.879","url":"missing"}
{"environment":"development","level":"info","message":"🚀 Server is running on port 6000","port":6000,"service":"neural-shop-backend","timestamp":"2026-03-24 02:09:47.884"}
{"category":"database","level":"info","message":"🗄️  MongoDB not configured","service":"neural-shop-backend","timestamp":"2026-03-24 02:09:47.885"}
{"level":"info","message":"Database URL null","service":"neural-shop-backend","timestamp":"2026-03-24 02:09:48.168"}
{"level":"error","message":"Failed to connect to MongoDB: The `uri` parameter to `openUri()` must be a string, got \"object\". Make sure the first parameter to `mongoose.connect()` or `mongoose.createConnection()` is a string.","service":"neural-shop-backend","stack":"MongooseError: The `uri` parameter to `openUri()` must be a string, got \"object\". Make sure the first parameter to `mongoose.connect()` or `mongoose.createConnection()` is a string.\n    at NativeConnection.createClient (C:\\Users\\kusha\\OneDrive\\Desktop\\WebDevelopment\\PROJECTs\\NeuralShop\\backend\\node_modules\\mongoose\\lib\\drivers\\node-mongodb-native\\connection.js:237:11)\n    at NativeConnection.openUri (C:\\Users\\kusha\\OneDrive\\Desktop\\WebDevelopment\\PROJECTs\\NeuralShop\\backend\\node_modules\\mongoose\\lib\\connection.js:1075:34)\n    at Mongoose.connect (C:\\Users\\kusha\\OneDrive\\Desktop\\WebDevelopment\\PROJECTs\\NeuralShop\\backend\\node_modules\\mongoose\\lib\\mongoose.js:450:15)\n    at connectDB (file:///C:/Users/kusha/OneDrive/Desktop/WebDevelopment/PROJECTs/NeuralShop/backend/src/config/db.js:8:20)\n    at file:///C:/Users/kusha/OneDrive/Desktop/WebDevelopment/PROJECTs/NeuralShop/backend/src/app.js:43:1\n    at ModuleJob.run (node:internal/modules/esm/module_job:430:25)\n    at process.processTicksAndRejections (node:internal/process/task_queues:103:5)\n    at async onImport.tracePromise.__proto__ (node:internal/modules/esm/loader:661:26)\n    at async asyncRunEntryPointWithESMLoader (node:internal/modules/run_main:101:5)","timestamp":"2026-03-24 02:09:48.181","url":"missing"}
{"environment":"development","level":"info","message":"🚀 Server is running on port 6000","port":6000,"service":"neural-shop-backend","timestamp":"2026-03-24 02:09:48.187"}
{"category":"database","level":"info","message":"🗄️  MongoDB not configured","service":"neural-shop-backend","timestamp":"2026-03-24 02:09:48.189"}
{"level":"info","message":"Database URL null","service":"neural-shop-backend","timestamp":"2026-03-24 02:09:59.002"}
{"level":"info","message":"Database URL null","service":"neural-shop-backend","timestamp":"2026-03-24 02:09:59.003"}
{"level":"error","message":"Failed to connect to MongoDB: The `uri` parameter to `openUri()` must be a string, got \"object\". Make sure the first parameter to `mongoose.connect()` or `mongoose.createConnection()` is a string.","service":"neural-shop-backend","stack":"MongooseError: The `uri` parameter to `openUri()` must be a string, got \"object\". Make sure the first parameter to `mongoose.connect()` or `mongoose.createConnection()` is a string.\n    at NativeConnection.createClient (C:\\Users\\kusha\\OneDrive\\Desktop\\WebDevelopment\\PROJECTs\\NeuralShop\\backend\\node_modules\\mongoose\\lib\\drivers\\node-mongodb-native\\connection.js:237:11)\n    at NativeConnection.openUri (C:\\Users\\kusha\\OneDrive\\Desktop\\WebDevelopment\\PROJECTs\\NeuralShop\\backend\\node_modules\\mongoose\\lib\\connection.js:1075:34)\n    at Mongoose.connect (C:\\Users\\kusha\\OneDrive\\Desktop\\WebDevelopment\\PROJECTs\\NeuralShop\\backend\\node_modules\\mongoose\\lib\\mongoose.js:450:15)\n    at connectDB (file:///C:/Users/kusha/OneDrive/Desktop/WebDevelopment/PROJECTs/NeuralShop/backend/src/config/db.js:8:20)\n    at file:///C:/Users/kusha/OneDrive/Desktop/WebDevelopment/PROJECTs/NeuralShop/backend/src/app.js:43:1\n    at ModuleJob.run (node:internal/modules/esm/module_job:430:25)\n    at process.processTicksAndRejections (node:internal/process/task_queues:103:5)\n    at async onImport.tracePromise.__proto__ (node:internal/modules/esm/loader:661:26)\n    at async asyncRunEntryPointWithESMLoader (node:internal/modules/run_main:101:5)","timestamp":"2026-03-24 02:09:59.014","url":"missing"}
{"environment":"development","level":"info","message":"🚀 Server is running on port 6000","port":6000,"service":"neural-shop-backend","timestamp":"2026-03-24 02:09:59.019"}
{"category":"database","level":"info","message":"🗄️  MongoDB not configured","service":"neural-shop-backend","timestamp":"2026-03-24 02:09:59.021"}
{"level":"error","message":"Failed to connect to MongoDB: The `uri` parameter to `openUri()` must be a string, got \"object\". Make sure the first parameter to `mongoose.connect()` or `mongoose.createConnection()` is a string.","service":"neural-shop-backend","stack":"MongooseError: The `uri` parameter to `openUri()` must be a string, got \"object\". Make sure the first parameter to `mongoose.connect()` or `mongoose.createConnection()` is a string.\n    at NativeConnection.createClient (C:\\Users\\kusha\\OneDrive\\Desktop\\WebDevelopment\\PROJECTs\\NeuralShop\\backend\\node_modules\\mongoose\\lib\\drivers\\node-mongodb-native\\connection.js:237:11)\n    at NativeConnection.openUri (C:\\Users\\kusha\\OneDrive\\Desktop\\WebDevelopment\\PROJECTs\\NeuralShop\\backend\\node_modules\\mongoose\\lib\\connection.js:1075:34)\n    at Mongoose.connect (C:\\Users\\kusha\\OneDrive\\Desktop\\WebDevelopment\\PROJECTs\\NeuralShop\\backend\\node_modules\\mongoose\\lib\\mongoose.js:450:15)\n    at connectDB (file:///C:/Users/kusha/OneDrive/Desktop/WebDevelopment/PROJECTs/NeuralShop/backend/src/config/db.js:8:20)\n    at file:///C:/Users/kusha/OneDrive/Desktop/WebDevelopment/PROJECTs/NeuralShop/backend/src/app.js:43:1\n    at ModuleJob.run (node:internal/modules/esm/module_job:430:25)\n    at process.processTicksAndRejections (node:internal/process/task_queues:103:5)\n    at async onImport.tracePromise.__proto__ (node:internal/modules/esm/loader:661:26)\n    at async asyncRunEntryPointWithESMLoader (node:internal/modules/run_main:101:5)","timestamp":"2026-03-24 02:09:59.016","url":"missing"}
{"environment":"development","level":"info","message":"🚀 Server is running on port 6000","port":6000,"service":"neural-shop-backend","timestamp":"2026-03-24 02:09:59.021"}
{"category":"database","level":"info","message":"🗄️  MongoDB not configured","service":"neural-shop-backend","timestamp":"2026-03-24 02:09:59.023"}
{"level":"info","message":"Database URL null","service":"neural-shop-backend","timestamp":"2026-03-24 02:09:59.044"}
{"level":"error","message":"Failed to connect to MongoDB: The `uri` parameter to `openUri()` must be a string, got \"object\". Make sure the first parameter to `mongoose.connect()` or `mongoose.createConnection()` is a string.","service":"neural-shop-backend","stack":"MongooseError: The `uri` parameter to `openUri()` must be a string, got \"object\". Make sure the first parameter to `mongoose.connect()` or `mongoose.createConnection()` is a string.\n    at NativeConnection.createClient (C:\\Users\\kusha\\OneDrive\\Desktop\\WebDevelopment\\PROJECTs\\NeuralShop\\backend\\node_modules\\mongoose\\lib\\drivers\\node-mongodb-native\\connection.js:237:11)\n    at NativeConnection.openUri (C:\\Users\\kusha\\OneDrive\\Desktop\\WebDevelopment\\PROJECTs\\NeuralShop\\backend\\node_modules\\mongoose\\lib\\connection.js:1075:34)\n    at Mongoose.connect (C:\\Users\\kusha\\OneDrive\\Desktop\\WebDevelopment\\PROJECTs\\NeuralShop\\backend\\node_modules\\mongoose\\lib\\mongoose.js:450:15)\n    at connectDB (file:///C:/Users/kusha/OneDrive/Desktop/WebDevelopment/PROJECTs/NeuralShop/backend/src/config/db.js:8:20)\n    at file:///C:/Users/kusha/OneDrive/Desktop/WebDevelopment/PROJECTs/NeuralShop/backend/src/app.js:43:1\n    at ModuleJob.run (node:internal/modules/esm/module_job:430:25)\n    at process.processTicksAndRejections (node:internal/process/task_queues:103:5)\n    at async onImport.tracePromise.__proto__ (node:internal/modules/esm/loader:661:26)\n    at async asyncRunEntryPointWithESMLoader (node:internal/modules/run_main:101:5)","timestamp":"2026-03-24 02:09:59.057","url":"missing"}
{"environment":"development","level":"info","message":"🚀 Server is running on port 6000","port":6000,"service":"neural-shop-backend","timestamp":"2026-03-24 02:09:59.061"}
{"category":"database","level":"info","message":"🗄️  MongoDB not configured","service":"neural-shop-backend","timestamp":"2026-03-24 02:09:59.063"}
{"level":"info","message":"Database URL null","service":"neural-shop-backend","timestamp":"2026-03-24 02:09:59.258"}
{"level":"error","message":"Failed to connect to MongoDB: The `uri` parameter to `openUri()` must be a string, got \"object\". Make sure the first parameter to `mongoose.connect()` or `mongoose.createConnection()` is a string.","service":"neural-shop-backend","stack":"MongooseError: The `uri` parameter to `openUri()` must be a string, got \"object\". Make sure the first parameter to `mongoose.connect()` or `mongoose.createConnection()` is a string.\n    at NativeConnection.createClient (C:\\Users\\kusha\\OneDrive\\Desktop\\WebDevelopment\\PROJECTs\\NeuralShop\\backend\\node_modules\\mongoose\\lib\\drivers\\node-mongodb-native\\connection.js:237:11)\n    at NativeConnection.openUri (C:\\Users\\kusha\\OneDrive\\Desktop\\WebDevelopment\\PROJECTs\\NeuralShop\\backend\\node_modules\\mongoose\\lib\\connection.js:1075:34)\n    at Mongoose.connect (C:\\Users\\kusha\\OneDrive\\Desktop\\WebDevelopment\\PROJECTs\\NeuralShop\\backend\\node_modules\\mongoose\\lib\\mongoose.js:450:15)\n    at connectDB (file:///C:/Users/kusha/OneDrive/Desktop/WebDevelopment/PROJECTs/NeuralShop/backend/src/config/db.js:8:20)\n    at file:///C:/Users/kusha/OneDrive/Desktop/WebDevelopment/PROJECTs/NeuralShop/backend/src/app.js:43:1\n    at ModuleJob.run (node:internal/modules/esm/module_job:430:25)\n    at process.processTicksAndRejections (node:internal/process/task_queues:103:5)\n    at async onImport.tracePromise.__proto__ (node:internal/modules/esm/loader:661:26)\n    at async asyncRunEntryPointWithESMLoader (node:internal/modules/run_main:101:5)","timestamp":"2026-03-24 02:09:59.270","url":"missing"}
{"environment":"development","level":"info","message":"🚀 Server is running on port 6000","port":6000,"service":"neural-shop-backend","timestamp":"2026-03-24 02:09:59.273"}
{"category":"database","level":"info","message":"🗄️  MongoDB not configured","service":"neural-shop-backend","timestamp":"2026-03-24 02:09:59.275"}
{"level":"info","message":"Database URL mongodb://admin:admin@localhost:27017/neural_shop?authSource=admin","service":"neural-shop-backend","timestamp":"2026-03-24 02:10:03.291"}
{"level":"info","message":"Database URL mongodb://admin:admin@localhost:27017/neural_shop?authSource=admin","service":"neural-shop-backend","timestamp":"2026-03-24 02:10:03.286"}
{"level":"info","message":"Database URL mongodb://admin:admin@localhost:27017/neural_shop?authSource=admin","service":"neural-shop-backend","timestamp":"2026-03-24 02:10:03.292"}
{"environment":"production","level":"info","message":"🚀 Server is running on port 8000","port":8000,"service":"neural-shop-backend","timestamp":"2026-03-24 02:10:03.359"}
{"category":"database","level":"info","message":"🗄️  MongoDB connected","service":"neural-shop-backend","timestamp":"2026-03-24 02:10:03.360"}
{"environment":"production","level":"info","message":"🚀 Server is running on port 8000","port":8000,"service":"neural-shop-backend","timestamp":"2026-03-24 02:10:03.364"}
{"category":"database","level":"info","message":"🗄️  MongoDB connected","service":"neural-shop-backend","timestamp":"2026-03-24 02:10:03.365"}
{"environment":"production","level":"info","message":"🚀 Server is running on port 8000","port":8000,"service":"neural-shop-backend","timestamp":"2026-03-24 02:10:03.367"}
{"category":"database","level":"info","message":"🗄️  MongoDB connected","service":"neural-shop-backend","timestamp":"2026-03-24 02:10:03.383"}
{"level":"info","message":"Database URL mongodb://admin:admin@localhost:27017/neural_shop?authSource=admin","service":"neural-shop-backend","timestamp":"2026-03-24 02:10:03.288"}
{"environment":"production","level":"info","message":"🚀 Server is running on port 8000","port":8000,"service":"neural-shop-backend","timestamp":"2026-03-24 02:10:03.368"}
{"category":"database","level":"info","message":"🗄️  MongoDB connected","service":"neural-shop-backend","timestamp":"2026-03-24 02:10:03.384"}
{"category":"database","host":"localhost:27017","level":"info","message":"🗄️  Connected successfully","service":"neural-shop-backend","timestamp":"2026-03-24 02:10:03.479"}
{"category":"database","host":"localhost:27017","level":"info","message":"🗄️  Connected successfully","service":"neural-shop-backend","timestamp":"2026-03-24 02:10:03.480"}
{"category":"database","host":"localhost:27017","level":"info","message":"🗄️  Connected successfully","service":"neural-shop-backend","timestamp":"2026-03-24 02:10:03.476"}
{"category":"database","host":"localhost:27017","level":"info","message":"🗄️  Connected successfully","service":"neural-shop-backend","timestamp":"2026-03-24 02:10:03.533"}
{"level":"info","message":"Database URL mongodb://admin:admin@localhost:27017/neural_shop?authSource=admin","service":"neural-shop-backend","timestamp":"2026-03-24 02:10:21.477"}
{"level":"info","message":"Database URL mongodb://admin:admin@localhost:27017/neural_shop?authSource=admin","service":"neural-shop-backend","timestamp":"2026-03-24 02:10:21.473"}
{"environment":"production","level":"info","message":"🚀 Server is running on port 8000","port":8000,"service":"neural-shop-backend","timestamp":"2026-03-24 02:10:21.521"}
{"category":"database","level":"info","message":"🗄️  MongoDB connected","service":"neural-shop-backend","timestamp":"2026-03-24 02:10:21.523"}
{"environment":"production","level":"info","message":"🚀 Server is running on port 8000","port":8000,"service":"neural-shop-backend","timestamp":"2026-03-24 02:10:21.523"}
{"category":"database","level":"info","message":"🗄️  MongoDB connected","service":"neural-shop-backend","timestamp":"2026-03-24 02:10:21.525"}
{"level":"info","message":"Database URL mongodb://admin:admin@localhost:27017/neural_shop?authSource=admin","service":"neural-shop-backend","timestamp":"2026-03-24 02:10:21.490"}
{"environment":"production","level":"info","message":"🚀 Server is running on port 8000","port":8000,"service":"neural-shop-backend","timestamp":"2026-03-24 02:10:21.551"}
{"category":"database","level":"info","message":"🗄️  MongoDB connected","service":"neural-shop-backend","timestamp":"2026-03-24 02:10:21.554"}
{"level":"info","message":"Database URL mongodb://admin:admin@localhost:27017/neural_shop?authSource=admin","service":"neural-shop-backend","timestamp":"2026-03-24 02:10:21.500"}
{"category":"database","host":"localhost:27017","level":"info","message":"🗄️  Connected successfully","service":"neural-shop-backend","timestamp":"2026-03-24 02:10:21.604"}
{"environment":"production","level":"info","message":"🚀 Server is running on port 8000","port":8000,"service":"neural-shop-backend","timestamp":"2026-03-24 02:10:21.578"}
{"category":"database","level":"info","message":"🗄️  MongoDB connected","service":"neural-shop-backend","timestamp":"2026-03-24 02:10:21.581"}
{"category":"database","host":"localhost:27017","level":"info","message":"🗄️  Connected successfully","service":"neural-shop-backend","timestamp":"2026-03-24 02:10:21.608"}
{"category":"database","host":"localhost:27017","level":"info","message":"🗄️  Connected successfully","service":"neural-shop-backend","timestamp":"2026-03-24 02:10:21.633"}
{"category":"database","host":"localhost:27017","level":"info","message":"🗄️  Connected successfully","service":"neural-shop-backend","timestamp":"2026-03-24 02:10:21.654"}
{"level":"info","message":"Database URL mongodb://admin:admin@localhost:27017/neural_shop?authSource=admin","service":"neural-shop-backend","timestamp":"2026-03-24 02:10:37.293"}
{"environment":"production","level":"info","message":"🚀 Server is running on port 8000","port":8000,"service":"neural-shop-backend","timestamp":"2026-03-24 02:10:37.359"}
{"category":"database","level":"info","message":"🗄️  MongoDB connected","service":"neural-shop-backend","timestamp":"2026-03-24 02:10:37.361"}
{"category":"database","host":"localhost:27017","level":"info","message":"🗄️  Connected successfully","service":"neural-shop-backend","timestamp":"2026-03-24 02:10:37.453"}
{"level":"info","message":"Database URL mongodb://admin:admin@localhost:27017/neural_shop?authSource=admin","service":"neural-shop-backend","timestamp":"2026-03-24 02:11:29.451"}
{"environment":"production","level":"info","message":"🚀 Server is running on port 8000","port":8000,"service":"neural-shop-backend","timestamp":"2026-03-24 02:11:29.492"}
{"category":"database","level":"info","message":"🗄️  MongoDB connected","service":"neural-shop-backend","timestamp":"2026-03-24 02:11:29.495"}
{"level":"info","message":"Database URL mongodb://admin:admin@localhost:27017/neural_shop?authSource=admin","service":"neural-shop-backend","timestamp":"2026-03-24 02:11:29.457"}
{"environment":"production","level":"info","message":"🚀 Server is running on port 8000","port":8000,"service":"neural-shop-backend","timestamp":"2026-03-24 02:11:29.499"}
{"category":"database","level":"info","message":"🗄️  MongoDB connected","service":"neural-shop-backend","timestamp":"2026-03-24 02:11:29.501"}
{"category":"database","host":"localhost:27017","level":"info","message":"🗄️  Connected successfully","service":"neural-shop-backend","timestamp":"2026-03-24 02:11:29.559"}
{"category":"database","host":"localhost:27017","level":"info","message":"🗄️  Connected successfully","service":"neural-shop-backend","timestamp":"2026-03-24 02:11:29.605"}
{"level":"info","message":"Database URL mongodb://admin:admin@localhost:27017/neural_shop?authSource=admin","service":"neural-shop-backend","timestamp":"2026-03-24 02:11:29.539"}
{"environment":"production","level":"info","message":"🚀 Server is running on port 8000","port":8000,"service":"neural-shop-backend","timestamp":"2026-03-24 02:11:29.657"}
{"category":"database","level":"info","message":"🗄️  MongoDB connected","service":"neural-shop-backend","timestamp":"2026-03-24 02:11:29.659"}
{"category":"database","host":"localhost:27017","level":"info","message":"🗄️  Connected successfully","service":"neural-shop-backend","timestamp":"2026-03-24 02:11:29.760"}
{"level":"info","message":"Database URL mongodb://admin:admin@localhost:27017/neural_shop?authSource=admin","service":"neural-shop-backend","timestamp":"2026-03-24 15:50:00.068"}
{"environment":"development","level":"info","message":"🚀 Server is running on port 8000","port":8000,"service":"neural-shop-backend","timestamp":"2026-03-24 15:50:00.121"}
{"category":"database","level":"info","message":"🗄️  MongoDB connected","service":"neural-shop-backend","timestamp":"2026-03-24 15:50:00.122"}
{"category":"database","host":"localhost:27017","level":"info","message":"🗄️  Connected successfully","service":"neural-shop-backend","timestamp":"2026-03-24 15:50:00.199"}
>>>>>>> e46555d8f8e41a1394076e4977938949b8144567
