{"category":"http","ip":"::1","level":"info","message":"→ POST /login [400]","service":"neural-shop-backend","timestamp":"2026-04-03 15:40:53.099","userAgent":"PostmanRuntime/7.53.0"}
{"level":"info","message":"Database URL mongodb://admin:admin@localhost:27017/neural_shop?authSource=admin","service":"neural-shop-backend","timestamp":"2026-04-03 15:41:10.585"}
{"environment":"development","level":"info","message":"🚀 Server is running on port 8000","port":8000,"service":"neural-shop-backend","timestamp":"2026-04-03 15:41:10.696"}
{"category":"database","level":"info","message":"🗄️  MongoDB connected","service":"neural-shop-backend","timestamp":"2026-04-03 15:41:10.698"}
{"level":"info","message":"✅ Redis Connected","service":"neural-shop-backend","timestamp":"2026-04-03 15:41:10.731"}
{"level":"info","message":"🚀 Redis Ready","service":"neural-shop-backend","timestamp":"2026-04-03 15:41:10.765"}
{"level":"info","message":"🚀 Redis connected","service":"neural-shop-backend","timestamp":"2026-04-03 15:41:10.769"}
{"category":"database","host":"localhost:27017","level":"info","message":"🗄️  Connected successfully","service":"neural-shop-backend","timestamp":"2026-04-03 15:41:10.797"}
{"level":"info","message":"🚀 Kafka producer connected","service":"neural-shop-backend","timestamp":"2026-04-03 15:41:10.809"}
{"level":"info","message":"Database URL mongodb://admin:admin@localhost:27017/neural_shop?authSource=admin","service":"neural-shop-backend","timestamp":"2026-04-03 15:41:28.591"}
{"environment":"development","level":"info","message":"🚀 Server is running on port 8000","port":8000,"service":"neural-shop-backend","timestamp":"2026-04-03 15:41:28.717"}
{"category":"database","level":"info","message":"🗄️  MongoDB connected","service":"neural-shop-backend","timestamp":"2026-04-03 15:41:28.719"}
{"level":"info","message":"✅ Redis Connected","service":"neural-shop-backend","timestamp":"2026-04-03 15:41:28.741"}
{"level":"info","message":"🚀 Redis Ready","service":"neural-shop-backend","timestamp":"2026-04-03 15:41:28.784"}
{"level":"info","message":"🚀 Redis connected","service":"neural-shop-backend","timestamp":"2026-04-03 15:41:28.786"}
{"category":"database","host":"localhost:27017","level":"info","message":"🗄️  Connected successfully","service":"neural-shop-backend","timestamp":"2026-04-03 15:41:28.797"}
{"level":"info","message":"🚀 Kafka producer connected","service":"neural-shop-backend","timestamp":"2026-04-03 15:41:28.826"}
{"category":"http","ip":"::1","level":"info","message":"→ POST /login [400]","service":"neural-shop-backend","timestamp":"2026-04-03 15:41:31.837","userAgent":"PostmanRuntime/7.53.0"}
{"level":"info","message":"🚀 Kafka consumers started","service":"neural-shop-backend","timestamp":"2026-04-03 15:41:40.889"}
{"level":"info","message":"Database URL mongodb://admin:admin@localhost:27017/neural_shop?authSource=admin","service":"neural-shop-backend","timestamp":"2026-04-03 15:44:15.462"}
{"environment":"development","level":"info","message":"🚀 Server is running on port 8000","port":8000,"service":"neural-shop-backend","timestamp":"2026-04-03 15:44:15.594"}
{"category":"database","level":"info","message":"🗄️  MongoDB connected","service":"neural-shop-backend","timestamp":"2026-04-03 15:44:15.596"}
{"level":"info","message":"✅ Redis Connected","service":"neural-shop-backend","timestamp":"2026-04-03 15:44:15.608"}
{"level":"info","message":"🚀 Redis Ready","service":"neural-shop-backend","timestamp":"2026-04-03 15:44:15.651"}
{"level":"info","message":"🚀 Redis connected","service":"neural-shop-backend","timestamp":"2026-04-03 15:44:15.653"}
{"category":"database","host":"localhost:27017","level":"info","message":"🗄️  Connected successfully","service":"neural-shop-backend","timestamp":"2026-04-03 15:44:15.661"}
{"level":"info","message":"🚀 Kafka producer connected","service":"neural-shop-backend","timestamp":"2026-04-03 15:44:15.725"}
{"level":"info","message":"Database URL mongodb://admin:admin@localhost:27017/neural_shop?authSource=admin","service":"neural-shop-backend","timestamp":"2026-04-03 15:44:22.584"}
{"environment":"development","level":"info","message":"🚀 Server is running on port 8000","port":8000,"service":"neural-shop-backend","timestamp":"2026-04-03 15:44:22.709"}
{"category":"database","level":"info","message":"🗄️  MongoDB connected","service":"neural-shop-backend","timestamp":"2026-04-03 15:44:22.710"}
{"level":"info","message":"✅ Redis Connected","service":"neural-shop-backend","timestamp":"2026-04-03 15:44:22.734"}
{"level":"info","message":"🚀 Redis Ready","service":"neural-shop-backend","timestamp":"2026-04-03 15:44:22.780"}
{"level":"info","message":"🚀 Redis connected","service":"neural-shop-backend","timestamp":"2026-04-03 15:44:22.782"}
{"category":"database","host":"localhost:27017","level":"info","message":"🗄️  Connected successfully","service":"neural-shop-backend","timestamp":"2026-04-03 15:44:22.789"}
{"level":"info","message":"🚀 Kafka producer connected","service":"neural-shop-backend","timestamp":"2026-04-03 15:44:22.815"}
{"category":"http","ip":"::1","level":"info","message":"→ POST /login [400]","service":"neural-shop-backend","timestamp":"2026-04-03 15:44:32.136","userAgent":"PostmanRuntime/7.53.0"}
{"level":"info","message":"🚀 Kafka consumers started","service":"neural-shop-backend","timestamp":"2026-04-03 15:45:11.432"}
{"level":"info","message":"Database URL mongodb://admin:admin@localhost:27017/neural_shop?authSource=admin","service":"neural-shop-backend","timestamp":"2026-04-03 15:46:25.004"}
{"environment":"development","level":"info","message":"🚀 Server is running on port 8000","port":8000,"service":"neural-shop-backend","timestamp":"2026-04-03 15:46:25.129"}
{"category":"database","level":"info","message":"🗄️  MongoDB connected","service":"neural-shop-backend","timestamp":"2026-04-03 15:46:25.133"}
{"level":"info","message":"✅ Redis Connected","service":"neural-shop-backend","timestamp":"2026-04-03 15:46:25.163"}
{"level":"info","message":"🚀 Redis Ready","service":"neural-shop-backend","timestamp":"2026-04-03 15:46:25.204"}
{"level":"info","message":"🚀 Redis connected","service":"neural-shop-backend","timestamp":"2026-04-03 15:46:25.218"}
{"category":"database","host":"localhost:27017","level":"info","message":"🗄️  Connected successfully","service":"neural-shop-backend","timestamp":"2026-04-03 15:46:25.228"}
{"level":"info","message":"🚀 Kafka producer connected","service":"neural-shop-backend","timestamp":"2026-04-03 15:46:25.254"}
{"level":"info","message":"Database URL mongodb://admin:admin@localhost:27017/neural_shop?authSource=admin","service":"neural-shop-backend","timestamp":"2026-04-03 15:46:26.970"}
{"environment":"development","level":"info","message":"🚀 Server is running on port 8000","port":8000,"service":"neural-shop-backend","timestamp":"2026-04-03 15:46:27.080"}
{"category":"database","level":"info","message":"🗄️  MongoDB connected","service":"neural-shop-backend","timestamp":"2026-04-03 15:46:27.082"}
{"level":"info","message":"✅ Redis Connected","service":"neural-shop-backend","timestamp":"2026-04-03 15:46:27.104"}
{"level":"info","message":"🚀 Redis Ready","service":"neural-shop-backend","timestamp":"2026-04-03 15:46:27.138"}
{"level":"info","message":"🚀 Redis connected","service":"neural-shop-backend","timestamp":"2026-04-03 15:46:27.141"}
{"category":"database","host":"localhost:27017","level":"info","message":"🗄️  Connected successfully","service":"neural-shop-backend","timestamp":"2026-04-03 15:46:27.168"}
{"level":"info","message":"🚀 Kafka producer connected","service":"neural-shop-backend","timestamp":"2026-04-03 15:46:27.179"}
{"category":"http","ip":"::1","level":"info","message":"→ POST /login [200]","service":"neural-shop-backend","timestamp":"2026-04-03 15:46:34.314","userAgent":"PostmanRuntime/7.53.0"}
{"level":"info","message":"Database URL mongodb://admin:admin@localhost:27017/neural_shop?authSource=admin","service":"neural-shop-backend","timestamp":"2026-04-03 15:47:03.031"}
{"environment":"development","level":"info","message":"🚀 Server is running on port 8000","port":8000,"service":"neural-shop-backend","timestamp":"2026-04-03 15:47:03.147"}
{"category":"database","level":"info","message":"🗄️  MongoDB connected","service":"neural-shop-backend","timestamp":"2026-04-03 15:47:03.148"}
{"level":"info","message":"✅ Redis Connected","service":"neural-shop-backend","timestamp":"2026-04-03 15:47:03.169"}
{"level":"info","message":"🚀 Redis Ready","service":"neural-shop-backend","timestamp":"2026-04-03 15:47:03.204"}
{"level":"info","message":"🚀 Redis connected","service":"neural-shop-backend","timestamp":"2026-04-03 15:47:03.209"}
{"category":"database","host":"localhost:27017","level":"info","message":"🗄️  Connected successfully","service":"neural-shop-backend","timestamp":"2026-04-03 15:47:03.238"}
{"level":"info","message":"🚀 Kafka producer connected","service":"neural-shop-backend","timestamp":"2026-04-03 15:47:03.249"}
{"category":"http","ip":"::1","level":"info","message":"→ POST /login [200]","service":"neural-shop-backend","timestamp":"2026-04-03 15:47:06.508","userAgent":"PostmanRuntime/7.53.0"}
{"level":"info","message":"Database URL mongodb://admin:admin@localhost:27017/neural_shop?authSource=admin","service":"neural-shop-backend","timestamp":"2026-04-03 15:47:42.912"}
{"environment":"development","level":"info","message":"🚀 Server is running on port 8000","port":8000,"service":"neural-shop-backend","timestamp":"2026-04-03 15:47:43.062"}
{"category":"database","level":"info","message":"🗄️  MongoDB connected","service":"neural-shop-backend","timestamp":"2026-04-03 15:47:43.064"}
{"level":"info","message":"✅ Redis Connected","service":"neural-shop-backend","timestamp":"2026-04-03 15:47:43.085"}
{"level":"info","message":"🚀 Redis Ready","service":"neural-shop-backend","timestamp":"2026-04-03 15:47:43.129"}
{"level":"info","message":"🚀 Redis connected","service":"neural-shop-backend","timestamp":"2026-04-03 15:47:43.132"}
{"category":"database","host":"localhost:27017","level":"info","message":"🗄️  Connected successfully","service":"neural-shop-backend","timestamp":"2026-04-03 15:47:43.140"}
{"level":"info","message":"🚀 Kafka producer connected","service":"neural-shop-backend","timestamp":"2026-04-03 15:47:43.187"}
{"level":"info","message":"Database URL mongodb://admin:admin@localhost:27017/neural_shop?authSource=admin","service":"neural-shop-backend","timestamp":"2026-04-03 15:47:45.205"}
{"environment":"development","level":"info","message":"🚀 Server is running on port 8000","port":8000,"service":"neural-shop-backend","timestamp":"2026-04-03 15:47:45.359"}
{"category":"database","level":"info","message":"🗄️  MongoDB connected","service":"neural-shop-backend","timestamp":"2026-04-03 15:47:45.361"}
{"level":"info","message":"✅ Redis Connected","service":"neural-shop-backend","timestamp":"2026-04-03 15:47:45.372"}
{"level":"info","message":"🚀 Redis Ready","service":"neural-shop-backend","timestamp":"2026-04-03 15:47:45.406"}
{"level":"info","message":"🚀 Redis connected","service":"neural-shop-backend","timestamp":"2026-04-03 15:47:45.408"}
{"category":"database","host":"localhost:27017","level":"info","message":"🗄️  Connected successfully","service":"neural-shop-backend","timestamp":"2026-04-03 15:47:45.416"}
{"level":"info","message":"🚀 Kafka producer connected","service":"neural-shop-backend","timestamp":"2026-04-03 15:47:45.447"}
{"category":"http","ip":"::1","level":"info","message":"→ POST /login [400]","service":"neural-shop-backend","timestamp":"2026-04-03 15:47:50.856","userAgent":"PostmanRuntime/7.53.0"}
{"level":"info","message":"Database URL mongodb://admin:admin@localhost:27017/neural_shop?authSource=admin","service":"neural-shop-backend","timestamp":"2026-04-03 15:48:02.655"}
{"environment":"development","level":"info","message":"🚀 Server is running on port 8000","port":8000,"service":"neural-shop-backend","timestamp":"2026-04-03 15:48:02.790"}
{"category":"database","level":"info","message":"🗄️  MongoDB connected","service":"neural-shop-backend","timestamp":"2026-04-03 15:48:02.791"}
{"level":"info","message":"✅ Redis Connected","service":"neural-shop-backend","timestamp":"2026-04-03 15:48:02.818"}
{"level":"info","message":"🚀 Redis Ready","service":"neural-shop-backend","timestamp":"2026-04-03 15:48:02.867"}
{"level":"info","message":"🚀 Redis connected","service":"neural-shop-backend","timestamp":"2026-04-03 15:48:02.869"}
{"category":"database","host":"localhost:27017","level":"info","message":"🗄️  Connected successfully","service":"neural-shop-backend","timestamp":"2026-04-03 15:48:02.900"}
{"level":"info","message":"🚀 Kafka producer connected","service":"neural-shop-backend","timestamp":"2026-04-03 15:48:02.914"}
{"level":"info","message":"Database URL mongodb://admin:admin@localhost:27017/neural_shop?authSource=admin","service":"neural-shop-backend","timestamp":"2026-04-03 15:48:07.967"}
{"environment":"development","level":"info","message":"🚀 Server is running on port 8000","port":8000,"service":"neural-shop-backend","timestamp":"2026-04-03 15:48:08.092"}
{"category":"database","level":"info","message":"🗄️  MongoDB connected","service":"neural-shop-backend","timestamp":"2026-04-03 15:48:08.094"}
{"level":"info","message":"✅ Redis Connected","service":"neural-shop-backend","timestamp":"2026-04-03 15:48:08.117"}
{"level":"info","message":"🚀 Redis Ready","service":"neural-shop-backend","timestamp":"2026-04-03 15:48:08.155"}
{"level":"info","message":"🚀 Redis connected","service":"neural-shop-backend","timestamp":"2026-04-03 15:48:08.158"}
{"level":"info","message":"🚀 Kafka producer connected","service":"neural-shop-backend","timestamp":"2026-04-03 15:48:08.183"}
{"category":"database","host":"localhost:27017","level":"info","message":"🗄️  Connected successfully","service":"neural-shop-backend","timestamp":"2026-04-03 15:48:08.189"}
{"level":"info","message":"Database URL mongodb://admin:admin@localhost:27017/neural_shop?authSource=admin","service":"neural-shop-backend","timestamp":"2026-04-03 15:48:19.945"}
{"environment":"development","level":"info","message":"🚀 Server is running on port 8000","port":8000,"service":"neural-shop-backend","timestamp":"2026-04-03 15:48:20.066"}
{"category":"database","level":"info","message":"🗄️  MongoDB connected","service":"neural-shop-backend","timestamp":"2026-04-03 15:48:20.067"}
{"level":"info","message":"✅ Redis Connected","service":"neural-shop-backend","timestamp":"2026-04-03 15:48:20.083"}
{"level":"info","message":"🚀 Redis Ready","service":"neural-shop-backend","timestamp":"2026-04-03 15:48:20.123"}
{"level":"info","message":"🚀 Redis connected","service":"neural-shop-backend","timestamp":"2026-04-03 15:48:20.125"}
{"category":"database","host":"localhost:27017","level":"info","message":"🗄️  Connected successfully","service":"neural-shop-backend","timestamp":"2026-04-03 15:48:20.133"}
{"level":"info","message":"🚀 Kafka producer connected","service":"neural-shop-backend","timestamp":"2026-04-03 15:48:20.158"}
{"category":"http","ip":"::1","level":"info","message":"→ POST /login [200]","service":"neural-shop-backend","timestamp":"2026-04-03 15:48:25.013","userAgent":"PostmanRuntime/7.53.0"}
{"level":"info","message":"Database URL mongodb://admin:admin@localhost:27017/neural_shop?authSource=admin","service":"neural-shop-backend","timestamp":"2026-04-03 15:48:38.952"}
{"environment":"development","level":"info","message":"🚀 Server is running on port 8000","port":8000,"service":"neural-shop-backend","timestamp":"2026-04-03 15:48:39.107"}
{"category":"database","level":"info","message":"🗄️  MongoDB connected","service":"neural-shop-backend","timestamp":"2026-04-03 15:48:39.109"}
{"level":"info","message":"✅ Redis Connected","service":"neural-shop-backend","timestamp":"2026-04-03 15:48:39.138"}
{"level":"info","message":"🚀 Redis Ready","service":"neural-shop-backend","timestamp":"2026-04-03 15:48:39.180"}
{"level":"info","message":"🚀 Redis connected","service":"neural-shop-backend","timestamp":"2026-04-03 15:48:39.183"}
{"category":"database","host":"localhost:27017","level":"info","message":"🗄️  Connected successfully","service":"neural-shop-backend","timestamp":"2026-04-03 15:48:39.206"}
{"level":"info","message":"🚀 Kafka producer connected","service":"neural-shop-backend","timestamp":"2026-04-03 15:48:39.234"}
{"level":"info","message":"Database URL mongodb://admin:admin@localhost:27017/neural_shop?authSource=admin","service":"neural-shop-backend","timestamp":"2026-04-03 15:48:42.691"}
{"environment":"development","level":"info","message":"🚀 Server is running on port 8000","port":8000,"service":"neural-shop-backend","timestamp":"2026-04-03 15:48:42.809"}
{"category":"database","level":"info","message":"🗄️  MongoDB connected","service":"neural-shop-backend","timestamp":"2026-04-03 15:48:42.810"}
{"level":"info","message":"✅ Redis Connected","service":"neural-shop-backend","timestamp":"2026-04-03 15:48:42.827"}
{"level":"info","message":"🚀 Redis Ready","service":"neural-shop-backend","timestamp":"2026-04-03 15:48:42.861"}
{"level":"info","message":"🚀 Redis connected","service":"neural-shop-backend","timestamp":"2026-04-03 15:48:42.863"}
{"category":"database","host":"localhost:27017","level":"info","message":"🗄️  Connected successfully","service":"neural-shop-backend","timestamp":"2026-04-03 15:48:42.888"}
{"level":"info","message":"🚀 Kafka producer connected","service":"neural-shop-backend","timestamp":"2026-04-03 15:48:42.897"}
{"category":"http","ip":"::1","level":"info","message":"→ POST /login [200]","service":"neural-shop-backend","timestamp":"2026-04-03 15:48:45.028","userAgent":"PostmanRuntime/7.53.0"}
{"level":"info","message":"Database URL mongodb://admin:admin@localhost:27017/neural_shop?authSource=admin","service":"neural-shop-backend","timestamp":"2026-04-03 15:54:21.065"}
{"environment":"development","level":"info","message":"🚀 Server is running on port 8000","port":8000,"service":"neural-shop-backend","timestamp":"2026-04-03 15:54:21.202"}
{"category":"database","level":"info","message":"🗄️  MongoDB connected","service":"neural-shop-backend","timestamp":"2026-04-03 15:54:21.204"}
{"level":"info","message":"✅ Redis Connected","service":"neural-shop-backend","timestamp":"2026-04-03 15:54:21.243"}
{"level":"info","message":"🚀 Redis Ready","service":"neural-shop-backend","timestamp":"2026-04-03 15:54:21.270"}
{"level":"info","message":"🚀 Redis connected","service":"neural-shop-backend","timestamp":"2026-04-03 15:54:21.273"}
{"category":"database","host":"localhost:27017","level":"info","message":"🗄️  Connected successfully","service":"neural-shop-backend","timestamp":"2026-04-03 15:54:21.303"}
{"level":"info","message":"🚀 Kafka producer connected","service":"neural-shop-backend","timestamp":"2026-04-03 15:54:21.314"}
{"level":"info","message":"🚀 Kafka consumers started","service":"neural-shop-backend","timestamp":"2026-04-03 15:54:24.397"}
{"level":"info","message":"Database URL mongodb://admin:admin@localhost:27017/neural_shop?authSource=admin","service":"neural-shop-backend","timestamp":"2026-04-03 15:54:26.282"}
{"environment":"development","level":"info","message":"🚀 Server is running on port 8000","port":8000,"service":"neural-shop-backend","timestamp":"2026-04-03 15:54:26.412"}
{"category":"database","level":"info","message":"🗄️  MongoDB connected","service":"neural-shop-backend","timestamp":"2026-04-03 15:54:26.413"}
{"level":"info","message":"✅ Redis Connected","service":"neural-shop-backend","timestamp":"2026-04-03 15:54:26.437"}
{"level":"info","message":"🚀 Redis Ready","service":"neural-shop-backend","timestamp":"2026-04-03 15:54:26.475"}
{"level":"info","message":"🚀 Redis connected","service":"neural-shop-backend","timestamp":"2026-04-03 15:54:26.477"}
{"category":"database","host":"localhost:27017","level":"info","message":"🗄️  Connected successfully","service":"neural-shop-backend","timestamp":"2026-04-03 15:54:26.505"}
{"level":"info","message":"🚀 Kafka producer connected","service":"neural-shop-backend","timestamp":"2026-04-03 15:54:26.516"}
{"category":"http","ip":"::1","level":"info","message":"→ POST /login [400]","service":"neural-shop-backend","timestamp":"2026-04-03 15:54:36.493","userAgent":"PostmanRuntime/7.53.0"}
{"level":"info","message":"Database URL mongodb://admin:admin@localhost:27017/neural_shop?authSource=admin","service":"neural-shop-backend","timestamp":"2026-04-03 15:54:54.087"}
{"environment":"development","level":"info","message":"🚀 Server is running on port 8000","port":8000,"service":"neural-shop-backend","timestamp":"2026-04-03 15:54:54.233"}
{"category":"database","level":"info","message":"🗄️  MongoDB connected","service":"neural-shop-backend","timestamp":"2026-04-03 15:54:54.235"}
{"level":"info","message":"✅ Redis Connected","service":"neural-shop-backend","timestamp":"2026-04-03 15:54:54.256"}
{"level":"info","message":"🚀 Redis Ready","service":"neural-shop-backend","timestamp":"2026-04-03 15:54:54.302"}
{"level":"info","message":"🚀 Redis connected","service":"neural-shop-backend","timestamp":"2026-04-03 15:54:54.304"}
{"category":"database","host":"localhost:27017","level":"info","message":"🗄️  Connected successfully","service":"neural-shop-backend","timestamp":"2026-04-03 15:54:54.312"}
{"level":"info","message":"🚀 Kafka producer connected","service":"neural-shop-backend","timestamp":"2026-04-03 15:54:54.341"}
{"category":"http","ip":"::1","level":"info","message":"→ POST /login [400]","service":"neural-shop-backend","timestamp":"2026-04-03 15:54:56.810","userAgent":"PostmanRuntime/7.53.0"}
{"level":"info","message":"🚀 Kafka consumers started","service":"neural-shop-backend","timestamp":"2026-04-03 15:55:24.393"}
{"level":"info","message":"Database URL mongodb://admin:admin@localhost:27017/neural_shop?authSource=admin","service":"neural-shop-backend","timestamp":"2026-04-03 15:55:43.193"}
{"environment":"development","level":"info","message":"🚀 Server is running on port 8000","port":8000,"service":"neural-shop-backend","timestamp":"2026-04-03 15:55:43.325"}
{"category":"database","level":"info","message":"🗄️  MongoDB connected","service":"neural-shop-backend","timestamp":"2026-04-03 15:55:43.327"}
{"level":"info","message":"✅ Redis Connected","service":"neural-shop-backend","timestamp":"2026-04-03 15:55:43.350"}
{"level":"info","message":"🚀 Redis Ready","service":"neural-shop-backend","timestamp":"2026-04-03 15:55:43.389"}
{"level":"info","message":"🚀 Redis connected","service":"neural-shop-backend","timestamp":"2026-04-03 15:55:43.401"}
{"category":"database","host":"localhost:27017","level":"info","message":"🗄️  Connected successfully","service":"neural-shop-backend","timestamp":"2026-04-03 15:55:43.413"}
{"level":"info","message":"🚀 Kafka producer connected","service":"neural-shop-backend","timestamp":"2026-04-03 15:55:43.440"}
{"level":"info","message":"Database URL mongodb://admin:admin@localhost:27017/neural_shop?authSource=admin","service":"neural-shop-backend","timestamp":"2026-04-03 15:55:48.972"}
{"environment":"development","level":"info","message":"🚀 Server is running on port 8000","port":8000,"service":"neural-shop-backend","timestamp":"2026-04-03 15:55:49.100"}
{"category":"database","level":"info","message":"🗄️  MongoDB connected","service":"neural-shop-backend","timestamp":"2026-04-03 15:55:49.103"}
{"level":"info","message":"✅ Redis Connected","service":"neural-shop-backend","timestamp":"2026-04-03 15:55:49.132"}
{"level":"info","message":"🚀 Redis Ready","service":"neural-shop-backend","timestamp":"2026-04-03 15:55:49.172"}
{"level":"info","message":"🚀 Redis connected","service":"neural-shop-backend","timestamp":"2026-04-03 15:55:49.175"}
{"category":"database","host":"localhost:27017","level":"info","message":"🗄️  Connected successfully","service":"neural-shop-backend","timestamp":"2026-04-03 15:55:49.195"}
{"level":"info","message":"🚀 Kafka producer connected","service":"neural-shop-backend","timestamp":"2026-04-03 15:55:49.220"}
{"level":"info","message":"Database URL mongodb://admin:admin@localhost:27017/neural_shop?authSource=admin","service":"neural-shop-backend","timestamp":"2026-04-03 15:55:52.443"}
{"environment":"development","level":"info","message":"🚀 Server is running on port 8000","port":8000,"service":"neural-shop-backend","timestamp":"2026-04-03 15:55:52.578"}
{"category":"database","level":"info","message":"🗄️  MongoDB connected","service":"neural-shop-backend","timestamp":"2026-04-03 15:55:52.580"}
{"level":"info","message":"✅ Redis Connected","service":"neural-shop-backend","timestamp":"2026-04-03 15:55:52.610"}
{"level":"info","message":"🚀 Redis Ready","service":"neural-shop-backend","timestamp":"2026-04-03 15:55:52.637"}
{"level":"info","message":"🚀 Redis connected","service":"neural-shop-backend","timestamp":"2026-04-03 15:55:52.639"}
{"category":"database","host":"localhost:27017","level":"info","message":"🗄️  Connected successfully","service":"neural-shop-backend","timestamp":"2026-04-03 15:55:52.665"}
{"level":"info","message":"🚀 Kafka producer connected","service":"neural-shop-backend","timestamp":"2026-04-03 15:55:52.676"}
{"level":"info","message":"Database URL mongodb://admin:admin@localhost:27017/neural_shop?authSource=admin","service":"neural-shop-backend","timestamp":"2026-04-03 15:55:56.574"}
{"environment":"development","level":"info","message":"🚀 Server is running on port 8000","port":8000,"service":"neural-shop-backend","timestamp":"2026-04-03 15:55:56.708"}
{"category":"database","level":"info","message":"🗄️  MongoDB connected","service":"neural-shop-backend","timestamp":"2026-04-03 15:55:56.711"}
{"level":"info","message":"✅ Redis Connected","service":"neural-shop-backend","timestamp":"2026-04-03 15:55:56.735"}
{"level":"info","message":"🚀 Redis Ready","service":"neural-shop-backend","timestamp":"2026-04-03 15:55:56.775"}
{"level":"info","message":"🚀 Redis connected","service":"neural-shop-backend","timestamp":"2026-04-03 15:55:56.777"}
{"category":"database","host":"localhost:27017","level":"info","message":"🗄️  Connected successfully","service":"neural-shop-backend","timestamp":"2026-04-03 15:55:56.806"}
{"level":"info","message":"🚀 Kafka producer connected","service":"neural-shop-backend","timestamp":"2026-04-03 15:55:56.819"}
{"category":"http","ip":"::1","level":"info","message":"→ POST /login [200]","service":"neural-shop-backend","timestamp":"2026-04-03 15:55:59.964","userAgent":"PostmanRuntime/7.53.0"}
{"level":"info","message":"Database URL mongodb://admin:admin@localhost:27017/neural_shop?authSource=admin","service":"neural-shop-backend","timestamp":"2026-04-03 15:56:10.810"}
{"environment":"development","level":"info","message":"🚀 Server is running on port 8000","port":8000,"service":"neural-shop-backend","timestamp":"2026-04-03 15:56:11.019"}
{"category":"database","level":"info","message":"🗄️  MongoDB connected","service":"neural-shop-backend","timestamp":"2026-04-03 15:56:11.020"}
{"level":"info","message":"✅ Redis Connected","service":"neural-shop-backend","timestamp":"2026-04-03 15:56:11.060"}
{"level":"info","message":"🚀 Redis Ready","service":"neural-shop-backend","timestamp":"2026-04-03 15:56:11.100"}
{"level":"info","message":"🚀 Redis connected","service":"neural-shop-backend","timestamp":"2026-04-03 15:56:11.102"}
{"category":"database","host":"localhost:27017","level":"info","message":"🗄️  Connected successfully","service":"neural-shop-backend","timestamp":"2026-04-03 15:56:11.135"}
{"level":"info","message":"🚀 Kafka producer connected","service":"neural-shop-backend","timestamp":"2026-04-03 15:56:11.146"}
{"level":"info","message":"Database URL mongodb://admin:admin@localhost:27017/neural_shop?authSource=admin","service":"neural-shop-backend","timestamp":"2026-04-03 15:56:32.424"}
{"environment":"development","level":"info","message":"🚀 Server is running on port 8000","port":8000,"service":"neural-shop-backend","timestamp":"2026-04-03 15:56:32.558"}
{"category":"database","level":"info","message":"🗄️  MongoDB connected","service":"neural-shop-backend","timestamp":"2026-04-03 15:56:32.560"}
{"level":"info","message":"✅ Redis Connected","service":"neural-shop-backend","timestamp":"2026-04-03 15:56:32.579"}
{"level":"info","message":"🚀 Redis Ready","service":"neural-shop-backend","timestamp":"2026-04-03 15:56:32.612"}
{"level":"info","message":"🚀 Redis connected","service":"neural-shop-backend","timestamp":"2026-04-03 15:56:32.615"}
{"category":"database","host":"localhost:27017","level":"info","message":"🗄️  Connected successfully","service":"neural-shop-backend","timestamp":"2026-04-03 15:56:32.645"}
{"level":"info","message":"🚀 Kafka producer connected","service":"neural-shop-backend","timestamp":"2026-04-03 15:56:32.656"}
{"level":"info","message":"Database URL mongodb://admin:admin@localhost:27017/neural_shop?authSource=admin","service":"neural-shop-backend","timestamp":"2026-04-03 15:56:44.039"}
{"environment":"development","level":"info","message":"🚀 Server is running on port 8000","port":8000,"service":"neural-shop-backend","timestamp":"2026-04-03 15:56:44.177"}
{"category":"database","level":"info","message":"🗄️  MongoDB connected","service":"neural-shop-backend","timestamp":"2026-04-03 15:56:44.179"}
{"level":"info","message":"✅ Redis Connected","service":"neural-shop-backend","timestamp":"2026-04-03 15:56:44.206"}
{"level":"info","message":"🚀 Redis Ready","service":"neural-shop-backend","timestamp":"2026-04-03 15:56:44.245"}
{"level":"info","message":"🚀 Redis connected","service":"neural-shop-backend","timestamp":"2026-04-03 15:56:44.250"}
{"category":"database","host":"localhost:27017","level":"info","message":"🗄️  Connected successfully","service":"neural-shop-backend","timestamp":"2026-04-03 15:56:44.283"}
{"level":"info","message":"🚀 Kafka producer connected","service":"neural-shop-backend","timestamp":"2026-04-03 15:56:44.297"}
{"level":"info","message":"Database URL mongodb://admin:admin@localhost:27017/neural_shop?authSource=admin","service":"neural-shop-backend","timestamp":"2026-04-03 15:56:47.759"}
{"environment":"development","level":"info","message":"🚀 Server is running on port 8000","port":8000,"service":"neural-shop-backend","timestamp":"2026-04-03 15:56:47.918"}
{"category":"database","level":"info","message":"🗄️  MongoDB connected","service":"neural-shop-backend","timestamp":"2026-04-03 15:56:47.921"}
{"level":"info","message":"✅ Redis Connected","service":"neural-shop-backend","timestamp":"2026-04-03 15:56:47.945"}
{"level":"info","message":"🚀 Redis Ready","service":"neural-shop-backend","timestamp":"2026-04-03 15:56:47.983"}
{"level":"info","message":"🚀 Redis connected","service":"neural-shop-backend","timestamp":"2026-04-03 15:56:47.986"}
{"category":"database","host":"localhost:27017","level":"info","message":"🗄️  Connected successfully","service":"neural-shop-backend","timestamp":"2026-04-03 15:56:48.022"}
{"level":"info","message":"🚀 Kafka producer connected","service":"neural-shop-backend","timestamp":"2026-04-03 15:56:48.034"}
{"level":"info","message":"Database URL mongodb://admin:admin@localhost:27017/neural_shop?authSource=admin","service":"neural-shop-backend","timestamp":"2026-04-03 15:56:55.047"}
{"environment":"development","level":"info","message":"🚀 Server is running on port 8000","port":8000,"service":"neural-shop-backend","timestamp":"2026-04-03 15:56:55.189"}
{"category":"database","level":"info","message":"🗄️  MongoDB connected","service":"neural-shop-backend","timestamp":"2026-04-03 15:56:55.191"}
{"level":"info","message":"✅ Redis Connected","service":"neural-shop-backend","timestamp":"2026-04-03 15:56:55.220"}
{"level":"info","message":"🚀 Redis Ready","service":"neural-shop-backend","timestamp":"2026-04-03 15:56:55.268"}
{"category":"database","host":"localhost:27017","level":"info","message":"🗄️  Connected successfully","service":"neural-shop-backend","timestamp":"2026-04-03 15:56:55.274"}
{"level":"info","message":"🚀 Redis connected","service":"neural-shop-backend","timestamp":"2026-04-03 15:56:55.280"}
{"level":"info","message":"🚀 Kafka producer connected","service":"neural-shop-backend","timestamp":"2026-04-03 15:56:55.308"}
{"category":"http","ip":"::1","level":"info","message":"→ POST /login [400]","service":"neural-shop-backend","timestamp":"2026-04-03 15:57:01.593","userAgent":"PostmanRuntime/7.53.0"}
{"category":"http","ip":"::1","level":"info","message":"→ POST /login [400]","service":"neural-shop-backend","timestamp":"2026-04-03 15:57:06.476","userAgent":"PostmanRuntime/7.53.0"}
{"level":"info","message":"🚀 Kafka consumers started","service":"neural-shop-backend","timestamp":"2026-04-03 15:57:09.464"}
{"level":"info","message":"Database URL mongodb://admin:admin@localhost:27017/neural_shop?authSource=admin","service":"neural-shop-backend","timestamp":"2026-04-03 15:57:32.585"}
{"environment":"development","level":"info","message":"🚀 Server is running on port 8000","port":8000,"service":"neural-shop-backend","timestamp":"2026-04-03 15:57:32.737"}
{"category":"database","level":"info","message":"🗄️  MongoDB connected","service":"neural-shop-backend","timestamp":"2026-04-03 15:57:32.739"}
{"level":"info","message":"✅ Redis Connected","service":"neural-shop-backend","timestamp":"2026-04-03 15:57:32.778"}
{"level":"info","message":"🚀 Redis Ready","service":"neural-shop-backend","timestamp":"2026-04-03 15:57:32.850"}
{"level":"info","message":"🚀 Redis connected","service":"neural-shop-backend","timestamp":"2026-04-03 15:57:32.855"}
{"category":"database","host":"localhost:27017","level":"info","message":"🗄️  Connected successfully","service":"neural-shop-backend","timestamp":"2026-04-03 15:57:32.866"}
{"level":"info","message":"🚀 Kafka producer connected","service":"neural-shop-backend","timestamp":"2026-04-03 15:57:32.896"}
{"level":"info","message":"🚀 Kafka consumers started","service":"neural-shop-backend","timestamp":"2026-04-03 15:57:59.563"}
{"level":"info","message":"Database URL mongodb://admin:admin@localhost:27017/neural_shop?authSource=admin","service":"neural-shop-backend","timestamp":"2026-04-03 15:58:16.100"}
{"environment":"development","level":"info","message":"🚀 Server is running on port 8000","port":8000,"service":"neural-shop-backend","timestamp":"2026-04-03 15:58:16.244"}
{"category":"database","level":"info","message":"🗄️  MongoDB connected","service":"neural-shop-backend","timestamp":"2026-04-03 15:58:16.245"}
{"level":"info","message":"✅ Redis Connected","service":"neural-shop-backend","timestamp":"2026-04-03 15:58:16.260"}
{"level":"info","message":"🚀 Redis Ready","service":"neural-shop-backend","timestamp":"2026-04-03 15:58:16.292"}
{"level":"info","message":"🚀 Redis connected","service":"neural-shop-backend","timestamp":"2026-04-03 15:58:16.294"}
{"category":"database","host":"localhost:27017","level":"info","message":"🗄️  Connected successfully","service":"neural-shop-backend","timestamp":"2026-04-03 15:58:16.325"}
{"level":"info","message":"🚀 Kafka producer connected","service":"neural-shop-backend","timestamp":"2026-04-03 15:58:16.336"}
{"level":"info","message":"Database URL mongodb://admin:admin@localhost:27017/neural_shop?authSource=admin","service":"neural-shop-backend","timestamp":"2026-04-03 15:58:20.551"}
{"environment":"development","level":"info","message":"🚀 Server is running on port 8000","port":8000,"service":"neural-shop-backend","timestamp":"2026-04-03 15:58:20.689"}
{"category":"database","level":"info","message":"🗄️  MongoDB connected","service":"neural-shop-backend","timestamp":"2026-04-03 15:58:20.690"}
{"level":"info","message":"✅ Redis Connected","service":"neural-shop-backend","timestamp":"2026-04-03 15:58:20.712"}
{"level":"info","message":"🚀 Redis Ready","service":"neural-shop-backend","timestamp":"2026-04-03 15:58:20.748"}
{"level":"info","message":"🚀 Redis connected","service":"neural-shop-backend","timestamp":"2026-04-03 15:58:20.750"}
{"category":"database","host":"localhost:27017","level":"info","message":"🗄️  Connected successfully","service":"neural-shop-backend","timestamp":"2026-04-03 15:58:20.779"}
{"level":"info","message":"🚀 Kafka producer connected","service":"neural-shop-backend","timestamp":"2026-04-03 15:58:20.789"}
{"level":"info","message":"Database URL mongodb://admin:admin@localhost:27017/neural_shop?authSource=admin","service":"neural-shop-backend","timestamp":"2026-04-03 15:58:26.419"}
{"environment":"development","level":"info","message":"🚀 Server is running on port 8000","port":8000,"service":"neural-shop-backend","timestamp":"2026-04-03 15:58:26.560"}
{"category":"database","level":"info","message":"🗄️  MongoDB connected","service":"neural-shop-backend","timestamp":"2026-04-03 15:58:26.563"}
{"level":"info","message":"✅ Redis Connected","service":"neural-shop-backend","timestamp":"2026-04-03 15:58:26.582"}
{"level":"info","message":"🚀 Redis Ready","service":"neural-shop-backend","timestamp":"2026-04-03 15:58:26.625"}
{"level":"info","message":"🚀 Redis connected","service":"neural-shop-backend","timestamp":"2026-04-03 15:58:26.627"}
{"category":"database","host":"localhost:27017","level":"info","message":"🗄️  Connected successfully","service":"neural-shop-backend","timestamp":"2026-04-03 15:58:26.639"}
{"level":"info","message":"🚀 Kafka producer connected","service":"neural-shop-backend","timestamp":"2026-04-03 15:58:26.672"}
{"level":"info","message":"Database URL mongodb://admin:admin@localhost:27017/neural_shop?authSource=admin","service":"neural-shop-backend","timestamp":"2026-04-03 15:58:33.349"}
{"environment":"development","level":"info","message":"🚀 Server is running on port 8000","port":8000,"service":"neural-shop-backend","timestamp":"2026-04-03 15:58:33.505"}
{"category":"database","level":"info","message":"🗄️  MongoDB connected","service":"neural-shop-backend","timestamp":"2026-04-03 15:58:33.507"}
{"level":"info","message":"✅ Redis Connected","service":"neural-shop-backend","timestamp":"2026-04-03 15:58:33.531"}
{"level":"info","message":"🚀 Redis Ready","service":"neural-shop-backend","timestamp":"2026-04-03 15:58:33.591"}
{"level":"info","message":"🚀 Redis connected","service":"neural-shop-backend","timestamp":"2026-04-03 15:58:33.594"}
{"category":"database","host":"localhost:27017","level":"info","message":"🗄️  Connected successfully","service":"neural-shop-backend","timestamp":"2026-04-03 15:58:33.604"}
{"level":"info","message":"🚀 Kafka producer connected","service":"neural-shop-backend","timestamp":"2026-04-03 15:58:33.639"}
{"level":"info","message":"🚀 Kafka consumers started","service":"neural-shop-backend","timestamp":"2026-04-03 15:58:39.648"}
{"category":"http","ip":"::1","level":"info","message":"→ GET /logout [500]","service":"neural-shop-backend","timestamp":"2026-04-03 15:59:16.517","userAgent":"PostmanRuntime/7.53.0"}
{"level":"info","message":"Database URL mongodb://admin:admin@localhost:27017/neural_shop?authSource=admin","service":"neural-shop-backend","timestamp":"2026-04-03 15:59:30.163"}
{"environment":"development","level":"info","message":"🚀 Server is running on port 8000","port":8000,"service":"neural-shop-backend","timestamp":"2026-04-03 15:59:30.294"}
{"category":"database","level":"info","message":"🗄️  MongoDB connected","service":"neural-shop-backend","timestamp":"2026-04-03 15:59:30.296"}
{"level":"info","message":"✅ Redis Connected","service":"neural-shop-backend","timestamp":"2026-04-03 15:59:30.318"}
{"level":"info","message":"🚀 Redis Ready","service":"neural-shop-backend","timestamp":"2026-04-03 15:59:30.371"}
{"level":"info","message":"🚀 Redis connected","service":"neural-shop-backend","timestamp":"2026-04-03 15:59:30.373"}
{"category":"database","host":"localhost:27017","level":"info","message":"🗄️  Connected successfully","service":"neural-shop-backend","timestamp":"2026-04-03 15:59:30.401"}
{"level":"info","message":"🚀 Kafka producer connected","service":"neural-shop-backend","timestamp":"2026-04-03 15:59:30.433"}
{"category":"http","ip":"::1","level":"info","message":"→ GET /logout [500]","service":"neural-shop-backend","timestamp":"2026-04-03 15:59:36.331","userAgent":"PostmanRuntime/7.53.0"}
{"level":"info","message":"🚀 Kafka consumers started","service":"neural-shop-backend","timestamp":"2026-04-03 15:59:49.864"}
{"level":"info","message":"Database URL mongodb://admin:admin@localhost:27017/neural_shop?authSource=admin","service":"neural-shop-backend","timestamp":"2026-04-03 16:00:59.604"}
{"environment":"development","level":"info","message":"🚀 Server is running on port 8000","port":8000,"service":"neural-shop-backend","timestamp":"2026-04-03 16:00:59.737"}
{"category":"database","level":"info","message":"🗄️  MongoDB connected","service":"neural-shop-backend","timestamp":"2026-04-03 16:00:59.739"}
{"level":"info","message":"✅ Redis Connected","service":"neural-shop-backend","timestamp":"2026-04-03 16:00:59.757"}
{"level":"info","message":"🚀 Redis Ready","service":"neural-shop-backend","timestamp":"2026-04-03 16:00:59.792"}
{"level":"info","message":"🚀 Redis connected","service":"neural-shop-backend","timestamp":"2026-04-03 16:00:59.805"}
{"category":"database","host":"localhost:27017","level":"info","message":"🗄️  Connected successfully","service":"neural-shop-backend","timestamp":"2026-04-03 16:00:59.816"}
{"level":"info","message":"🚀 Kafka producer connected","service":"neural-shop-backend","timestamp":"2026-04-03 16:00:59.848"}
{"level":"info","message":"Database URL mongodb://admin:admin@localhost:27017/neural_shop?authSource=admin","service":"neural-shop-backend","timestamp":"2026-04-03 16:01:08.723"}
{"environment":"development","level":"info","message":"🚀 Server is running on port 8000","port":8000,"service":"neural-shop-backend","timestamp":"2026-04-03 16:01:08.870"}
{"category":"database","level":"info","message":"🗄️  MongoDB connected","service":"neural-shop-backend","timestamp":"2026-04-03 16:01:08.872"}
{"level":"info","message":"✅ Redis Connected","service":"neural-shop-backend","timestamp":"2026-04-03 16:01:08.899"}
{"level":"info","message":"🚀 Redis Ready","service":"neural-shop-backend","timestamp":"2026-04-03 16:01:08.951"}
{"level":"info","message":"🚀 Redis connected","service":"neural-shop-backend","timestamp":"2026-04-03 16:01:08.962"}
{"category":"database","host":"localhost:27017","level":"info","message":"🗄️  Connected successfully","service":"neural-shop-backend","timestamp":"2026-04-03 16:01:08.973"}
{"level":"info","message":"🚀 Kafka producer connected","service":"neural-shop-backend","timestamp":"2026-04-03 16:01:09.004"}
{"level":"info","message":"Database URL mongodb://admin:admin@localhost:27017/neural_shop?authSource=admin","service":"neural-shop-backend","timestamp":"2026-04-03 16:01:21.342"}
{"environment":"development","level":"info","message":"🚀 Server is running on port 8000","port":8000,"service":"neural-shop-backend","timestamp":"2026-04-03 16:01:21.505"}
{"category":"database","level":"info","message":"🗄️  MongoDB connected","service":"neural-shop-backend","timestamp":"2026-04-03 16:01:21.507"}
{"level":"info","message":"✅ Redis Connected","service":"neural-shop-backend","timestamp":"2026-04-03 16:01:21.528"}
{"level":"info","message":"🚀 Redis Ready","service":"neural-shop-backend","timestamp":"2026-04-03 16:01:21.564"}
{"level":"info","message":"🚀 Redis connected","service":"neural-shop-backend","timestamp":"2026-04-03 16:01:21.567"}
{"category":"database","host":"localhost:27017","level":"info","message":"🗄️  Connected successfully","service":"neural-shop-backend","timestamp":"2026-04-03 16:01:21.612"}
{"level":"info","message":"🚀 Kafka producer connected","service":"neural-shop-backend","timestamp":"2026-04-03 16:01:21.628"}
{"level":"info","message":"Database URL mongodb://admin:admin@localhost:27017/neural_shop?authSource=admin","service":"neural-shop-backend","timestamp":"2026-04-03 16:01:23.636"}
{"environment":"development","level":"info","message":"🚀 Server is running on port 8000","port":8000,"service":"neural-shop-backend","timestamp":"2026-04-03 16:01:23.781"}
{"category":"database","level":"info","message":"🗄️  MongoDB connected","service":"neural-shop-backend","timestamp":"2026-04-03 16:01:23.784"}
{"level":"info","message":"✅ Redis Connected","service":"neural-shop-backend","timestamp":"2026-04-03 16:01:23.818"}
{"level":"info","message":"🚀 Redis Ready","service":"neural-shop-backend","timestamp":"2026-04-03 16:01:23.859"}
{"level":"info","message":"🚀 Redis connected","service":"neural-shop-backend","timestamp":"2026-04-03 16:01:23.861"}
{"level":"info","message":"🚀 Kafka producer connected","service":"neural-shop-backend","timestamp":"2026-04-03 16:01:23.899"}
{"category":"database","host":"localhost:27017","level":"info","message":"🗄️  Connected successfully","service":"neural-shop-backend","timestamp":"2026-04-03 16:01:23.905"}
{"level":"info","message":"Database URL mongodb://admin:admin@localhost:27017/neural_shop?authSource=admin","service":"neural-shop-backend","timestamp":"2026-04-03 16:01:27.416"}
{"environment":"development","level":"info","message":"🚀 Server is running on port 8000","port":8000,"service":"neural-shop-backend","timestamp":"2026-04-03 16:01:27.613"}
{"category":"database","level":"info","message":"🗄️  MongoDB connected","service":"neural-shop-backend","timestamp":"2026-04-03 16:01:27.614"}
{"level":"info","message":"✅ Redis Connected","service":"neural-shop-backend","timestamp":"2026-04-03 16:01:27.641"}
{"level":"info","message":"Database URL mongodb://admin:admin@localhost:27017/neural_shop?authSource=admin","service":"neural-shop-backend","timestamp":"2026-04-03 16:01:29.442"}
{"environment":"development","level":"info","message":"🚀 Server is running on port 8000","port":8000,"service":"neural-shop-backend","timestamp":"2026-04-03 16:01:29.582"}
{"category":"database","level":"info","message":"🗄️  MongoDB connected","service":"neural-shop-backend","timestamp":"2026-04-03 16:01:29.586"}
{"level":"info","message":"✅ Redis Connected","service":"neural-shop-backend","timestamp":"2026-04-03 16:01:29.603"}
{"level":"info","message":"🚀 Redis Ready","service":"neural-shop-backend","timestamp":"2026-04-03 16:01:29.651"}
{"level":"info","message":"🚀 Redis connected","service":"neural-shop-backend","timestamp":"2026-04-03 16:01:29.653"}
{"category":"database","host":"localhost:27017","level":"info","message":"🗄️  Connected successfully","service":"neural-shop-backend","timestamp":"2026-04-03 16:01:29.661"}
{"level":"info","message":"🚀 Kafka producer connected","service":"neural-shop-backend","timestamp":"2026-04-03 16:01:29.688"}
{"level":"info","message":"Database URL mongodb://admin:admin@localhost:27017/neural_shop?authSource=admin","service":"neural-shop-backend","timestamp":"2026-04-03 16:01:34.393"}
{"environment":"development","level":"info","message":"🚀 Server is running on port 8000","port":8000,"service":"neural-shop-backend","timestamp":"2026-04-03 16:01:34.537"}
{"category":"database","level":"info","message":"🗄️  MongoDB connected","service":"neural-shop-backend","timestamp":"2026-04-03 16:01:34.539"}
{"level":"info","message":"✅ Redis Connected","service":"neural-shop-backend","timestamp":"2026-04-03 16:01:34.560"}
{"level":"info","message":"🚀 Redis Ready","service":"neural-shop-backend","timestamp":"2026-04-03 16:01:34.606"}
{"level":"info","message":"🚀 Redis connected","service":"neural-shop-backend","timestamp":"2026-04-03 16:01:34.613"}
{"category":"database","host":"localhost:27017","level":"info","message":"🗄️  Connected successfully","service":"neural-shop-backend","timestamp":"2026-04-03 16:01:34.646"}
{"level":"info","message":"🚀 Kafka producer connected","service":"neural-shop-backend","timestamp":"2026-04-03 16:01:34.660"}
{"level":"info","message":"Database URL mongodb://admin:admin@localhost:27017/neural_shop?authSource=admin","service":"neural-shop-backend","timestamp":"2026-04-03 16:02:11.816"}
{"environment":"development","level":"info","message":"🚀 Server is running on port 8000","port":8000,"service":"neural-shop-backend","timestamp":"2026-04-03 16:02:11.978"}
{"category":"database","level":"info","message":"🗄️  MongoDB connected","service":"neural-shop-backend","timestamp":"2026-04-03 16:02:11.979"}
{"level":"info","message":"✅ Redis Connected","service":"neural-shop-backend","timestamp":"2026-04-03 16:02:11.997"}
{"level":"info","message":"🚀 Redis Ready","service":"neural-shop-backend","timestamp":"2026-04-03 16:02:12.044"}
{"category":"database","host":"localhost:27017","level":"info","message":"🗄️  Connected successfully","service":"neural-shop-backend","timestamp":"2026-04-03 16:02:12.050"}
{"level":"info","message":"🚀 Redis connected","service":"neural-shop-backend","timestamp":"2026-04-03 16:02:12.058"}
{"level":"info","message":"🚀 Kafka producer connected","service":"neural-shop-backend","timestamp":"2026-04-03 16:02:12.088"}
{"level":"info","message":"Database URL mongodb://admin:admin@localhost:27017/neural_shop?authSource=admin","service":"neural-shop-backend","timestamp":"2026-04-03 16:02:14.082"}
{"environment":"development","level":"info","message":"🚀 Server is running on port 8000","port":8000,"service":"neural-shop-backend","timestamp":"2026-04-03 16:02:14.210"}
{"category":"database","level":"info","message":"🗄️  MongoDB connected","service":"neural-shop-backend","timestamp":"2026-04-03 16:02:14.212"}
{"level":"info","message":"✅ Redis Connected","service":"neural-shop-backend","timestamp":"2026-04-03 16:02:14.233"}
{"level":"info","message":"🚀 Redis Ready","service":"neural-shop-backend","timestamp":"2026-04-03 16:02:14.273"}
{"level":"info","message":"🚀 Redis connected","service":"neural-shop-backend","timestamp":"2026-04-03 16:02:14.276"}
{"category":"database","host":"localhost:27017","level":"info","message":"🗄️  Connected successfully","service":"neural-shop-backend","timestamp":"2026-04-03 16:02:14.305"}
{"level":"info","message":"🚀 Kafka producer connected","service":"neural-shop-backend","timestamp":"2026-04-03 16:02:14.315"}
{"level":"info","message":"Database URL mongodb://admin:admin@localhost:27017/neural_shop?authSource=admin","service":"neural-shop-backend","timestamp":"2026-04-03 16:02:18.754"}
{"environment":"development","level":"info","message":"🚀 Server is running on port 8000","port":8000,"service":"neural-shop-backend","timestamp":"2026-04-03 16:02:18.896"}
{"category":"database","level":"info","message":"🗄️  MongoDB connected","service":"neural-shop-backend","timestamp":"2026-04-03 16:02:18.898"}
{"level":"info","message":"✅ Redis Connected","service":"neural-shop-backend","timestamp":"2026-04-03 16:02:18.925"}
{"level":"info","message":"🚀 Redis Ready","service":"neural-shop-backend","timestamp":"2026-04-03 16:02:18.976"}
{"level":"info","message":"🚀 Redis connected","service":"neural-shop-backend","timestamp":"2026-04-03 16:02:18.979"}
{"category":"database","host":"localhost:27017","level":"info","message":"🗄️  Connected successfully","service":"neural-shop-backend","timestamp":"2026-04-03 16:02:19.021"}
{"level":"info","message":"🚀 Kafka producer connected","service":"neural-shop-backend","timestamp":"2026-04-03 16:02:19.034"}
{"level":"info","message":"Database URL mongodb://admin:admin@localhost:27017/neural_shop?authSource=admin","service":"neural-shop-backend","timestamp":"2026-04-03 16:02:20.851"}
{"environment":"development","level":"info","message":"🚀 Server is running on port 8000","port":8000,"service":"neural-shop-backend","timestamp":"2026-04-03 16:02:20.991"}
{"category":"database","level":"info","message":"🗄️  MongoDB connected","service":"neural-shop-backend","timestamp":"2026-04-03 16:02:20.992"}
{"level":"info","message":"✅ Redis Connected","service":"neural-shop-backend","timestamp":"2026-04-03 16:02:21.020"}
{"level":"info","message":"🚀 Redis Ready","service":"neural-shop-backend","timestamp":"2026-04-03 16:02:21.057"}
{"level":"info","message":"🚀 Redis connected","service":"neural-shop-backend","timestamp":"2026-04-03 16:02:21.069"}
{"category":"database","host":"localhost:27017","level":"info","message":"🗄️  Connected successfully","service":"neural-shop-backend","timestamp":"2026-04-03 16:02:21.077"}
{"level":"info","message":"🚀 Kafka producer connected","service":"neural-shop-backend","timestamp":"2026-04-03 16:02:21.105"}
{"level":"info","message":"Database URL mongodb://admin:admin@localhost:27017/neural_shop?authSource=admin","service":"neural-shop-backend","timestamp":"2026-04-03 16:02:23.621"}
{"environment":"development","level":"info","message":"🚀 Server is running on port 8000","port":8000,"service":"neural-shop-backend","timestamp":"2026-04-03 16:02:23.790"}
{"category":"database","level":"info","message":"🗄️  MongoDB connected","service":"neural-shop-backend","timestamp":"2026-04-03 16:02:23.791"}
{"level":"info","message":"✅ Redis Connected","service":"neural-shop-backend","timestamp":"2026-04-03 16:02:23.809"}
{"level":"info","message":"🚀 Redis Ready","service":"neural-shop-backend","timestamp":"2026-04-03 16:02:23.865"}
{"level":"info","message":"🚀 Redis connected","service":"neural-shop-backend","timestamp":"2026-04-03 16:02:23.867"}
{"category":"database","host":"localhost:27017","level":"info","message":"🗄️  Connected successfully","service":"neural-shop-backend","timestamp":"2026-04-03 16:02:23.879"}
{"level":"info","message":"🚀 Kafka producer connected","service":"neural-shop-backend","timestamp":"2026-04-03 16:02:23.929"}
{"category":"http","ip":"::1","level":"info","message":"→ GET /logout [200]","service":"neural-shop-backend","timestamp":"2026-04-03 16:02:26.012","userAgent":"PostmanRuntime/7.53.0"}
{"level":"info","message":"🚀 Kafka consumers started","service":"neural-shop-backend","timestamp":"2026-04-03 16:03:12.473"}
{"level":"info","message":"Database URL mongodb://admin:admin@localhost:27017/neural_shop?authSource=admin","service":"neural-shop-backend","timestamp":"2026-04-03 16:03:52.050"}
{"environment":"development","level":"info","message":"🚀 Server is running on port 8000","port":8000,"service":"neural-shop-backend","timestamp":"2026-04-03 16:03:52.189"}
{"category":"database","level":"info","message":"🗄️  MongoDB connected","service":"neural-shop-backend","timestamp":"2026-04-03 16:03:52.191"}
{"level":"info","message":"✅ Redis Connected","service":"neural-shop-backend","timestamp":"2026-04-03 16:03:52.211"}
{"level":"info","message":"🚀 Redis Ready","service":"neural-shop-backend","timestamp":"2026-04-03 16:03:52.246"}
{"level":"info","message":"🚀 Redis connected","service":"neural-shop-backend","timestamp":"2026-04-03 16:03:52.249"}
{"level":"info","message":"🚀 Kafka producer connected","service":"neural-shop-backend","timestamp":"2026-04-03 16:03:52.281"}
{"category":"database","host":"localhost:27017","level":"info","message":"🗄️  Connected successfully","service":"neural-shop-backend","timestamp":"2026-04-03 16:03:52.287"}
{"level":"info","message":"Database URL mongodb://admin:admin@localhost:27017/neural_shop?authSource=admin","service":"neural-shop-backend","timestamp":"2026-04-03 16:03:59.905"}
{"environment":"development","level":"info","message":"🚀 Server is running on port 8000","port":8000,"service":"neural-shop-backend","timestamp":"2026-04-03 16:04:00.069"}
{"category":"database","level":"info","message":"🗄️  MongoDB connected","service":"neural-shop-backend","timestamp":"2026-04-03 16:04:00.072"}
{"level":"info","message":"✅ Redis Connected","service":"neural-shop-backend","timestamp":"2026-04-03 16:04:00.122"}
{"level":"info","message":"🚀 Redis Ready","service":"neural-shop-backend","timestamp":"2026-04-03 16:04:00.188"}
{"level":"info","message":"🚀 Redis connected","service":"neural-shop-backend","timestamp":"2026-04-03 16:04:00.192"}
{"category":"database","host":"localhost:27017","level":"info","message":"🗄️  Connected successfully","service":"neural-shop-backend","timestamp":"2026-04-03 16:04:00.238"}
{"level":"info","message":"🚀 Kafka producer connected","service":"neural-shop-backend","timestamp":"2026-04-03 16:04:00.278"}
{"level":"info","message":"🚀 Kafka consumers started","service":"neural-shop-backend","timestamp":"2026-04-03 16:04:47.933"}
{"category":"http","ip":"::1","level":"info","message":"→ POST /registration [201]","service":"neural-shop-backend","timestamp":"2026-04-03 16:05:24.665","userAgent":"PostmanRuntime/7.53.0"}
{"category":"http","ip":"::1","level":"info","message":"→ POST /adminregister [201]","service":"neural-shop-backend","timestamp":"2026-04-03 16:05:57.429","userAgent":"PostmanRuntime/7.53.0"}
{"level":"info","message":"Database URL mongodb://admin:admin@localhost:27017/neural_shop?authSource=admin","service":"neural-shop-backend","timestamp":"2026-04-03 16:06:48.611"}
{"environment":"development","level":"info","message":"🚀 Server is running on port 8000","port":8000,"service":"neural-shop-backend","timestamp":"2026-04-03 16:06:48.771"}
{"category":"database","level":"info","message":"🗄️  MongoDB connected","service":"neural-shop-backend","timestamp":"2026-04-03 16:06:48.772"}
{"level":"info","message":"✅ Redis Connected","service":"neural-shop-backend","timestamp":"2026-04-03 16:06:48.790"}
{"level":"info","message":"🚀 Redis Ready","service":"neural-shop-backend","timestamp":"2026-04-03 16:06:48.825"}
{"level":"info","message":"🚀 Redis connected","service":"neural-shop-backend","timestamp":"2026-04-03 16:06:48.827"}
{"category":"database","host":"localhost:27017","level":"info","message":"🗄️  Connected successfully","service":"neural-shop-backend","timestamp":"2026-04-03 16:06:48.852"}
{"level":"info","message":"🚀 Kafka producer connected","service":"neural-shop-backend","timestamp":"2026-04-03 16:06:48.862"}
{"level":"info","message":"🚀 Kafka consumers started","service":"neural-shop-backend","timestamp":"2026-04-03 16:06:52.391"}
{"level":"info","message":"Database URL mongodb://admin:admin@localhost:27017/neural_shop?authSource=admin","service":"neural-shop-backend","timestamp":"2026-04-03 16:06:57.529"}
{"environment":"development","level":"info","message":"🚀 Server is running on port 8000","port":8000,"service":"neural-shop-backend","timestamp":"2026-04-03 16:06:57.650"}
{"category":"database","level":"info","message":"🗄️  MongoDB connected","service":"neural-shop-backend","timestamp":"2026-04-03 16:06:57.651"}
{"level":"info","message":"✅ Redis Connected","service":"neural-shop-backend","timestamp":"2026-04-03 16:06:57.670"}
{"level":"info","message":"🚀 Redis Ready","service":"neural-shop-backend","timestamp":"2026-04-03 16:06:57.705"}
{"level":"info","message":"🚀 Redis connected","service":"neural-shop-backend","timestamp":"2026-04-03 16:06:57.715"}
{"category":"database","host":"localhost:27017","level":"info","message":"🗄️  Connected successfully","service":"neural-shop-backend","timestamp":"2026-04-03 16:06:57.724"}
{"level":"info","message":"🚀 Kafka producer connected","service":"neural-shop-backend","timestamp":"2026-04-03 16:06:57.752"}
{"level":"info","message":"Database URL mongodb://admin:admin@localhost:27017/neural_shop?authSource=admin","service":"neural-shop-backend","timestamp":"2026-04-03 16:07:13.456"}
{"environment":"development","level":"info","message":"🚀 Server is running on port 8000","port":8000,"service":"neural-shop-backend","timestamp":"2026-04-03 16:07:13.587"}
{"category":"database","level":"info","message":"🗄️  MongoDB connected","service":"neural-shop-backend","timestamp":"2026-04-03 16:07:13.588"}
{"level":"info","message":"✅ Redis Connected","service":"neural-shop-backend","timestamp":"2026-04-03 16:07:13.619"}
{"level":"info","message":"🚀 Redis Ready","service":"neural-shop-backend","timestamp":"2026-04-03 16:07:13.654"}
{"level":"info","message":"🚀 Redis connected","service":"neural-shop-backend","timestamp":"2026-04-03 16:07:13.657"}
{"category":"database","host":"localhost:27017","level":"info","message":"🗄️  Connected successfully","service":"neural-shop-backend","timestamp":"2026-04-03 16:07:13.688"}
{"level":"info","message":"🚀 Kafka producer connected","service":"neural-shop-backend","timestamp":"2026-04-03 16:07:13.697"}
{"level":"info","message":"🚀 Kafka consumers started","service":"neural-shop-backend","timestamp":"2026-04-03 16:07:52.699"}
{"level":"info","message":"Database URL mongodb://admin:admin@localhost:27017/neural_shop?authSource=admin","service":"neural-shop-backend","timestamp":"2026-04-03 16:08:07.184"}
{"environment":"development","level":"info","message":"🚀 Server is running on port 8000","port":8000,"service":"neural-shop-backend","timestamp":"2026-04-03 16:08:07.302"}
{"category":"database","level":"info","message":"🗄️  MongoDB connected","service":"neural-shop-backend","timestamp":"2026-04-03 16:08:07.304"}
{"level":"info","message":"✅ Redis Connected","service":"neural-shop-backend","timestamp":"2026-04-03 16:08:07.329"}
{"level":"info","message":"🚀 Redis Ready","service":"neural-shop-backend","timestamp":"2026-04-03 16:08:07.373"}
{"level":"info","message":"🚀 Redis connected","service":"neural-shop-backend","timestamp":"2026-04-03 16:08:07.375"}
{"category":"database","host":"localhost:27017","level":"info","message":"🗄️  Connected successfully","service":"neural-shop-backend","timestamp":"2026-04-03 16:08:07.382"}
{"level":"info","message":"🚀 Kafka producer connected","service":"neural-shop-backend","timestamp":"2026-04-03 16:08:07.414"}
{"level":"info","message":"Database URL mongodb://admin:admin@localhost:27017/neural_shop?authSource=admin","service":"neural-shop-backend","timestamp":"2026-04-03 16:08:20.080"}
{"environment":"development","level":"info","message":"🚀 Server is running on port 8000","port":8000,"service":"neural-shop-backend","timestamp":"2026-04-03 16:08:20.202"}
{"category":"database","level":"info","message":"🗄️  MongoDB connected","service":"neural-shop-backend","timestamp":"2026-04-03 16:08:20.203"}
{"level":"info","message":"✅ Redis Connected","service":"neural-shop-backend","timestamp":"2026-04-03 16:08:20.226"}
{"level":"info","message":"🚀 Redis Ready","service":"neural-shop-backend","timestamp":"2026-04-03 16:08:20.269"}
{"level":"info","message":"🚀 Redis connected","service":"neural-shop-backend","timestamp":"2026-04-03 16:08:20.270"}
{"category":"database","host":"localhost:27017","level":"info","message":"🗄️  Connected successfully","service":"neural-shop-backend","timestamp":"2026-04-03 16:08:20.278"}
{"level":"info","message":"🚀 Kafka producer connected","service":"neural-shop-backend","timestamp":"2026-04-03 16:08:20.303"}
{"level":"info","message":"Database URL mongodb://admin:admin@localhost:27017/neural_shop?authSource=admin","service":"neural-shop-backend","timestamp":"2026-04-03 16:08:32.637"}
{"environment":"development","level":"info","message":"🚀 Server is running on port 8000","port":8000,"service":"neural-shop-backend","timestamp":"2026-04-03 16:08:32.772"}
{"category":"database","level":"info","message":"🗄️  MongoDB connected","service":"neural-shop-backend","timestamp":"2026-04-03 16:08:32.773"}
{"level":"info","message":"✅ Redis Connected","service":"neural-shop-backend","timestamp":"2026-04-03 16:08:32.797"}
{"level":"info","message":"🚀 Redis Ready","service":"neural-shop-backend","timestamp":"2026-04-03 16:08:32.841"}
{"level":"info","message":"🚀 Redis connected","service":"neural-shop-backend","timestamp":"2026-04-03 16:08:32.842"}
{"category":"database","host":"localhost:27017","level":"info","message":"🗄️  Connected successfully","service":"neural-shop-backend","timestamp":"2026-04-03 16:08:32.850"}
{"level":"info","message":"🚀 Kafka producer connected","service":"neural-shop-backend","timestamp":"2026-04-03 16:08:32.873"}
{"level":"info","message":"Database URL mongodb://admin:admin@localhost:27017/neural_shop?authSource=admin","service":"neural-shop-backend","timestamp":"2026-04-03 16:08:53.858"}
{"environment":"development","level":"info","message":"🚀 Server is running on port 8000","port":8000,"service":"neural-shop-backend","timestamp":"2026-04-03 16:08:53.974"}
{"category":"database","level":"info","message":"🗄️  MongoDB connected","service":"neural-shop-backend","timestamp":"2026-04-03 16:08:53.976"}
{"level":"info","message":"✅ Redis Connected","service":"neural-shop-backend","timestamp":"2026-04-03 16:08:53.995"}
{"level":"info","message":"🚀 Redis Ready","service":"neural-shop-backend","timestamp":"2026-04-03 16:08:54.041"}
{"level":"info","message":"🚀 Redis connected","service":"neural-shop-backend","timestamp":"2026-04-03 16:08:54.044"}
{"category":"database","host":"localhost:27017","level":"info","message":"🗄️  Connected successfully","service":"neural-shop-backend","timestamp":"2026-04-03 16:08:54.051"}
{"level":"info","message":"🚀 Kafka producer connected","service":"neural-shop-backend","timestamp":"2026-04-03 16:08:54.077"}
{"category":"http","ip":"::1","level":"info","message":"→ POST /adminregister [400]","service":"neural-shop-backend","timestamp":"2026-04-03 16:09:05.487","userAgent":"PostmanRuntime/7.53.0"}
{"category":"http","ip":"::1","level":"info","message":"→ POST /adminregister [201]","service":"neural-shop-backend","timestamp":"2026-04-03 16:09:23.262","userAgent":"PostmanRuntime/7.53.0"}
{"level":"info","message":"🚀 Kafka consumers started","service":"neural-shop-backend","timestamp":"2026-04-03 16:09:32.999"}
{"errors":[{"location":"body","msg":"Name is required","path":"name","type":"field","value":""},{"location":"body","msg":"Name must be at least 2 characters","path":"name","type":"field","value":""}],"level":"warn","message":"Validation error","method":"POST","path":"/registration","service":"neural-shop-backend","timestamp":"2026-04-03 16:10:09.114"}
{"category":"http","ip":"::1","level":"info","message":"→ POST /registration [400]","service":"neural-shop-backend","timestamp":"2026-04-03 16:10:09.115","userAgent":"PostmanRuntime/7.53.0"}
{"errors":[{"location":"body","msg":"OTP is required","path":"otp","type":"field"},{"location":"body","msg":"OTP must be 6 digits","path":"otp","type":"field"},{"location":"body","msg":"OTP must be numeric","path":"otp","type":"field"}],"level":"warn","message":"Validation error","method":"POST","path":"/verify-email","service":"neural-shop-backend","timestamp":"2026-04-03 16:10:54.301"}
{"category":"http","ip":"::1","level":"info","message":"→ POST /verify-email [400]","service":"neural-shop-backend","timestamp":"2026-04-03 16:10:54.303","userAgent":"PostmanRuntime/7.53.0"}
{"level":"info","message":"Database URL mongodb://admin:admin@localhost:27017/neural_shop?authSource=admin","service":"neural-shop-backend","timestamp":"2026-04-03 16:12:35.951"}
{"environment":"development","level":"info","message":"🚀 Server is running on port 8000","port":8000,"service":"neural-shop-backend","timestamp":"2026-04-03 16:12:36.062"}
{"category":"database","level":"info","message":"🗄️  MongoDB connected","service":"neural-shop-backend","timestamp":"2026-04-03 16:12:36.064"}
{"level":"info","message":"✅ Redis Connected","service":"neural-shop-backend","timestamp":"2026-04-03 16:12:36.090"}
{"level":"info","message":"🚀 Redis Ready","service":"neural-shop-backend","timestamp":"2026-04-03 16:12:36.125"}
{"level":"info","message":"🚀 Redis connected","service":"neural-shop-backend","timestamp":"2026-04-03 16:12:36.127"}
{"category":"database","host":"localhost:27017","level":"info","message":"🗄️  Connected successfully","service":"neural-shop-backend","timestamp":"2026-04-03 16:12:36.150"}
{"level":"info","message":"🚀 Kafka producer connected","service":"neural-shop-backend","timestamp":"2026-04-03 16:12:36.182"}
{"level":"info","message":"🚀 Kafka consumers started","service":"neural-shop-backend","timestamp":"2026-04-03 16:12:39.245"}
{"category":"http","ip":"::1","level":"info","message":"→ POST /adminregister [201]","service":"neural-shop-backend","timestamp":"2026-04-03 16:12:52.727","userAgent":"PostmanRuntime/7.53.0"}
{"category":"http","ip":"::1","level":"info","message":"→ POST /verify-email [400]","service":"neural-shop-backend","timestamp":"2026-04-03 16:13:33.069","userAgent":"PostmanRuntime/7.53.0"}
{"level":"info","message":"Database URL mongodb://admin:admin@localhost:27017/neural_shop?authSource=admin","service":"neural-shop-backend","timestamp":"2026-04-03 16:14:39.777"}
{"environment":"development","level":"info","message":"🚀 Server is running on port 8000","port":8000,"service":"neural-shop-backend","timestamp":"2026-04-03 16:14:39.941"}
{"category":"database","level":"info","message":"🗄️  MongoDB connected","service":"neural-shop-backend","timestamp":"2026-04-03 16:14:39.944"}
{"level":"info","message":"✅ Redis Connected","service":"neural-shop-backend","timestamp":"2026-04-03 16:14:39.970"}
{"level":"info","message":"🚀 Redis Ready","service":"neural-shop-backend","timestamp":"2026-04-03 16:14:40.010"}
{"level":"info","message":"🚀 Redis connected","service":"neural-shop-backend","timestamp":"2026-04-03 16:14:40.012"}
{"category":"database","host":"localhost:27017","level":"info","message":"🗄️  Connected successfully","service":"neural-shop-backend","timestamp":"2026-04-03 16:14:40.039"}
{"level":"info","message":"🚀 Kafka producer connected","service":"neural-shop-backend","timestamp":"2026-04-03 16:14:40.070"}
{"level":"info","message":"Database URL mongodb://admin:admin@localhost:27017/neural_shop?authSource=admin","service":"neural-shop-backend","timestamp":"2026-04-03 16:14:53.975"}
{"environment":"development","level":"info","message":"🚀 Server is running on port 8000","port":8000,"service":"neural-shop-backend","timestamp":"2026-04-03 16:14:54.087"}
{"category":"database","level":"info","message":"🗄️  MongoDB connected","service":"neural-shop-backend","timestamp":"2026-04-03 16:14:54.088"}
{"level":"info","message":"✅ Redis Connected","service":"neural-shop-backend","timestamp":"2026-04-03 16:14:54.113"}
{"level":"info","message":"🚀 Redis Ready","service":"neural-shop-backend","timestamp":"2026-04-03 16:14:54.151"}
{"level":"info","message":"🚀 Redis connected","service":"neural-shop-backend","timestamp":"2026-04-03 16:14:54.153"}
{"category":"database","host":"localhost:27017","level":"info","message":"🗄️  Connected successfully","service":"neural-shop-backend","timestamp":"2026-04-03 16:14:54.176"}
{"level":"info","message":"🚀 Kafka producer connected","service":"neural-shop-backend","timestamp":"2026-04-03 16:14:54.186"}
{"level":"info","message":"Database URL mongodb://admin:admin@localhost:27017/neural_shop?authSource=admin","service":"neural-shop-backend","timestamp":"2026-04-03 16:15:03.144"}
{"environment":"development","level":"info","message":"🚀 Server is running on port 8000","port":8000,"service":"neural-shop-backend","timestamp":"2026-04-03 16:15:03.273"}
{"category":"database","level":"info","message":"🗄️  MongoDB connected","service":"neural-shop-backend","timestamp":"2026-04-03 16:15:03.275"}
{"level":"info","message":"✅ Redis Connected","service":"neural-shop-backend","timestamp":"2026-04-03 16:15:03.297"}
{"level":"info","message":"🚀 Redis Ready","service":"neural-shop-backend","timestamp":"2026-04-03 16:15:03.335"}
{"level":"info","message":"🚀 Redis connected","service":"neural-shop-backend","timestamp":"2026-04-03 16:15:03.337"}
{"category":"database","host":"localhost:27017","level":"info","message":"🗄️  Connected successfully","service":"neural-shop-backend","timestamp":"2026-04-03 16:15:03.365"}
{"level":"info","message":"🚀 Kafka producer connected","service":"neural-shop-backend","timestamp":"2026-04-03 16:15:03.376"}
{"level":"info","message":"Database URL mongodb://admin:admin@localhost:27017/neural_shop?authSource=admin","service":"neural-shop-backend","timestamp":"2026-04-03 16:15:16.284"}
{"environment":"development","level":"info","message":"🚀 Server is running on port 8000","port":8000,"service":"neural-shop-backend","timestamp":"2026-04-03 16:15:16.404"}
{"category":"database","level":"info","message":"🗄️  MongoDB connected","service":"neural-shop-backend","timestamp":"2026-04-03 16:15:16.406"}
{"level":"info","message":"✅ Redis Connected","service":"neural-shop-backend","timestamp":"2026-04-03 16:15:16.432"}
{"level":"info","message":"🚀 Redis Ready","service":"neural-shop-backend","timestamp":"2026-04-03 16:15:16.476"}
{"level":"info","message":"🚀 Redis connected","service":"neural-shop-backend","timestamp":"2026-04-03 16:15:16.479"}
{"category":"database","host":"localhost:27017","level":"info","message":"🗄️  Connected successfully","service":"neural-shop-backend","timestamp":"2026-04-03 16:15:16.507"}
{"level":"info","message":"🚀 Kafka producer connected","service":"neural-shop-backend","timestamp":"2026-04-03 16:15:16.540"}
{"level":"info","message":"Database URL mongodb://admin:admin@localhost:27017/neural_shop?authSource=admin","service":"neural-shop-backend","timestamp":"2026-04-03 16:15:45.132"}
{"environment":"development","level":"info","message":"🚀 Server is running on port 8000","port":8000,"service":"neural-shop-backend","timestamp":"2026-04-03 16:15:45.288"}
{"category":"database","level":"info","message":"🗄️  MongoDB connected","service":"neural-shop-backend","timestamp":"2026-04-03 16:15:45.289"}
{"level":"info","message":"✅ Redis Connected","service":"neural-shop-backend","timestamp":"2026-04-03 16:15:45.303"}
{"level":"info","message":"🚀 Redis Ready","service":"neural-shop-backend","timestamp":"2026-04-03 16:15:45.329"}
{"level":"info","message":"🚀 Redis connected","service":"neural-shop-backend","timestamp":"2026-04-03 16:15:45.331"}
{"level":"info","message":"🚀 Kafka producer connected","service":"neural-shop-backend","timestamp":"2026-04-03 16:15:45.362"}
{"category":"database","host":"localhost:27017","level":"info","message":"🗄️  Connected successfully","service":"neural-shop-backend","timestamp":"2026-04-03 16:15:45.367"}
{"level":"info","message":"Database URL mongodb://admin:admin@localhost:27017/neural_shop?authSource=admin","service":"neural-shop-backend","timestamp":"2026-04-03 16:15:50.340"}
{"environment":"development","level":"info","message":"🚀 Server is running on port 8000","port":8000,"service":"neural-shop-backend","timestamp":"2026-04-03 16:15:50.456"}
{"category":"database","level":"info","message":"🗄️  MongoDB connected","service":"neural-shop-backend","timestamp":"2026-04-03 16:15:50.458"}
{"level":"info","message":"✅ Redis Connected","service":"neural-shop-backend","timestamp":"2026-04-03 16:15:50.481"}
{"level":"info","message":"🚀 Redis Ready","service":"neural-shop-backend","timestamp":"2026-04-03 16:15:50.532"}
{"level":"info","message":"🚀 Redis connected","service":"neural-shop-backend","timestamp":"2026-04-03 16:15:50.535"}
{"category":"database","host":"localhost:27017","level":"info","message":"🗄️  Connected successfully","service":"neural-shop-backend","timestamp":"2026-04-03 16:15:50.542"}
{"level":"info","message":"🚀 Kafka producer connected","service":"neural-shop-backend","timestamp":"2026-04-03 16:15:50.571"}
{"level":"info","message":"Database URL mongodb://admin:admin@localhost:27017/neural_shop?authSource=admin","service":"neural-shop-backend","timestamp":"2026-04-03 16:15:59.425"}
{"environment":"development","level":"info","message":"🚀 Server is running on port 8000","port":8000,"service":"neural-shop-backend","timestamp":"2026-04-03 16:15:59.581"}
{"category":"database","level":"info","message":"🗄️  MongoDB connected","service":"neural-shop-backend","timestamp":"2026-04-03 16:15:59.583"}
{"level":"info","message":"✅ Redis Connected","service":"neural-shop-backend","timestamp":"2026-04-03 16:15:59.611"}
{"level":"info","message":"🚀 Redis Ready","service":"neural-shop-backend","timestamp":"2026-04-03 16:15:59.643"}
{"level":"info","message":"🚀 Redis connected","service":"neural-shop-backend","timestamp":"2026-04-03 16:15:59.646"}
{"category":"database","host":"localhost:27017","level":"info","message":"🗄️  Connected successfully","service":"neural-shop-backend","timestamp":"2026-04-03 16:15:59.672"}
{"level":"info","message":"🚀 Kafka producer connected","service":"neural-shop-backend","timestamp":"2026-04-03 16:15:59.681"}
{"level":"info","message":"🚀 Kafka consumers started","service":"neural-shop-backend","timestamp":"2026-04-03 16:16:20.622"}
{"level":"info","message":"Database URL mongodb://admin:admin@localhost:27017/neural_shop?authSource=admin","service":"neural-shop-backend","timestamp":"2026-04-03 16:16:46.094"}
{"environment":"development","level":"info","message":"🚀 Server is running on port 8000","port":8000,"service":"neural-shop-backend","timestamp":"2026-04-03 16:16:46.221"}
{"category":"database","level":"info","message":"🗄️  MongoDB connected","service":"neural-shop-backend","timestamp":"2026-04-03 16:16:46.222"}
{"level":"info","message":"✅ Redis Connected","service":"neural-shop-backend","timestamp":"2026-04-03 16:16:46.239"}
{"level":"info","message":"🚀 Redis Ready","service":"neural-shop-backend","timestamp":"2026-04-03 16:16:46.282"}
{"level":"info","message":"🚀 Redis connected","service":"neural-shop-backend","timestamp":"2026-04-03 16:16:46.284"}
{"category":"database","host":"localhost:27017","level":"info","message":"🗄️  Connected successfully","service":"neural-shop-backend","timestamp":"2026-04-03 16:16:46.291"}
{"level":"info","message":"🚀 Kafka producer connected","service":"neural-shop-backend","timestamp":"2026-04-03 16:16:46.318"}
{"level":"info","message":"🚀 Kafka consumers started","service":"neural-shop-backend","timestamp":"2026-04-03 16:17:00.672"}
{"level":"info","message":"Database URL mongodb://admin:admin@localhost:27017/neural_shop?authSource=admin","service":"neural-shop-backend","timestamp":"2026-04-03 16:17:26.839"}
{"environment":"development","level":"info","message":"🚀 Server is running on port 8000","port":8000,"service":"neural-shop-backend","timestamp":"2026-04-03 16:17:26.973"}
{"category":"database","level":"info","message":"🗄️  MongoDB connected","service":"neural-shop-backend","timestamp":"2026-04-03 16:17:26.975"}
{"level":"info","message":"✅ Redis Connected","service":"neural-shop-backend","timestamp":"2026-04-03 16:17:26.994"}
{"level":"info","message":"🚀 Redis Ready","service":"neural-shop-backend","timestamp":"2026-04-03 16:17:27.039"}
{"category":"database","host":"localhost:27017","level":"info","message":"🗄️  Connected successfully","service":"neural-shop-backend","timestamp":"2026-04-03 16:17:27.044"}
{"level":"info","message":"🚀 Redis connected","service":"neural-shop-backend","timestamp":"2026-04-03 16:17:27.051"}
{"level":"info","message":"🚀 Kafka producer connected","service":"neural-shop-backend","timestamp":"2026-04-03 16:17:27.082"}
{"level":"info","message":"Database URL mongodb://admin:admin@localhost:27017/neural_shop?authSource=admin","service":"neural-shop-backend","timestamp":"2026-04-03 16:17:52.192"}
{"environment":"development","level":"info","message":"🚀 Server is running on port 8000","port":8000,"service":"neural-shop-backend","timestamp":"2026-04-03 16:17:52.317"}
{"category":"database","level":"info","message":"🗄️  MongoDB connected","service":"neural-shop-backend","timestamp":"2026-04-03 16:17:52.318"}
{"level":"info","message":"✅ Redis Connected","service":"neural-shop-backend","timestamp":"2026-04-03 16:17:52.341"}
{"level":"info","message":"🚀 Redis Ready","service":"neural-shop-backend","timestamp":"2026-04-03 16:17:52.373"}
{"level":"info","message":"🚀 Redis connected","service":"neural-shop-backend","timestamp":"2026-04-03 16:17:52.377"}
{"level":"info","message":"🚀 Kafka producer connected","service":"neural-shop-backend","timestamp":"2026-04-03 16:17:52.402"}
{"category":"database","host":"localhost:27017","level":"info","message":"🗄️  Connected successfully","service":"neural-shop-backend","timestamp":"2026-04-03 16:17:52.408"}
{"level":"info","message":"Database URL mongodb://admin:admin@localhost:27017/neural_shop?authSource=admin","service":"neural-shop-backend","timestamp":"2026-04-03 16:18:01.199"}
{"environment":"development","level":"info","message":"🚀 Server is running on port 8000","port":8000,"service":"neural-shop-backend","timestamp":"2026-04-03 16:18:01.320"}
{"category":"database","level":"info","message":"🗄️  MongoDB connected","service":"neural-shop-backend","timestamp":"2026-04-03 16:18:01.322"}
{"level":"info","message":"✅ Redis Connected","service":"neural-shop-backend","timestamp":"2026-04-03 16:18:01.348"}
{"level":"info","message":"🚀 Redis Ready","service":"neural-shop-backend","timestamp":"2026-04-03 16:18:01.388"}
{"level":"info","message":"🚀 Redis connected","service":"neural-shop-backend","timestamp":"2026-04-03 16:18:01.391"}
{"category":"database","host":"localhost:27017","level":"info","message":"🗄️  Connected successfully","service":"neural-shop-backend","timestamp":"2026-04-03 16:18:01.415"}
{"level":"info","message":"🚀 Kafka producer connected","service":"neural-shop-backend","timestamp":"2026-04-03 16:18:01.444"}
{"level":"info","message":"🚀 Kafka consumers started","service":"neural-shop-backend","timestamp":"2026-04-03 16:18:51.033"}
{"level":"info","message":"Database URL mongodb://admin:admin@localhost:27017/neural_shop?authSource=admin","service":"neural-shop-backend","timestamp":"2026-04-03 16:29:04.480"}
{"environment":"development","level":"info","message":"🚀 Server is running on port 8000","port":8000,"service":"neural-shop-backend","timestamp":"2026-04-03 16:29:04.621"}
{"category":"database","level":"info","message":"🗄️  MongoDB connected","service":"neural-shop-backend","timestamp":"2026-04-03 16:29:04.622"}
{"level":"info","message":"✅ Redis Connected","service":"neural-shop-backend","timestamp":"2026-04-03 16:29:04.641"}
{"level":"info","message":"🚀 Redis Ready","service":"neural-shop-backend","timestamp":"2026-04-03 16:29:04.673"}
{"level":"info","message":"🚀 Redis connected","service":"neural-shop-backend","timestamp":"2026-04-03 16:29:04.675"}
{"category":"database","host":"localhost:27017","level":"info","message":"🗄️  Connected successfully","service":"neural-shop-backend","timestamp":"2026-04-03 16:29:04.702"}
{"level":"info","message":"🚀 Kafka producer connected","service":"neural-shop-backend","timestamp":"2026-04-03 16:29:04.711"}
{"level":"info","message":"Database URL mongodb://admin:admin@localhost:27017/neural_shop?authSource=admin","service":"neural-shop-backend","timestamp":"2026-04-03 16:29:12.406"}
{"environment":"development","level":"info","message":"🚀 Server is running on port 8000","port":8000,"service":"neural-shop-backend","timestamp":"2026-04-03 16:29:12.524"}
{"category":"database","level":"info","message":"🗄️  MongoDB connected","service":"neural-shop-backend","timestamp":"2026-04-03 16:29:12.525"}
{"level":"info","message":"✅ Redis Connected","service":"neural-shop-backend","timestamp":"2026-04-03 16:29:12.544"}
{"level":"info","message":"🚀 Redis Ready","service":"neural-shop-backend","timestamp":"2026-04-03 16:29:12.585"}
{"level":"info","message":"🚀 Redis connected","service":"neural-shop-backend","timestamp":"2026-04-03 16:29:12.586"}
{"category":"database","host":"localhost:27017","level":"info","message":"🗄️  Connected successfully","service":"neural-shop-backend","timestamp":"2026-04-03 16:29:12.593"}
{"level":"info","message":"🚀 Kafka producer connected","service":"neural-shop-backend","timestamp":"2026-04-03 16:29:12.620"}
{"level":"info","message":"🚀 Kafka consumers started","service":"neural-shop-backend","timestamp":"2026-04-03 16:30:01.934"}
{"level":"info","message":"Database URL mongodb://admin:admin@localhost:27017/neural_shop?authSource=admin","service":"neural-shop-backend","timestamp":"2026-04-03 16:30:51.200"}
{"environment":"development","level":"info","message":"🚀 Server is running on port 8000","port":8000,"service":"neural-shop-backend","timestamp":"2026-04-03 16:30:51.353"}
{"category":"database","level":"info","message":"🗄️  MongoDB connected","service":"neural-shop-backend","timestamp":"2026-04-03 16:30:51.354"}
{"level":"info","message":"✅ Redis Connected","service":"neural-shop-backend","timestamp":"2026-04-03 16:30:51.374"}
{"level":"info","message":"🚀 Redis Ready","service":"neural-shop-backend","timestamp":"2026-04-03 16:30:51.408"}
{"level":"info","message":"🚀 Redis connected","service":"neural-shop-backend","timestamp":"2026-04-03 16:30:51.409"}
{"category":"database","host":"localhost:27017","level":"info","message":"🗄️  Connected successfully","service":"neural-shop-backend","timestamp":"2026-04-03 16:30:51.434"}
{"level":"info","message":"🚀 Kafka producer connected","service":"neural-shop-backend","timestamp":"2026-04-03 16:30:51.444"}
{"level":"info","message":"Database URL mongodb://admin:admin@localhost:27017/neural_shop?authSource=admin","service":"neural-shop-backend","timestamp":"2026-04-03 16:30:54.533"}
{"environment":"development","level":"info","message":"🚀 Server is running on port 8000","port":8000,"service":"neural-shop-backend","timestamp":"2026-04-03 16:30:54.649"}
{"category":"database","level":"info","message":"🗄️  MongoDB connected","service":"neural-shop-backend","timestamp":"2026-04-03 16:30:54.650"}
{"level":"info","message":"✅ Redis Connected","service":"neural-shop-backend","timestamp":"2026-04-03 16:30:54.669"}
{"level":"info","message":"🚀 Redis Ready","service":"neural-shop-backend","timestamp":"2026-04-03 16:30:54.703"}
{"level":"info","message":"🚀 Redis connected","service":"neural-shop-backend","timestamp":"2026-04-03 16:30:54.705"}
{"category":"database","host":"localhost:27017","level":"info","message":"🗄️  Connected successfully","service":"neural-shop-backend","timestamp":"2026-04-03 16:30:54.728"}
{"level":"info","message":"🚀 Kafka producer connected","service":"neural-shop-backend","timestamp":"2026-04-03 16:30:54.739"}
{"level":"info","message":"Database URL mongodb://admin:admin@localhost:27017/neural_shop?authSource=admin","service":"neural-shop-backend","timestamp":"2026-04-03 16:31:10.626"}
{"environment":"development","level":"info","message":"🚀 Server is running on port 8000","port":8000,"service":"neural-shop-backend","timestamp":"2026-04-03 16:31:10.768"}
{"category":"database","level":"info","message":"🗄️  MongoDB connected","service":"neural-shop-backend","timestamp":"2026-04-03 16:31:10.771"}
{"level":"info","message":"✅ Redis Connected","service":"neural-shop-backend","timestamp":"2026-04-03 16:31:10.791"}
{"level":"info","message":"🚀 Redis Ready","service":"neural-shop-backend","timestamp":"2026-04-03 16:31:10.846"}
{"level":"info","message":"🚀 Redis connected","service":"neural-shop-backend","timestamp":"2026-04-03 16:31:10.848"}
{"category":"database","host":"localhost:27017","level":"info","message":"🗄️  Connected successfully","service":"neural-shop-backend","timestamp":"2026-04-03 16:31:10.856"}
{"level":"info","message":"🚀 Kafka producer connected","service":"neural-shop-backend","timestamp":"2026-04-03 16:31:10.886"}
{"level":"info","message":"Database URL mongodb://admin:admin@localhost:27017/neural_shop?authSource=admin","service":"neural-shop-backend","timestamp":"2026-04-03 16:31:20.962"}
{"environment":"development","level":"info","message":"🚀 Server is running on port 8000","port":8000,"service":"neural-shop-backend","timestamp":"2026-04-03 16:31:21.096"}
{"category":"database","level":"info","message":"🗄️  MongoDB connected","service":"neural-shop-backend","timestamp":"2026-04-03 16:31:21.098"}
{"level":"info","message":"✅ Redis Connected","service":"neural-shop-backend","timestamp":"2026-04-03 16:31:21.117"}
{"level":"info","message":"🚀 Redis Ready","service":"neural-shop-backend","timestamp":"2026-04-03 16:31:21.161"}
{"level":"info","message":"🚀 Redis connected","service":"neural-shop-backend","timestamp":"2026-04-03 16:31:21.163"}
{"category":"database","host":"localhost:27017","level":"info","message":"🗄️  Connected successfully","service":"neural-shop-backend","timestamp":"2026-04-03 16:31:21.170"}
{"level":"info","message":"🚀 Kafka producer connected","service":"neural-shop-backend","timestamp":"2026-04-03 16:31:21.196"}
{"level":"info","message":"Database URL mongodb://admin:admin@localhost:27017/neural_shop?authSource=admin","service":"neural-shop-backend","timestamp":"2026-04-03 16:31:26.517"}
{"environment":"development","level":"info","message":"🚀 Server is running on port 8000","port":8000,"service":"neural-shop-backend","timestamp":"2026-04-03 16:31:26.637"}
{"category":"database","level":"info","message":"🗄️  MongoDB connected","service":"neural-shop-backend","timestamp":"2026-04-03 16:31:26.638"}
{"level":"info","message":"✅ Redis Connected","service":"neural-shop-backend","timestamp":"2026-04-03 16:31:26.664"}
{"level":"info","message":"🚀 Redis Ready","service":"neural-shop-backend","timestamp":"2026-04-03 16:31:26.691"}
{"level":"info","message":"🚀 Redis connected","service":"neural-shop-backend","timestamp":"2026-04-03 16:31:26.702"}
{"category":"database","host":"localhost:27017","level":"info","message":"🗄️  Connected successfully","service":"neural-shop-backend","timestamp":"2026-04-03 16:31:26.710"}
{"level":"info","message":"🚀 Kafka producer connected","service":"neural-shop-backend","timestamp":"2026-04-03 16:31:26.741"}
{"level":"info","message":"Database URL mongodb://admin:admin@localhost:27017/neural_shop?authSource=admin","service":"neural-shop-backend","timestamp":"2026-04-03 16:31:29.756"}
{"environment":"development","level":"info","message":"🚀 Server is running on port 8000","port":8000,"service":"neural-shop-backend","timestamp":"2026-04-03 16:31:29.869"}
{"category":"database","level":"info","message":"🗄️  MongoDB connected","service":"neural-shop-backend","timestamp":"2026-04-03 16:31:29.870"}
{"level":"info","message":"✅ Redis Connected","service":"neural-shop-backend","timestamp":"2026-04-03 16:31:29.891"}
{"level":"info","message":"🚀 Redis Ready","service":"neural-shop-backend","timestamp":"2026-04-03 16:31:29.916"}
{"level":"info","message":"🚀 Redis connected","service":"neural-shop-backend","timestamp":"2026-04-03 16:31:29.919"}
{"level":"info","message":"Database URL mongodb://admin:admin@localhost:27017/neural_shop?authSource=admin","service":"neural-shop-backend","timestamp":"2026-04-03 16:31:31.420"}
{"environment":"development","level":"info","message":"🚀 Server is running on port 8000","port":8000,"service":"neural-shop-backend","timestamp":"2026-04-03 16:31:31.533"}
{"category":"database","level":"info","message":"🗄️  MongoDB connected","service":"neural-shop-backend","timestamp":"2026-04-03 16:31:31.534"}
{"level":"info","message":"✅ Redis Connected","service":"neural-shop-backend","timestamp":"2026-04-03 16:31:31.559"}
{"level":"info","message":"🚀 Redis Ready","service":"neural-shop-backend","timestamp":"2026-04-03 16:31:31.588"}
{"level":"info","message":"🚀 Redis connected","service":"neural-shop-backend","timestamp":"2026-04-03 16:31:31.589"}
{"category":"database","host":"localhost:27017","level":"info","message":"🗄️  Connected successfully","service":"neural-shop-backend","timestamp":"2026-04-03 16:31:31.613"}
{"level":"info","message":"🚀 Kafka producer connected","service":"neural-shop-backend","timestamp":"2026-04-03 16:31:31.628"}
{"level":"info","message":"Database URL mongodb://admin:admin@localhost:27017/neural_shop?authSource=admin","service":"neural-shop-backend","timestamp":"2026-04-03 16:31:51.952"}
{"environment":"development","level":"info","message":"🚀 Server is running on port 8000","port":8000,"service":"neural-shop-backend","timestamp":"2026-04-03 16:31:52.066"}
{"category":"database","level":"info","message":"🗄️  MongoDB connected","service":"neural-shop-backend","timestamp":"2026-04-03 16:31:52.067"}
{"level":"info","message":"✅ Redis Connected","service":"neural-shop-backend","timestamp":"2026-04-03 16:31:52.091"}
{"level":"info","message":"🚀 Redis Ready","service":"neural-shop-backend","timestamp":"2026-04-03 16:31:52.125"}
{"level":"info","message":"🚀 Redis connected","service":"neural-shop-backend","timestamp":"2026-04-03 16:31:52.127"}
{"category":"database","host":"localhost:27017","level":"info","message":"🗄️  Connected successfully","service":"neural-shop-backend","timestamp":"2026-04-03 16:31:52.153"}
{"level":"info","message":"🚀 Kafka producer connected","service":"neural-shop-backend","timestamp":"2026-04-03 16:31:52.164"}
{"level":"info","message":"🚀 Kafka consumers started","service":"neural-shop-backend","timestamp":"2026-04-03 16:32:21.251"}
{"category":"http","ip":"::1","level":"info","message":"→ POST /adminregister [400]","service":"neural-shop-backend","timestamp":"2026-04-03 16:32:32.492","userAgent":"PostmanRuntime/7.53.0"}
{"level":"info","message":"Database URL mongodb://admin:admin@localhost:27017/neural_shop?authSource=admin","service":"neural-shop-backend","timestamp":"2026-04-03 16:33:42.597"}
{"environment":"development","level":"info","message":"🚀 Server is running on port 8000","port":8000,"service":"neural-shop-backend","timestamp":"2026-04-03 16:33:42.739"}
{"category":"database","level":"info","message":"🗄️  MongoDB connected","service":"neural-shop-backend","timestamp":"2026-04-03 16:33:42.740"}
{"level":"info","message":"✅ Redis Connected","service":"neural-shop-backend","timestamp":"2026-04-03 16:33:42.763"}
{"level":"info","message":"🚀 Redis Ready","service":"neural-shop-backend","timestamp":"2026-04-03 16:33:42.798"}
{"level":"info","message":"🚀 Redis connected","service":"neural-shop-backend","timestamp":"2026-04-03 16:33:42.800"}
{"category":"database","host":"localhost:27017","level":"info","message":"🗄️  Connected successfully","service":"neural-shop-backend","timestamp":"2026-04-03 16:33:42.829"}
{"level":"info","message":"🚀 Kafka producer connected","service":"neural-shop-backend","timestamp":"2026-04-03 16:33:42.840"}
{"level":"info","message":"Database URL mongodb://admin:admin@localhost:27017/neural_shop?authSource=admin","service":"neural-shop-backend","timestamp":"2026-04-03 16:33:53.118"}
{"environment":"development","level":"info","message":"🚀 Server is running on port 8000","port":8000,"service":"neural-shop-backend","timestamp":"2026-04-03 16:33:53.232"}
{"category":"database","level":"info","message":"🗄️  MongoDB connected","service":"neural-shop-backend","timestamp":"2026-04-03 16:33:53.233"}
{"level":"info","message":"✅ Redis Connected","service":"neural-shop-backend","timestamp":"2026-04-03 16:33:53.263"}
{"level":"info","message":"🚀 Redis Ready","service":"neural-shop-backend","timestamp":"2026-04-03 16:33:53.288"}
{"level":"info","message":"🚀 Redis connected","service":"neural-shop-backend","timestamp":"2026-04-03 16:33:53.291"}
{"category":"database","host":"localhost:27017","level":"info","message":"🗄️  Connected successfully","service":"neural-shop-backend","timestamp":"2026-04-03 16:33:53.321"}
{"level":"info","message":"🚀 Kafka producer connected","service":"neural-shop-backend","timestamp":"2026-04-03 16:33:53.331"}
{"level":"info","message":"Database URL mongodb://admin:admin@localhost:27017/neural_shop?authSource=admin","service":"neural-shop-backend","timestamp":"2026-04-03 16:33:59.071"}
{"environment":"development","level":"info","message":"🚀 Server is running on port 8000","port":8000,"service":"neural-shop-backend","timestamp":"2026-04-03 16:33:59.192"}
{"category":"database","level":"info","message":"🗄️  MongoDB connected","service":"neural-shop-backend","timestamp":"2026-04-03 16:33:59.193"}
{"level":"info","message":"✅ Redis Connected","service":"neural-shop-backend","timestamp":"2026-04-03 16:33:59.214"}
{"level":"info","message":"🚀 Redis Ready","service":"neural-shop-backend","timestamp":"2026-04-03 16:33:59.255"}
{"level":"info","message":"🚀 Redis connected","service":"neural-shop-backend","timestamp":"2026-04-03 16:33:59.259"}
{"category":"database","host":"localhost:27017","level":"info","message":"🗄️  Connected successfully","service":"neural-shop-backend","timestamp":"2026-04-03 16:33:59.286"}
{"level":"info","message":"🚀 Kafka producer connected","service":"neural-shop-backend","timestamp":"2026-04-03 16:33:59.296"}
{"level":"info","message":"Database URL mongodb://admin:admin@localhost:27017/neural_shop?authSource=admin","service":"neural-shop-backend","timestamp":"2026-04-03 16:34:09.671"}
{"environment":"development","level":"info","message":"🚀 Server is running on port 8000","port":8000,"service":"neural-shop-backend","timestamp":"2026-04-03 16:34:09.856"}
{"category":"database","level":"info","message":"🗄️  MongoDB connected","service":"neural-shop-backend","timestamp":"2026-04-03 16:34:09.857"}
{"level":"info","message":"✅ Redis Connected","service":"neural-shop-backend","timestamp":"2026-04-03 16:34:09.876"}
{"level":"info","message":"🚀 Redis Ready","service":"neural-shop-backend","timestamp":"2026-04-03 16:34:09.929"}
{"level":"info","message":"🚀 Redis connected","service":"neural-shop-backend","timestamp":"2026-04-03 16:34:09.931"}
{"category":"database","host":"localhost:27017","level":"info","message":"🗄️  Connected successfully","service":"neural-shop-backend","timestamp":"2026-04-03 16:34:09.939"}
{"level":"info","message":"🚀 Kafka producer connected","service":"neural-shop-backend","timestamp":"2026-04-03 16:34:09.968"}
{"level":"info","message":"Database URL mongodb://admin:admin@localhost:27017/neural_shop?authSource=admin","service":"neural-shop-backend","timestamp":"2026-04-03 16:34:14.166"}
{"environment":"development","level":"info","message":"🚀 Server is running on port 8000","port":8000,"service":"neural-shop-backend","timestamp":"2026-04-03 16:34:14.276"}
{"category":"database","level":"info","message":"🗄️  MongoDB connected","service":"neural-shop-backend","timestamp":"2026-04-03 16:34:14.278"}
{"level":"info","message":"✅ Redis Connected","service":"neural-shop-backend","timestamp":"2026-04-03 16:34:14.294"}
{"level":"info","message":"🚀 Redis Ready","service":"neural-shop-backend","timestamp":"2026-04-03 16:34:14.320"}
{"level":"info","message":"🚀 Redis connected","service":"neural-shop-backend","timestamp":"2026-04-03 16:34:14.322"}
{"category":"database","host":"localhost:27017","level":"info","message":"🗄️  Connected successfully","service":"neural-shop-backend","timestamp":"2026-04-03 16:34:14.350"}
{"level":"info","message":"🚀 Kafka producer connected","service":"neural-shop-backend","timestamp":"2026-04-03 16:34:14.360"}
{"level":"info","message":"Database URL mongodb://admin:admin@localhost:27017/neural_shop?authSource=admin","service":"neural-shop-backend","timestamp":"2026-04-03 16:34:17.365"}
{"environment":"development","level":"info","message":"🚀 Server is running on port 8000","port":8000,"service":"neural-shop-backend","timestamp":"2026-04-03 16:34:17.478"}
{"category":"database","level":"info","message":"🗄️  MongoDB connected","service":"neural-shop-backend","timestamp":"2026-04-03 16:34:17.479"}
{"level":"info","message":"✅ Redis Connected","service":"neural-shop-backend","timestamp":"2026-04-03 16:34:17.506"}
{"level":"info","message":"🚀 Redis Ready","service":"neural-shop-backend","timestamp":"2026-04-03 16:34:17.547"}
{"level":"info","message":"🚀 Redis connected","service":"neural-shop-backend","timestamp":"2026-04-03 16:34:17.549"}
{"category":"database","host":"localhost:27017","level":"info","message":"🗄️  Connected successfully","service":"neural-shop-backend","timestamp":"2026-04-03 16:34:17.556"}
{"level":"info","message":"🚀 Kafka producer connected","service":"neural-shop-backend","timestamp":"2026-04-03 16:34:17.579"}
{"level":"info","message":"Database URL mongodb://admin:admin@localhost:27017/neural_shop?authSource=admin","service":"neural-shop-backend","timestamp":"2026-04-03 16:34:33.714"}
{"environment":"development","level":"info","message":"🚀 Server is running on port 8000","port":8000,"service":"neural-shop-backend","timestamp":"2026-04-03 16:34:33.868"}
{"category":"database","level":"info","message":"🗄️  MongoDB connected","service":"neural-shop-backend","timestamp":"2026-04-03 16:34:33.870"}
{"level":"info","message":"✅ Redis Connected","service":"neural-shop-backend","timestamp":"2026-04-03 16:34:33.902"}
{"level":"info","message":"🚀 Redis Ready","service":"neural-shop-backend","timestamp":"2026-04-03 16:34:33.942"}
{"level":"info","message":"🚀 Redis connected","service":"neural-shop-backend","timestamp":"2026-04-03 16:34:33.944"}
{"category":"database","host":"localhost:27017","level":"info","message":"🗄️  Connected successfully","service":"neural-shop-backend","timestamp":"2026-04-03 16:34:33.969"}
{"level":"info","message":"🚀 Kafka producer connected","service":"neural-shop-backend","timestamp":"2026-04-03 16:34:33.997"}
{"level":"info","message":"Database URL mongodb://admin:admin@localhost:27017/neural_shop?authSource=admin","service":"neural-shop-backend","timestamp":"2026-04-03 16:34:53.654"}
{"environment":"development","level":"info","message":"🚀 Server is running on port 8000","port":8000,"service":"neural-shop-backend","timestamp":"2026-04-03 16:34:53.774"}
{"category":"database","level":"info","message":"🗄️  MongoDB connected","service":"neural-shop-backend","timestamp":"2026-04-03 16:34:53.775"}
{"level":"info","message":"✅ Redis Connected","service":"neural-shop-backend","timestamp":"2026-04-03 16:34:53.795"}
{"level":"info","message":"🚀 Redis Ready","service":"neural-shop-backend","timestamp":"2026-04-03 16:34:53.839"}
{"level":"info","message":"🚀 Redis connected","service":"neural-shop-backend","timestamp":"2026-04-03 16:34:53.841"}
{"category":"database","host":"localhost:27017","level":"info","message":"🗄️  Connected successfully","service":"neural-shop-backend","timestamp":"2026-04-03 16:34:53.848"}
{"level":"info","message":"🚀 Kafka producer connected","service":"neural-shop-backend","timestamp":"2026-04-03 16:34:53.872"}
{"level":"info","message":"Database URL mongodb://admin:admin@localhost:27017/neural_shop?authSource=admin","service":"neural-shop-backend","timestamp":"2026-04-03 16:34:56.860"}
{"environment":"development","level":"info","message":"🚀 Server is running on port 8000","port":8000,"service":"neural-shop-backend","timestamp":"2026-04-03 16:34:56.968"}
{"category":"database","level":"info","message":"🗄️  MongoDB connected","service":"neural-shop-backend","timestamp":"2026-04-03 16:34:56.970"}
{"level":"info","message":"✅ Redis Connected","service":"neural-shop-backend","timestamp":"2026-04-03 16:34:56.991"}
{"level":"info","message":"🚀 Redis Ready","service":"neural-shop-backend","timestamp":"2026-04-03 16:34:57.034"}
{"level":"info","message":"🚀 Redis connected","service":"neural-shop-backend","timestamp":"2026-04-03 16:34:57.035"}
{"category":"database","host":"localhost:27017","level":"info","message":"🗄️  Connected successfully","service":"neural-shop-backend","timestamp":"2026-04-03 16:34:57.042"}
{"level":"info","message":"🚀 Kafka producer connected","service":"neural-shop-backend","timestamp":"2026-04-03 16:34:57.065"}
{"level":"info","message":"Database URL mongodb://admin:admin@localhost:27017/neural_shop?authSource=admin","service":"neural-shop-backend","timestamp":"2026-04-03 16:35:10.526"}
{"environment":"development","level":"info","message":"🚀 Server is running on port 8000","port":8000,"service":"neural-shop-backend","timestamp":"2026-04-03 16:35:10.635"}
{"category":"database","level":"info","message":"🗄️  MongoDB connected","service":"neural-shop-backend","timestamp":"2026-04-03 16:35:10.636"}
{"level":"info","message":"✅ Redis Connected","service":"neural-shop-backend","timestamp":"2026-04-03 16:35:10.655"}
{"level":"info","message":"🚀 Redis Ready","service":"neural-shop-backend","timestamp":"2026-04-03 16:35:10.685"}
{"level":"info","message":"🚀 Redis connected","service":"neural-shop-backend","timestamp":"2026-04-03 16:35:10.686"}
{"level":"info","message":"🚀 Kafka producer connected","service":"neural-shop-backend","timestamp":"2026-04-03 16:35:10.713"}
{"category":"database","host":"localhost:27017","level":"info","message":"🗄️  Connected successfully","service":"neural-shop-backend","timestamp":"2026-04-03 16:35:10.719"}
{"level":"info","message":"Database URL mongodb://admin:admin@localhost:27017/neural_shop?authSource=admin","service":"neural-shop-backend","timestamp":"2026-04-03 16:35:14.832"}
{"environment":"development","level":"info","message":"🚀 Server is running on port 8000","port":8000,"service":"neural-shop-backend","timestamp":"2026-04-03 16:35:14.977"}
{"category":"database","level":"info","message":"🗄️  MongoDB connected","service":"neural-shop-backend","timestamp":"2026-04-03 16:35:14.978"}
{"level":"info","message":"✅ Redis Connected","service":"neural-shop-backend","timestamp":"2026-04-03 16:35:14.995"}
{"level":"info","message":"🚀 Redis Ready","service":"neural-shop-backend","timestamp":"2026-04-03 16:35:15.024"}
{"level":"info","message":"🚀 Redis connected","service":"neural-shop-backend","timestamp":"2026-04-03 16:35:15.027"}
{"level":"info","message":"🚀 Kafka producer connected","service":"neural-shop-backend","timestamp":"2026-04-03 16:35:15.060"}
{"category":"database","host":"localhost:27017","level":"info","message":"🗄️  Connected successfully","service":"neural-shop-backend","timestamp":"2026-04-03 16:35:15.069"}
{"level":"info","message":"Database URL mongodb://admin:admin@localhost:27017/neural_shop?authSource=admin","service":"neural-shop-backend","timestamp":"2026-04-03 16:35:46.662"}
{"environment":"development","level":"info","message":"🚀 Server is running on port 8000","port":8000,"service":"neural-shop-backend","timestamp":"2026-04-03 16:35:46.812"}
{"category":"database","level":"info","message":"🗄️  MongoDB connected","service":"neural-shop-backend","timestamp":"2026-04-03 16:35:46.813"}
{"level":"info","message":"✅ Redis Connected","service":"neural-shop-backend","timestamp":"2026-04-03 16:35:46.833"}
{"level":"info","message":"🚀 Redis Ready","service":"neural-shop-backend","timestamp":"2026-04-03 16:35:46.874"}
{"category":"database","host":"localhost:27017","level":"info","message":"🗄️  Connected successfully","service":"neural-shop-backend","timestamp":"2026-04-03 16:35:46.880"}
{"level":"info","message":"🚀 Redis connected","service":"neural-shop-backend","timestamp":"2026-04-03 16:35:46.888"}
{"level":"info","message":"🚀 Kafka producer connected","service":"neural-shop-backend","timestamp":"2026-04-03 16:35:46.914"}
{"level":"info","message":"Database URL mongodb://admin:admin@localhost:27017/neural_shop?authSource=admin","service":"neural-shop-backend","timestamp":"2026-04-03 16:36:18.481"}
{"environment":"development","level":"info","message":"🚀 Server is running on port 8000","port":8000,"service":"neural-shop-backend","timestamp":"2026-04-03 16:36:18.626"}
{"category":"database","level":"info","message":"🗄️  MongoDB connected","service":"neural-shop-backend","timestamp":"2026-04-03 16:36:18.628"}
{"level":"info","message":"✅ Redis Connected","service":"neural-shop-backend","timestamp":"2026-04-03 16:36:18.641"}
{"level":"info","message":"🚀 Redis Ready","service":"neural-shop-backend","timestamp":"2026-04-03 16:36:18.666"}
{"level":"info","message":"🚀 Redis connected","service":"neural-shop-backend","timestamp":"2026-04-03 16:36:18.678"}
{"category":"database","host":"localhost:27017","level":"info","message":"🗄️  Connected successfully","service":"neural-shop-backend","timestamp":"2026-04-03 16:36:18.730"}
{"level":"info","message":"🚀 Kafka producer connected","service":"neural-shop-backend","timestamp":"2026-04-03 16:36:18.771"}
{"level":"info","message":"Database URL mongodb://admin:admin@localhost:27017/neural_shop?authSource=admin","service":"neural-shop-backend","timestamp":"2026-04-03 16:36:21.522"}
{"environment":"development","level":"info","message":"🚀 Server is running on port 8000","port":8000,"service":"neural-shop-backend","timestamp":"2026-04-03 16:36:21.642"}
{"category":"database","level":"info","message":"🗄️  MongoDB connected","service":"neural-shop-backend","timestamp":"2026-04-03 16:36:21.644"}
{"level":"info","message":"✅ Redis Connected","service":"neural-shop-backend","timestamp":"2026-04-03 16:36:21.663"}
{"level":"info","message":"🚀 Redis Ready","service":"neural-shop-backend","timestamp":"2026-04-03 16:36:21.713"}
{"level":"info","message":"🚀 Redis connected","service":"neural-shop-backend","timestamp":"2026-04-03 16:36:21.715"}
{"category":"database","host":"localhost:27017","level":"info","message":"🗄️  Connected successfully","service":"neural-shop-backend","timestamp":"2026-04-03 16:36:21.721"}
{"level":"info","message":"🚀 Kafka producer connected","service":"neural-shop-backend","timestamp":"2026-04-03 16:36:21.745"}
{"level":"info","message":"Database URL mongodb://admin:admin@localhost:27017/neural_shop?authSource=admin","service":"neural-shop-backend","timestamp":"2026-04-03 16:36:25.749"}
{"environment":"development","level":"info","message":"🚀 Server is running on port 8000","port":8000,"service":"neural-shop-backend","timestamp":"2026-04-03 16:36:25.876"}
{"category":"database","level":"info","message":"🗄️  MongoDB connected","service":"neural-shop-backend","timestamp":"2026-04-03 16:36:25.877"}
{"level":"info","message":"✅ Redis Connected","service":"neural-shop-backend","timestamp":"2026-04-03 16:36:25.901"}
{"level":"info","message":"🚀 Redis Ready","service":"neural-shop-backend","timestamp":"2026-04-03 16:36:25.936"}
{"level":"info","message":"🚀 Redis connected","service":"neural-shop-backend","timestamp":"2026-04-03 16:36:25.938"}
{"level":"info","message":"🚀 Kafka producer connected","service":"neural-shop-backend","timestamp":"2026-04-03 16:36:25.966"}
{"category":"database","host":"localhost:27017","level":"info","message":"🗄️  Connected successfully","service":"neural-shop-backend","timestamp":"2026-04-03 16:36:25.973"}
{"level":"info","message":"Database URL mongodb://admin:admin@localhost:27017/neural_shop?authSource=admin","service":"neural-shop-backend","timestamp":"2026-04-03 16:36:46.262"}
{"environment":"development","level":"info","message":"🚀 Server is running on port 8000","port":8000,"service":"neural-shop-backend","timestamp":"2026-04-03 16:36:46.389"}
{"category":"database","level":"info","message":"🗄️  MongoDB connected","service":"neural-shop-backend","timestamp":"2026-04-03 16:36:46.390"}
{"level":"info","message":"✅ Redis Connected","service":"neural-shop-backend","timestamp":"2026-04-03 16:36:46.411"}
{"level":"info","message":"🚀 Redis Ready","service":"neural-shop-backend","timestamp":"2026-04-03 16:36:46.471"}
{"level":"info","message":"🚀 Redis connected","service":"neural-shop-backend","timestamp":"2026-04-03 16:36:46.474"}
{"category":"database","host":"localhost:27017","level":"info","message":"🗄️  Connected successfully","service":"neural-shop-backend","timestamp":"2026-04-03 16:36:46.504"}
{"level":"info","message":"🚀 Kafka producer connected","service":"neural-shop-backend","timestamp":"2026-04-03 16:36:46.537"}
{"level":"info","message":"Database URL mongodb://admin:admin@localhost:27017/neural_shop?authSource=admin","service":"neural-shop-backend","timestamp":"2026-04-03 16:36:56.673"}
{"environment":"development","level":"info","message":"🚀 Server is running on port 8000","port":8000,"service":"neural-shop-backend","timestamp":"2026-04-03 16:36:56.798"}
{"category":"database","level":"info","message":"🗄️  MongoDB connected","service":"neural-shop-backend","timestamp":"2026-04-03 16:36:56.799"}
{"level":"info","message":"✅ Redis Connected","service":"neural-shop-backend","timestamp":"2026-04-03 16:36:56.820"}
{"level":"info","message":"🚀 Redis Ready","service":"neural-shop-backend","timestamp":"2026-04-03 16:36:56.857"}
{"level":"info","message":"🚀 Redis connected","service":"neural-shop-backend","timestamp":"2026-04-03 16:36:56.859"}
{"category":"database","host":"localhost:27017","level":"info","message":"🗄️  Connected successfully","service":"neural-shop-backend","timestamp":"2026-04-03 16:36:56.881"}
{"level":"info","message":"🚀 Kafka producer connected","service":"neural-shop-backend","timestamp":"2026-04-03 16:36:56.912"}
{"level":"info","message":"Database URL mongodb://admin:admin@localhost:27017/neural_shop?authSource=admin","service":"neural-shop-backend","timestamp":"2026-04-03 16:37:02.329"}
{"environment":"development","level":"info","message":"🚀 Server is running on port 8000","port":8000,"service":"neural-shop-backend","timestamp":"2026-04-03 16:37:02.479"}
{"category":"database","level":"info","message":"🗄️  MongoDB connected","service":"neural-shop-backend","timestamp":"2026-04-03 16:37:02.481"}
{"level":"info","message":"✅ Redis Connected","service":"neural-shop-backend","timestamp":"2026-04-03 16:37:02.509"}
{"level":"info","message":"🚀 Redis Ready","service":"neural-shop-backend","timestamp":"2026-04-03 16:37:02.543"}
{"level":"info","message":"🚀 Redis connected","service":"neural-shop-backend","timestamp":"2026-04-03 16:37:02.545"}
{"category":"database","host":"localhost:27017","level":"info","message":"🗄️  Connected successfully","service":"neural-shop-backend","timestamp":"2026-04-03 16:37:02.575"}
{"level":"info","message":"🚀 Kafka producer connected","service":"neural-shop-backend","timestamp":"2026-04-03 16:37:02.585"}
{"level":"info","message":"🚀 Kafka consumers started","service":"neural-shop-backend","timestamp":"2026-04-03 16:37:26.975"}
{"level":"info","message":"Database URL mongodb://admin:admin@localhost:27017/neural_shop?authSource=admin","service":"neural-shop-backend","timestamp":"2026-04-03 16:37:31.241"}
{"environment":"development","level":"info","message":"🚀 Server is running on port 8000","port":8000,"service":"neural-shop-backend","timestamp":"2026-04-03 16:37:31.359"}
{"category":"database","level":"info","message":"🗄️  MongoDB connected","service":"neural-shop-backend","timestamp":"2026-04-03 16:37:31.361"}
{"level":"info","message":"✅ Redis Connected","service":"neural-shop-backend","timestamp":"2026-04-03 16:37:31.379"}
{"level":"info","message":"🚀 Redis Ready","service":"neural-shop-backend","timestamp":"2026-04-03 16:37:31.411"}
{"level":"info","message":"🚀 Redis connected","service":"neural-shop-backend","timestamp":"2026-04-03 16:37:31.413"}
{"category":"database","host":"localhost:27017","level":"info","message":"🗄️  Connected successfully","service":"neural-shop-backend","timestamp":"2026-04-03 16:37:31.448"}
{"level":"info","message":"🚀 Kafka producer connected","service":"neural-shop-backend","timestamp":"2026-04-03 16:37:31.458"}
{"level":"info","message":"Database URL mongodb://admin:admin@localhost:27017/neural_shop?authSource=admin","service":"neural-shop-backend","timestamp":"2026-04-03 16:37:42.205"}
{"environment":"development","level":"info","message":"🚀 Server is running on port 8000","port":8000,"service":"neural-shop-backend","timestamp":"2026-04-03 16:37:42.349"}
{"category":"database","level":"info","message":"🗄️  MongoDB connected","service":"neural-shop-backend","timestamp":"2026-04-03 16:37:42.352"}
{"level":"info","message":"✅ Redis Connected","service":"neural-shop-backend","timestamp":"2026-04-03 16:37:42.392"}
{"level":"info","message":"🚀 Redis Ready","service":"neural-shop-backend","timestamp":"2026-04-03 16:37:42.429"}
{"level":"info","message":"🚀 Redis connected","service":"neural-shop-backend","timestamp":"2026-04-03 16:37:42.431"}
{"category":"database","host":"localhost:27017","level":"info","message":"🗄️  Connected successfully","service":"neural-shop-backend","timestamp":"2026-04-03 16:37:42.461"}
{"level":"info","message":"🚀 Kafka producer connected","service":"neural-shop-backend","timestamp":"2026-04-03 16:37:42.474"}
{"level":"info","message":"🚀 Kafka consumers started","service":"neural-shop-backend","timestamp":"2026-04-03 16:38:27.240"}
{"level":"info","message":"Database URL mongodb://admin:admin@localhost:27017/neural_shop?authSource=admin","service":"neural-shop-backend","timestamp":"2026-04-03 16:38:36.386"}
{"environment":"development","level":"info","message":"🚀 Server is running on port 8000","port":8000,"service":"neural-shop-backend","timestamp":"2026-04-03 16:38:36.510"}
{"category":"database","level":"info","message":"🗄️  MongoDB connected","service":"neural-shop-backend","timestamp":"2026-04-03 16:38:36.511"}
{"level":"info","message":"✅ Redis Connected","service":"neural-shop-backend","timestamp":"2026-04-03 16:38:36.530"}
{"level":"info","message":"🚀 Redis Ready","service":"neural-shop-backend","timestamp":"2026-04-03 16:38:36.563"}
{"level":"info","message":"🚀 Redis connected","service":"neural-shop-backend","timestamp":"2026-04-03 16:38:36.566"}
{"category":"database","host":"localhost:27017","level":"info","message":"🗄️  Connected successfully","service":"neural-shop-backend","timestamp":"2026-04-03 16:38:36.589"}
{"level":"info","message":"🚀 Kafka producer connected","service":"neural-shop-backend","timestamp":"2026-04-03 16:38:36.597"}
{"level":"info","message":"Database URL mongodb://admin:admin@localhost:27017/neural_shop?authSource=admin","service":"neural-shop-backend","timestamp":"2026-04-03 16:38:39.314"}
{"environment":"development","level":"info","message":"🚀 Server is running on port 8000","port":8000,"service":"neural-shop-backend","timestamp":"2026-04-03 16:38:39.432"}
{"category":"database","level":"info","message":"🗄️  MongoDB connected","service":"neural-shop-backend","timestamp":"2026-04-03 16:38:39.433"}
{"level":"info","message":"✅ Redis Connected","service":"neural-shop-backend","timestamp":"2026-04-03 16:38:39.453"}
{"level":"info","message":"🚀 Redis Ready","service":"neural-shop-backend","timestamp":"2026-04-03 16:38:39.482"}
{"level":"info","message":"🚀 Redis connected","service":"neural-shop-backend","timestamp":"2026-04-03 16:38:39.484"}
{"category":"database","host":"localhost:27017","level":"info","message":"🗄️  Connected successfully","service":"neural-shop-backend","timestamp":"2026-04-03 16:38:39.508"}
{"level":"info","message":"🚀 Kafka producer connected","service":"neural-shop-backend","timestamp":"2026-04-03 16:38:39.518"}
{"level":"info","message":"🚀 Kafka consumers started","service":"neural-shop-backend","timestamp":"2026-04-03 16:39:02.283"}
{"level":"info","message":"Database URL mongodb://admin:admin@localhost:27017/neural_shop?authSource=admin","service":"neural-shop-backend","timestamp":"2026-04-03 16:39:51.397"}
{"environment":"development","level":"info","message":"🚀 Server is running on port 8000","port":8000,"service":"neural-shop-backend","timestamp":"2026-04-03 16:39:51.513"}
{"category":"database","level":"info","message":"🗄️  MongoDB connected","service":"neural-shop-backend","timestamp":"2026-04-03 16:39:51.514"}
{"level":"info","message":"✅ Redis Connected","service":"neural-shop-backend","timestamp":"2026-04-03 16:39:51.545"}
{"level":"info","message":"🚀 Redis Ready","service":"neural-shop-backend","timestamp":"2026-04-03 16:39:51.593"}
{"level":"info","message":"🚀 Redis connected","service":"neural-shop-backend","timestamp":"2026-04-03 16:39:51.595"}
{"category":"database","host":"localhost:27017","level":"info","message":"🗄️  Connected successfully","service":"neural-shop-backend","timestamp":"2026-04-03 16:39:51.602"}
{"level":"info","message":"🚀 Kafka producer connected","service":"neural-shop-backend","timestamp":"2026-04-03 16:39:51.631"}
{"level":"info","message":"Database URL mongodb://admin:admin@localhost:27017/neural_shop?authSource=admin","service":"neural-shop-backend","timestamp":"2026-04-03 16:39:57.536"}
{"environment":"development","level":"info","message":"🚀 Server is running on port 8000","port":8000,"service":"neural-shop-backend","timestamp":"2026-04-03 16:39:57.665"}
{"category":"database","level":"info","message":"🗄️  MongoDB connected","service":"neural-shop-backend","timestamp":"2026-04-03 16:39:57.667"}
{"level":"info","message":"✅ Redis Connected","service":"neural-shop-backend","timestamp":"2026-04-03 16:39:57.688"}
{"level":"info","message":"🚀 Redis Ready","service":"neural-shop-backend","timestamp":"2026-04-03 16:39:57.732"}
{"level":"info","message":"🚀 Redis connected","service":"neural-shop-backend","timestamp":"2026-04-03 16:39:57.735"}
{"category":"database","host":"localhost:27017","level":"info","message":"🗄️  Connected successfully","service":"neural-shop-backend","timestamp":"2026-04-03 16:39:57.742"}
{"level":"info","message":"🚀 Kafka producer connected","service":"neural-shop-backend","timestamp":"2026-04-03 16:39:57.775"}
{"level":"info","message":"🚀 Kafka consumers started","service":"neural-shop-backend","timestamp":"2026-04-03 16:40:42.665"}
{"level":"info","message":"Database URL mongodb://admin:admin@localhost:27017/neural_shop?authSource=admin","service":"neural-shop-backend","timestamp":"2026-04-03 16:44:35.217"}
{"environment":"development","level":"info","message":"🚀 Server is running on port 8000","port":8000,"service":"neural-shop-backend","timestamp":"2026-04-03 16:44:35.368"}
{"category":"database","level":"info","message":"🗄️  MongoDB connected","service":"neural-shop-backend","timestamp":"2026-04-03 16:44:35.369"}
{"level":"info","message":"✅ Redis Connected","service":"neural-shop-backend","timestamp":"2026-04-03 16:44:35.396"}
{"level":"info","message":"🚀 Redis Ready","service":"neural-shop-backend","timestamp":"2026-04-03 16:44:35.446"}
{"level":"info","message":"🚀 Redis connected","service":"neural-shop-backend","timestamp":"2026-04-03 16:44:35.447"}
{"category":"database","host":"localhost:27017","level":"info","message":"🗄️  Connected successfully","service":"neural-shop-backend","timestamp":"2026-04-03 16:44:35.457"}
{"level":"info","message":"🚀 Kafka producer connected","service":"neural-shop-backend","timestamp":"2026-04-03 16:44:35.485"}
{"level":"info","message":"Database URL mongodb://admin:admin@localhost:27017/neural_shop?authSource=admin","service":"neural-shop-backend","timestamp":"2026-04-03 16:44:58.181"}
{"environment":"development","level":"info","message":"🚀 Server is running on port 8000","port":8000,"service":"neural-shop-backend","timestamp":"2026-04-03 16:44:58.313"}
{"category":"database","level":"info","message":"🗄️  MongoDB connected","service":"neural-shop-backend","timestamp":"2026-04-03 16:44:58.314"}
{"level":"info","message":"✅ Redis Connected","service":"neural-shop-backend","timestamp":"2026-04-03 16:44:58.334"}
{"level":"info","message":"🚀 Redis Ready","service":"neural-shop-backend","timestamp":"2026-04-03 16:44:58.376"}
{"level":"info","message":"🚀 Redis connected","service":"neural-shop-backend","timestamp":"2026-04-03 16:44:58.377"}
{"category":"database","host":"localhost:27017","level":"info","message":"🗄️  Connected successfully","service":"neural-shop-backend","timestamp":"2026-04-03 16:44:58.384"}
{"level":"info","message":"🚀 Kafka producer connected","service":"neural-shop-backend","timestamp":"2026-04-03 16:44:58.413"}
{"level":"info","message":"🚀 Kafka consumers started","service":"neural-shop-backend","timestamp":"2026-04-03 16:45:24.290"}
{"level":"info","message":"Database URL mongodb://admin:admin@localhost:27017/neural_shop?authSource=admin","service":"neural-shop-backend","timestamp":"2026-04-03 16:45:37.302"}
{"environment":"development","level":"info","message":"🚀 Server is running on port 8000","port":8000,"service":"neural-shop-backend","timestamp":"2026-04-03 16:45:37.426"}
{"category":"database","level":"info","message":"🗄️  MongoDB connected","service":"neural-shop-backend","timestamp":"2026-04-03 16:45:37.427"}
{"level":"info","message":"✅ Redis Connected","service":"neural-shop-backend","timestamp":"2026-04-03 16:45:37.446"}
{"level":"info","message":"🚀 Redis Ready","service":"neural-shop-backend","timestamp":"2026-04-03 16:45:37.478"}
{"level":"info","message":"🚀 Redis connected","service":"neural-shop-backend","timestamp":"2026-04-03 16:45:37.480"}
{"category":"database","host":"localhost:27017","level":"info","message":"🗄️  Connected successfully","service":"neural-shop-backend","timestamp":"2026-04-03 16:45:37.504"}
{"level":"info","message":"🚀 Kafka producer connected","service":"neural-shop-backend","timestamp":"2026-04-03 16:45:37.515"}
{"level":"info","message":"Database URL mongodb://admin:admin@localhost:27017/neural_shop?authSource=admin","service":"neural-shop-backend","timestamp":"2026-04-03 16:45:40.805"}
{"environment":"development","level":"info","message":"🚀 Server is running on port 8000","port":8000,"service":"neural-shop-backend","timestamp":"2026-04-03 16:45:40.945"}
{"category":"database","level":"info","message":"🗄️  MongoDB connected","service":"neural-shop-backend","timestamp":"2026-04-03 16:45:40.947"}
{"level":"info","message":"✅ Redis Connected","service":"neural-shop-backend","timestamp":"2026-04-03 16:45:40.964"}
{"level":"info","message":"🚀 Redis Ready","service":"neural-shop-backend","timestamp":"2026-04-03 16:45:41.005"}
{"level":"info","message":"🚀 Redis connected","service":"neural-shop-backend","timestamp":"2026-04-03 16:45:41.011"}
{"category":"database","host":"localhost:27017","level":"info","message":"🗄️  Connected successfully","service":"neural-shop-backend","timestamp":"2026-04-03 16:45:41.042"}
{"level":"info","message":"🚀 Kafka producer connected","service":"neural-shop-backend","timestamp":"2026-04-03 16:45:41.055"}
{"level":"info","message":"Database URL mongodb://admin:admin@localhost:27017/neural_shop?authSource=admin","service":"neural-shop-backend","timestamp":"2026-04-03 16:45:43.081"}
{"environment":"development","level":"info","message":"🚀 Server is running on port 8000","port":8000,"service":"neural-shop-backend","timestamp":"2026-04-03 16:45:43.206"}
{"category":"database","level":"info","message":"🗄️  MongoDB connected","service":"neural-shop-backend","timestamp":"2026-04-03 16:45:43.208"}
{"level":"info","message":"✅ Redis Connected","service":"neural-shop-backend","timestamp":"2026-04-03 16:45:43.227"}
{"level":"info","message":"🚀 Redis Ready","service":"neural-shop-backend","timestamp":"2026-04-03 16:45:43.262"}
{"level":"info","message":"🚀 Redis connected","service":"neural-shop-backend","timestamp":"2026-04-03 16:45:43.274"}
{"category":"database","host":"localhost:27017","level":"info","message":"🗄️  Connected successfully","service":"neural-shop-backend","timestamp":"2026-04-03 16:45:43.282"}
{"level":"info","message":"🚀 Kafka producer connected","service":"neural-shop-backend","timestamp":"2026-04-03 16:45:43.310"}
{"level":"info","message":"🚀 Kafka consumers started","service":"neural-shop-backend","timestamp":"2026-04-03 16:46:29.317"}
{"level":"info","message":"Database URL mongodb://admin:admin@localhost:27017/neural_shop?authSource=admin","service":"neural-shop-backend","timestamp":"2026-04-03 16:46:36.354"}
{"environment":"development","level":"info","message":"🚀 Server is running on port 8000","port":8000,"service":"neural-shop-backend","timestamp":"2026-04-03 16:46:36.473"}
{"category":"database","level":"info","message":"🗄️  MongoDB connected","service":"neural-shop-backend","timestamp":"2026-04-03 16:46:36.475"}
{"level":"info","message":"✅ Redis Connected","service":"neural-shop-backend","timestamp":"2026-04-03 16:46:36.506"}
{"level":"info","message":"🚀 Redis Ready","service":"neural-shop-backend","timestamp":"2026-04-03 16:46:36.540"}
{"level":"info","message":"🚀 Redis connected","service":"neural-shop-backend","timestamp":"2026-04-03 16:46:36.542"}
{"level":"info","message":"🚀 Kafka producer connected","service":"neural-shop-backend","timestamp":"2026-04-03 16:46:36.566"}
{"category":"database","host":"localhost:27017","level":"info","message":"🗄️  Connected successfully","service":"neural-shop-backend","timestamp":"2026-04-03 16:46:36.586"}
{"level":"info","message":"🚀 Kafka consumers started","service":"neural-shop-backend","timestamp":"2026-04-03 16:47:01.700"}
{"level":"info","message":"Database URL mongodb://admin:admin@localhost:27017/neural_shop?authSource=admin","service":"neural-shop-backend","timestamp":"2026-04-03 16:48:33.178"}
{"environment":"development","level":"info","message":"🚀 Server is running on port 8000","port":8000,"service":"neural-shop-backend","timestamp":"2026-04-03 16:48:33.296"}
{"category":"database","level":"info","message":"🗄️  MongoDB connected","service":"neural-shop-backend","timestamp":"2026-04-03 16:48:33.297"}
{"level":"info","message":"✅ Redis Connected","service":"neural-shop-backend","timestamp":"2026-04-03 16:48:33.319"}
{"level":"info","message":"🚀 Redis Ready","service":"neural-shop-backend","timestamp":"2026-04-03 16:48:33.362"}
{"level":"info","message":"🚀 Redis connected","service":"neural-shop-backend","timestamp":"2026-04-03 16:48:33.364"}
{"category":"database","host":"localhost:27017","level":"info","message":"🗄️  Connected successfully","service":"neural-shop-backend","timestamp":"2026-04-03 16:48:33.374"}
{"level":"info","message":"🚀 Kafka producer connected","service":"neural-shop-backend","timestamp":"2026-04-03 16:48:33.410"}
{"level":"info","message":"Database URL mongodb://admin:admin@localhost:27017/neural_shop?authSource=admin","service":"neural-shop-backend","timestamp":"2026-04-03 16:48:37.673"}
{"environment":"development","level":"info","message":"🚀 Server is running on port 8000","port":8000,"service":"neural-shop-backend","timestamp":"2026-04-03 16:48:37.786"}
{"category":"database","level":"info","message":"🗄️  MongoDB connected","service":"neural-shop-backend","timestamp":"2026-04-03 16:48:37.787"}
{"level":"info","message":"✅ Redis Connected","service":"neural-shop-backend","timestamp":"2026-04-03 16:48:37.811"}
{"level":"info","message":"🚀 Redis Ready","service":"neural-shop-backend","timestamp":"2026-04-03 16:48:37.844"}
{"level":"info","message":"🚀 Redis connected","service":"neural-shop-backend","timestamp":"2026-04-03 16:48:37.847"}
{"category":"database","host":"localhost:27017","level":"info","message":"🗄️  Connected successfully","service":"neural-shop-backend","timestamp":"2026-04-03 16:48:37.874"}
{"level":"info","message":"🚀 Kafka producer connected","service":"neural-shop-backend","timestamp":"2026-04-03 16:48:37.884"}
{"level":"info","message":"Database URL mongodb://admin:admin@localhost:27017/neural_shop?authSource=admin","service":"neural-shop-backend","timestamp":"2026-04-03 16:48:45.556"}
{"environment":"development","level":"info","message":"🚀 Server is running on port 8000","port":8000,"service":"neural-shop-backend","timestamp":"2026-04-03 16:48:45.667"}
{"category":"database","level":"info","message":"🗄️  MongoDB connected","service":"neural-shop-backend","timestamp":"2026-04-03 16:48:45.668"}
{"level":"info","message":"✅ Redis Connected","service":"neural-shop-backend","timestamp":"2026-04-03 16:48:45.691"}
{"level":"info","message":"🚀 Redis Ready","service":"neural-shop-backend","timestamp":"2026-04-03 16:48:45.729"}
{"level":"info","message":"🚀 Redis connected","service":"neural-shop-backend","timestamp":"2026-04-03 16:48:45.731"}
{"category":"database","host":"localhost:27017","level":"info","message":"🗄️  Connected successfully","service":"neural-shop-backend","timestamp":"2026-04-03 16:48:45.738"}
{"level":"info","message":"🚀 Kafka producer connected","service":"neural-shop-backend","timestamp":"2026-04-03 16:48:45.763"}
{"level":"info","message":"Database URL mongodb://admin:admin@localhost:27017/neural_shop?authSource=admin","service":"neural-shop-backend","timestamp":"2026-04-03 16:49:00.255"}
{"environment":"development","level":"info","message":"🚀 Server is running on port 8000","port":8000,"service":"neural-shop-backend","timestamp":"2026-04-03 16:49:00.454"}
{"category":"database","level":"info","message":"🗄️  MongoDB connected","service":"neural-shop-backend","timestamp":"2026-04-03 16:49:00.456"}
{"level":"info","message":"✅ Redis Connected","service":"neural-shop-backend","timestamp":"2026-04-03 16:49:00.483"}
{"level":"info","message":"🚀 Redis Ready","service":"neural-shop-backend","timestamp":"2026-04-03 16:49:00.541"}
{"level":"info","message":"🚀 Redis connected","service":"neural-shop-backend","timestamp":"2026-04-03 16:49:00.543"}
{"category":"database","host":"localhost:27017","level":"info","message":"🗄️  Connected successfully","service":"neural-shop-backend","timestamp":"2026-04-03 16:49:00.555"}
{"level":"info","message":"🚀 Kafka producer connected","service":"neural-shop-backend","timestamp":"2026-04-03 16:49:00.591"}
{"level":"info","message":"🚀 Kafka consumers started","service":"neural-shop-backend","timestamp":"2026-04-03 16:49:28.718"}
{"level":"info","message":"Database URL mongodb://admin:admin@localhost:27017/neural_shop?authSource=admin","service":"neural-shop-backend","timestamp":"2026-04-03 16:50:11.269"}
{"environment":"development","level":"info","message":"🚀 Server is running on port 8000","port":8000,"service":"neural-shop-backend","timestamp":"2026-04-03 16:50:11.419"}
{"category":"database","level":"info","message":"🗄️  MongoDB connected","service":"neural-shop-backend","timestamp":"2026-04-03 16:50:11.420"}
{"level":"info","message":"✅ Redis Connected","service":"neural-shop-backend","timestamp":"2026-04-03 16:50:11.441"}
{"level":"info","message":"🚀 Redis Ready","service":"neural-shop-backend","timestamp":"2026-04-03 16:50:11.477"}
{"level":"info","message":"🚀 Redis connected","service":"neural-shop-backend","timestamp":"2026-04-03 16:50:11.479"}
{"category":"database","host":"localhost:27017","level":"info","message":"🗄️  Connected successfully","service":"neural-shop-backend","timestamp":"2026-04-03 16:50:11.507"}
{"level":"info","message":"🚀 Kafka producer connected","service":"neural-shop-backend","timestamp":"2026-04-03 16:50:11.518"}
{"level":"info","message":"Database URL mongodb://admin:admin@localhost:27017/neural_shop?authSource=admin","service":"neural-shop-backend","timestamp":"2026-04-03 16:50:19.402"}
{"environment":"development","level":"info","message":"🚀 Server is running on port 8000","port":8000,"service":"neural-shop-backend","timestamp":"2026-04-03 16:50:19.537"}
{"category":"database","level":"info","message":"🗄️  MongoDB connected","service":"neural-shop-backend","timestamp":"2026-04-03 16:50:19.539"}
{"level":"info","message":"✅ Redis Connected","service":"neural-shop-backend","timestamp":"2026-04-03 16:50:19.573"}
{"level":"info","message":"🚀 Redis Ready","service":"neural-shop-backend","timestamp":"2026-04-03 16:50:19.633"}
{"level":"info","message":"🚀 Redis connected","service":"neural-shop-backend","timestamp":"2026-04-03 16:50:19.636"}
{"category":"database","host":"localhost:27017","level":"info","message":"🗄️  Connected successfully","service":"neural-shop-backend","timestamp":"2026-04-03 16:50:19.669"}
{"level":"info","message":"🚀 Kafka producer connected","service":"neural-shop-backend","timestamp":"2026-04-03 16:50:19.704"}
{"level":"info","message":"Database URL mongodb://admin:admin@localhost:27017/neural_shop?authSource=admin","service":"neural-shop-backend","timestamp":"2026-04-03 16:50:29.317"}
{"environment":"development","level":"info","message":"🚀 Server is running on port 8000","port":8000,"service":"neural-shop-backend","timestamp":"2026-04-03 16:50:29.441"}
{"category":"database","level":"info","message":"🗄️  MongoDB connected","service":"neural-shop-backend","timestamp":"2026-04-03 16:50:29.442"}
{"level":"info","message":"✅ Redis Connected","service":"neural-shop-backend","timestamp":"2026-04-03 16:50:29.464"}
{"level":"info","message":"🚀 Redis Ready","service":"neural-shop-backend","timestamp":"2026-04-03 16:50:29.501"}
{"category":"database","host":"localhost:27017","level":"info","message":"🗄️  Connected successfully","service":"neural-shop-backend","timestamp":"2026-04-03 16:50:29.506"}
{"level":"info","message":"🚀 Redis connected","service":"neural-shop-backend","timestamp":"2026-04-03 16:50:29.513"}
{"level":"info","message":"🚀 Kafka producer connected","service":"neural-shop-backend","timestamp":"2026-04-03 16:50:29.545"}
{"level":"info","message":"Database URL mongodb://admin:admin@localhost:27017/neural_shop?authSource=admin","service":"neural-shop-backend","timestamp":"2026-04-03 16:50:31.686"}
{"environment":"development","level":"info","message":"🚀 Server is running on port 8000","port":8000,"service":"neural-shop-backend","timestamp":"2026-04-03 16:50:31.801"}
{"category":"database","level":"info","message":"🗄️  MongoDB connected","service":"neural-shop-backend","timestamp":"2026-04-03 16:50:31.802"}
{"level":"info","message":"✅ Redis Connected","service":"neural-shop-backend","timestamp":"2026-04-03 16:50:31.824"}
{"level":"info","message":"🚀 Redis Ready","service":"neural-shop-backend","timestamp":"2026-04-03 16:50:31.857"}
{"level":"info","message":"🚀 Redis connected","service":"neural-shop-backend","timestamp":"2026-04-03 16:50:31.859"}
{"category":"database","host":"localhost:27017","level":"info","message":"🗄️  Connected successfully","service":"neural-shop-backend","timestamp":"2026-04-03 16:50:31.886"}
{"level":"info","message":"🚀 Kafka producer connected","service":"neural-shop-backend","timestamp":"2026-04-03 16:50:31.898"}
{"level":"info","message":"Database URL mongodb://admin:admin@localhost:27017/neural_shop?authSource=admin","service":"neural-shop-backend","timestamp":"2026-04-03 16:50:43.312"}
{"environment":"development","level":"info","message":"🚀 Server is running on port 8000","port":8000,"service":"neural-shop-backend","timestamp":"2026-04-03 16:50:43.435"}
{"category":"database","level":"info","message":"🗄️  MongoDB connected","service":"neural-shop-backend","timestamp":"2026-04-03 16:50:43.436"}
{"level":"info","message":"✅ Redis Connected","service":"neural-shop-backend","timestamp":"2026-04-03 16:50:43.456"}
{"level":"info","message":"🚀 Redis Ready","service":"neural-shop-backend","timestamp":"2026-04-03 16:50:43.494"}
{"level":"info","message":"🚀 Redis connected","service":"neural-shop-backend","timestamp":"2026-04-03 16:50:43.497"}
{"category":"database","host":"localhost:27017","level":"info","message":"🗄️  Connected successfully","service":"neural-shop-backend","timestamp":"2026-04-03 16:50:43.518"}
{"level":"info","message":"🚀 Kafka producer connected","service":"neural-shop-backend","timestamp":"2026-04-03 16:50:43.545"}
{"level":"info","message":"Database URL mongodb://admin:admin@localhost:27017/neural_shop?authSource=admin","service":"neural-shop-backend","timestamp":"2026-04-03 16:50:56.386"}
{"environment":"development","level":"info","message":"🚀 Server is running on port 8000","port":8000,"service":"neural-shop-backend","timestamp":"2026-04-03 16:50:56.534"}
{"category":"database","level":"info","message":"🗄️  MongoDB connected","service":"neural-shop-backend","timestamp":"2026-04-03 16:50:56.536"}
{"level":"info","message":"✅ Redis Connected","service":"neural-shop-backend","timestamp":"2026-04-03 16:50:56.569"}
{"level":"info","message":"🚀 Redis Ready","service":"neural-shop-backend","timestamp":"2026-04-03 16:50:56.648"}
{"level":"info","message":"🚀 Redis connected","service":"neural-shop-backend","timestamp":"2026-04-03 16:50:56.651"}
{"category":"database","host":"localhost:27017","level":"info","message":"🗄️  Connected successfully","service":"neural-shop-backend","timestamp":"2026-04-03 16:50:56.693"}
{"level":"info","message":"🚀 Kafka producer connected","service":"neural-shop-backend","timestamp":"2026-04-03 16:50:56.744"}
{"level":"info","message":"Database URL mongodb://admin:admin@localhost:27017/neural_shop?authSource=admin","service":"neural-shop-backend","timestamp":"2026-04-03 16:51:19.645"}
{"environment":"development","level":"info","message":"🚀 Server is running on port 8000","port":8000,"service":"neural-shop-backend","timestamp":"2026-04-03 16:51:19.788"}
{"category":"database","level":"info","message":"🗄️  MongoDB connected","service":"neural-shop-backend","timestamp":"2026-04-03 16:51:19.790"}
{"level":"info","message":"✅ Redis Connected","service":"neural-shop-backend","timestamp":"2026-04-03 16:51:19.819"}
{"level":"info","message":"🚀 Redis Ready","service":"neural-shop-backend","timestamp":"2026-04-03 16:51:19.865"}
{"level":"info","message":"🚀 Redis connected","service":"neural-shop-backend","timestamp":"2026-04-03 16:51:19.867"}
{"category":"database","host":"localhost:27017","level":"info","message":"🗄️  Connected successfully","service":"neural-shop-backend","timestamp":"2026-04-03 16:51:19.904"}
{"level":"info","message":"🚀 Kafka producer connected","service":"neural-shop-backend","timestamp":"2026-04-03 16:51:19.916"}
{"level":"info","message":"Database URL mongodb://admin:admin@localhost:27017/neural_shop?authSource=admin","service":"neural-shop-backend","timestamp":"2026-04-03 16:51:31.285"}
{"environment":"development","level":"info","message":"🚀 Server is running on port 8000","port":8000,"service":"neural-shop-backend","timestamp":"2026-04-03 16:51:31.429"}
{"category":"database","level":"info","message":"🗄️  MongoDB connected","service":"neural-shop-backend","timestamp":"2026-04-03 16:51:31.431"}
{"level":"info","message":"✅ Redis Connected","service":"neural-shop-backend","timestamp":"2026-04-03 16:51:31.452"}
{"level":"info","message":"🚀 Redis Ready","service":"neural-shop-backend","timestamp":"2026-04-03 16:51:31.502"}
{"level":"info","message":"🚀 Redis connected","service":"neural-shop-backend","timestamp":"2026-04-03 16:51:31.504"}
{"category":"database","host":"localhost:27017","level":"info","message":"🗄️  Connected successfully","service":"neural-shop-backend","timestamp":"2026-04-03 16:51:31.511"}
{"level":"info","message":"🚀 Kafka producer connected","service":"neural-shop-backend","timestamp":"2026-04-03 16:51:31.550"}
{"level":"info","message":"🚀 Kafka consumers started","service":"neural-shop-backend","timestamp":"2026-04-03 16:51:42.657"}
{"level":"info","message":"Database URL mongodb://admin:admin@localhost:27017/neural_shop?authSource=admin","service":"neural-shop-backend","timestamp":"2026-04-03 16:51:46.431"}
{"environment":"development","level":"info","message":"🚀 Server is running on port 8000","port":8000,"service":"neural-shop-backend","timestamp":"2026-04-03 16:51:46.560"}
{"category":"database","level":"info","message":"🗄️  MongoDB connected","service":"neural-shop-backend","timestamp":"2026-04-03 16:51:46.561"}
{"level":"info","message":"✅ Redis Connected","service":"neural-shop-backend","timestamp":"2026-04-03 16:51:46.582"}
{"level":"info","message":"🚀 Redis Ready","service":"neural-shop-backend","timestamp":"2026-04-03 16:51:46.614"}
{"level":"info","message":"🚀 Redis connected","service":"neural-shop-backend","timestamp":"2026-04-03 16:51:46.617"}
{"category":"database","host":"localhost:27017","level":"info","message":"🗄️  Connected successfully","service":"neural-shop-backend","timestamp":"2026-04-03 16:51:46.643"}
{"level":"info","message":"🚀 Kafka producer connected","service":"neural-shop-backend","timestamp":"2026-04-03 16:51:46.656"}
{"level":"info","message":"Database URL mongodb://admin:admin@localhost:27017/neural_shop?authSource=admin","service":"neural-shop-backend","timestamp":"2026-04-03 16:51:49.448"}
{"environment":"development","level":"info","message":"🚀 Server is running on port 8000","port":8000,"service":"neural-shop-backend","timestamp":"2026-04-03 16:51:49.557"}
{"category":"database","level":"info","message":"🗄️  MongoDB connected","service":"neural-shop-backend","timestamp":"2026-04-03 16:51:49.559"}
{"level":"info","message":"✅ Redis Connected","service":"neural-shop-backend","timestamp":"2026-04-03 16:51:49.572"}
{"level":"info","message":"🚀 Redis Ready","service":"neural-shop-backend","timestamp":"2026-04-03 16:51:49.612"}
{"level":"info","message":"🚀 Redis connected","service":"neural-shop-backend","timestamp":"2026-04-03 16:51:49.613"}
{"category":"database","host":"localhost:27017","level":"info","message":"🗄️  Connected successfully","service":"neural-shop-backend","timestamp":"2026-04-03 16:51:49.620"}
{"level":"info","message":"🚀 Kafka producer connected","service":"neural-shop-backend","timestamp":"2026-04-03 16:51:49.644"}
{"level":"info","message":"Database URL mongodb://admin:admin@localhost:27017/neural_shop?authSource=admin","service":"neural-shop-backend","timestamp":"2026-04-03 16:51:52.931"}
{"environment":"development","level":"info","message":"🚀 Server is running on port 8000","port":8000,"service":"neural-shop-backend","timestamp":"2026-04-03 16:51:53.044"}
{"category":"database","level":"info","message":"🗄️  MongoDB connected","service":"neural-shop-backend","timestamp":"2026-04-03 16:51:53.046"}
{"level":"info","message":"✅ Redis Connected","service":"neural-shop-backend","timestamp":"2026-04-03 16:51:53.066"}
{"level":"info","message":"🚀 Redis Ready","service":"neural-shop-backend","timestamp":"2026-04-03 16:51:53.102"}
{"level":"info","message":"🚀 Redis connected","service":"neural-shop-backend","timestamp":"2026-04-03 16:51:53.104"}
{"category":"database","host":"localhost:27017","level":"info","message":"🗄️  Connected successfully","service":"neural-shop-backend","timestamp":"2026-04-03 16:51:53.127"}
{"level":"info","message":"🚀 Kafka producer connected","service":"neural-shop-backend","timestamp":"2026-04-03 16:51:53.138"}
{"level":"info","message":"Database URL mongodb://admin:admin@localhost:27017/neural_shop?authSource=admin","service":"neural-shop-backend","timestamp":"2026-04-03 16:51:57.958"}
{"environment":"development","level":"info","message":"🚀 Server is running on port 8000","port":8000,"service":"neural-shop-backend","timestamp":"2026-04-03 16:51:58.158"}
{"category":"database","level":"info","message":"🗄️  MongoDB connected","service":"neural-shop-backend","timestamp":"2026-04-03 16:51:58.160"}
{"level":"info","message":"✅ Redis Connected","service":"neural-shop-backend","timestamp":"2026-04-03 16:51:58.190"}
{"level":"info","message":"🚀 Redis Ready","service":"neural-shop-backend","timestamp":"2026-04-03 16:51:58.242"}
{"level":"info","message":"🚀 Redis connected","service":"neural-shop-backend","timestamp":"2026-04-03 16:51:58.245"}
{"category":"database","host":"localhost:27017","level":"info","message":"🗄️  Connected successfully","service":"neural-shop-backend","timestamp":"2026-04-03 16:51:58.267"}
{"level":"info","message":"🚀 Kafka producer connected","service":"neural-shop-backend","timestamp":"2026-04-03 16:51:58.309"}
{"level":"info","message":"Database URL mongodb://admin:admin@localhost:27017/neural_shop?authSource=admin","service":"neural-shop-backend","timestamp":"2026-04-03 16:53:56.994"}
{"environment":"development","level":"info","message":"🚀 Server is running on port 8000","port":8000,"service":"neural-shop-backend","timestamp":"2026-04-03 16:53:57.127"}
{"category":"database","level":"info","message":"🗄️  MongoDB connected","service":"neural-shop-backend","timestamp":"2026-04-03 16:53:57.129"}
{"level":"info","message":"✅ Redis Connected","service":"neural-shop-backend","timestamp":"2026-04-03 16:53:57.152"}
{"level":"info","message":"🚀 Redis Ready","service":"neural-shop-backend","timestamp":"2026-04-03 16:53:57.194"}
{"level":"info","message":"🚀 Redis connected","service":"neural-shop-backend","timestamp":"2026-04-03 16:53:57.195"}
{"category":"database","host":"localhost:27017","level":"info","message":"🗄️  Connected successfully","service":"neural-shop-backend","timestamp":"2026-04-03 16:53:57.202"}
{"level":"info","message":"🚀 Kafka producer connected","service":"neural-shop-backend","timestamp":"2026-04-03 16:53:57.226"}
{"level":"info","message":"🚀 Kafka consumers started","service":"neural-shop-backend","timestamp":"2026-04-03 16:54:00.056"}
{"level":"info","message":"Database URL mongodb://admin:admin@localhost:27017/neural_shop?authSource=admin","service":"neural-shop-backend","timestamp":"2026-04-03 16:54:24.389"}
{"environment":"development","level":"info","message":"🚀 Server is running on port 8000","port":8000,"service":"neural-shop-backend","timestamp":"2026-04-03 16:54:24.505"}
{"category":"database","level":"info","message":"🗄️  MongoDB connected","service":"neural-shop-backend","timestamp":"2026-04-03 16:54:24.506"}
{"level":"info","message":"✅ Redis Connected","service":"neural-shop-backend","timestamp":"2026-04-03 16:54:24.522"}
{"level":"info","message":"🚀 Redis Ready","service":"neural-shop-backend","timestamp":"2026-04-03 16:54:24.560"}
{"level":"info","message":"🚀 Redis connected","service":"neural-shop-backend","timestamp":"2026-04-03 16:54:24.562"}
{"category":"database","host":"localhost:27017","level":"info","message":"🗄️  Connected successfully","service":"neural-shop-backend","timestamp":"2026-04-03 16:54:24.569"}
{"level":"info","message":"🚀 Kafka producer connected","service":"neural-shop-backend","timestamp":"2026-04-03 16:54:24.602"}
{"level":"info","message":"Database URL mongodb://admin:admin@localhost:27017/neural_shop?authSource=admin","service":"neural-shop-backend","timestamp":"2026-04-03 16:54:32.346"}
{"environment":"development","level":"info","message":"🚀 Server is running on port 8000","port":8000,"service":"neural-shop-backend","timestamp":"2026-04-03 16:54:32.467"}
{"category":"database","level":"info","message":"🗄️  MongoDB connected","service":"neural-shop-backend","timestamp":"2026-04-03 16:54:32.468"}
{"level":"info","message":"✅ Redis Connected","service":"neural-shop-backend","timestamp":"2026-04-03 16:54:32.499"}
{"level":"info","message":"🚀 Redis Ready","service":"neural-shop-backend","timestamp":"2026-04-03 16:54:32.552"}
{"level":"info","message":"🚀 Redis connected","service":"neural-shop-backend","timestamp":"2026-04-03 16:54:32.555"}
{"category":"database","host":"localhost:27017","level":"info","message":"🗄️  Connected successfully","service":"neural-shop-backend","timestamp":"2026-04-03 16:54:32.563"}
{"level":"info","message":"🚀 Kafka producer connected","service":"neural-shop-backend","timestamp":"2026-04-03 16:54:32.592"}
{"level":"info","message":"Database URL mongodb://admin:admin@localhost:27017/neural_shop?authSource=admin","service":"neural-shop-backend","timestamp":"2026-04-03 16:54:46.891"}
{"environment":"development","level":"info","message":"🚀 Server is running on port 8000","port":8000,"service":"neural-shop-backend","timestamp":"2026-04-03 16:54:47.013"}
{"category":"database","level":"info","message":"🗄️  MongoDB connected","service":"neural-shop-backend","timestamp":"2026-04-03 16:54:47.014"}
{"level":"info","message":"✅ Redis Connected","service":"neural-shop-backend","timestamp":"2026-04-03 16:54:47.049"}
{"level":"info","message":"🚀 Redis Ready","service":"neural-shop-backend","timestamp":"2026-04-03 16:54:47.130"}
{"level":"info","message":"🚀 Redis connected","service":"neural-shop-backend","timestamp":"2026-04-03 16:54:47.146"}
{"category":"database","host":"localhost:27017","level":"info","message":"🗄️  Connected successfully","service":"neural-shop-backend","timestamp":"2026-04-03 16:54:47.155"}
{"level":"info","message":"🚀 Kafka producer connected","service":"neural-shop-backend","timestamp":"2026-04-03 16:54:47.186"}
{"level":"info","message":"Database URL mongodb://admin:admin@localhost:27017/neural_shop?authSource=admin","service":"neural-shop-backend","timestamp":"2026-04-03 16:55:03.002"}
{"environment":"development","level":"info","message":"🚀 Server is running on port 8000","port":8000,"service":"neural-shop-backend","timestamp":"2026-04-03 16:55:03.115"}
{"category":"database","level":"info","message":"🗄️  MongoDB connected","service":"neural-shop-backend","timestamp":"2026-04-03 16:55:03.116"}
{"level":"info","message":"✅ Redis Connected","service":"neural-shop-backend","timestamp":"2026-04-03 16:55:03.139"}
{"level":"info","message":"🚀 Redis Ready","service":"neural-shop-backend","timestamp":"2026-04-03 16:55:03.172"}
{"level":"info","message":"🚀 Redis connected","service":"neural-shop-backend","timestamp":"2026-04-03 16:55:03.183"}
{"category":"database","host":"localhost:27017","level":"info","message":"🗄️  Connected successfully","service":"neural-shop-backend","timestamp":"2026-04-03 16:55:03.191"}
{"level":"info","message":"🚀 Kafka producer connected","service":"neural-shop-backend","timestamp":"2026-04-03 16:55:03.216"}
{"level":"info","message":"🚀 Kafka consumers started","service":"neural-shop-backend","timestamp":"2026-04-03 16:55:41.996"}
{"level":"info","message":"Database URL mongodb://admin:admin@localhost:27017/neural_shop?authSource=admin","service":"neural-shop-backend","timestamp":"2026-04-03 16:55:55.688"}
{"environment":"development","level":"info","message":"🚀 Server is running on port 8000","port":8000,"service":"neural-shop-backend","timestamp":"2026-04-03 16:55:55.817"}
{"category":"database","level":"info","message":"🗄️  MongoDB connected","service":"neural-shop-backend","timestamp":"2026-04-03 16:55:55.818"}
{"level":"info","message":"✅ Redis Connected","service":"neural-shop-backend","timestamp":"2026-04-03 16:55:55.837"}
{"level":"info","message":"🚀 Redis Ready","service":"neural-shop-backend","timestamp":"2026-04-03 16:55:55.872"}
{"level":"info","message":"🚀 Redis connected","service":"neural-shop-backend","timestamp":"2026-04-03 16:55:55.874"}
{"category":"database","host":"localhost:27017","level":"info","message":"🗄️  Connected successfully","service":"neural-shop-backend","timestamp":"2026-04-03 16:55:55.898"}
{"level":"info","message":"🚀 Kafka producer connected","service":"neural-shop-backend","timestamp":"2026-04-03 16:55:55.906"}
{"level":"info","message":"Database URL mongodb://admin:admin@localhost:27017/neural_shop?authSource=admin","service":"neural-shop-backend","timestamp":"2026-04-03 16:55:59.943"}
{"environment":"development","level":"info","message":"🚀 Server is running on port 8000","port":8000,"service":"neural-shop-backend","timestamp":"2026-04-03 16:56:00.058"}
{"category":"database","level":"info","message":"🗄️  MongoDB connected","service":"neural-shop-backend","timestamp":"2026-04-03 16:56:00.059"}
{"level":"info","message":"✅ Redis Connected","service":"neural-shop-backend","timestamp":"2026-04-03 16:56:00.077"}
{"level":"info","message":"🚀 Redis Ready","service":"neural-shop-backend","timestamp":"2026-04-03 16:56:00.109"}
{"level":"info","message":"🚀 Redis connected","service":"neural-shop-backend","timestamp":"2026-04-03 16:56:00.112"}
{"category":"database","host":"localhost:27017","level":"info","message":"🗄️  Connected successfully","service":"neural-shop-backend","timestamp":"2026-04-03 16:56:00.138"}
{"level":"info","message":"🚀 Kafka producer connected","service":"neural-shop-backend","timestamp":"2026-04-03 16:56:00.147"}
{"level":"info","message":"Database URL mongodb://admin:admin@localhost:27017/neural_shop?authSource=admin","service":"neural-shop-backend","timestamp":"2026-04-03 16:56:02.997"}
{"environment":"development","level":"info","message":"🚀 Server is running on port 8000","port":8000,"service":"neural-shop-backend","timestamp":"2026-04-03 16:56:03.126"}
{"category":"database","level":"info","message":"🗄️  MongoDB connected","service":"neural-shop-backend","timestamp":"2026-04-03 16:56:03.128"}
{"level":"info","message":"✅ Redis Connected","service":"neural-shop-backend","timestamp":"2026-04-03 16:56:03.144"}
{"level":"info","message":"🚀 Redis Ready","service":"neural-shop-backend","timestamp":"2026-04-03 16:56:03.178"}
{"level":"info","message":"🚀 Redis connected","service":"neural-shop-backend","timestamp":"2026-04-03 16:56:03.181"}
{"category":"database","host":"localhost:27017","level":"info","message":"🗄️  Connected successfully","service":"neural-shop-backend","timestamp":"2026-04-03 16:56:03.210"}
{"level":"info","message":"🚀 Kafka producer connected","service":"neural-shop-backend","timestamp":"2026-04-03 16:56:03.220"}
{"level":"info","message":"🚀 Kafka consumers started","service":"neural-shop-backend","timestamp":"2026-04-03 16:56:46.954"}
{"level":"info","message":"Database URL mongodb://admin:admin@localhost:27017/neural_shop?authSource=admin","service":"neural-shop-backend","timestamp":"2026-04-03 16:56:56.202"}
{"environment":"development","level":"info","message":"🚀 Server is running on port 8000","port":8000,"service":"neural-shop-backend","timestamp":"2026-04-03 16:56:56.374"}
{"category":"database","level":"info","message":"🗄️  MongoDB connected","service":"neural-shop-backend","timestamp":"2026-04-03 16:56:56.377"}
{"level":"info","message":"✅ Redis Connected","service":"neural-shop-backend","timestamp":"2026-04-03 16:56:56.417"}
{"level":"info","message":"🚀 Redis Ready","service":"neural-shop-backend","timestamp":"2026-04-03 16:56:56.470"}
{"level":"info","message":"🚀 Redis connected","service":"neural-shop-backend","timestamp":"2026-04-03 16:56:56.473"}
{"category":"database","host":"localhost:27017","level":"info","message":"🗄️  Connected successfully","service":"neural-shop-backend","timestamp":"2026-04-03 16:56:56.508"}
{"level":"info","message":"🚀 Kafka producer connected","service":"neural-shop-backend","timestamp":"2026-04-03 16:56:56.522"}
{"level":"info","message":"🚀 Kafka consumers started","service":"neural-shop-backend","timestamp":"2026-04-03 16:57:19.855"}
{"level":"info","message":"Database URL mongodb://admin:admin@localhost:27017/neural_shop?authSource=admin","service":"neural-shop-backend","timestamp":"2026-04-03 17:00:40.534"}
{"environment":"development","level":"info","message":"🚀 Server is running on port 8000","port":8000,"service":"neural-shop-backend","timestamp":"2026-04-03 17:00:40.654"}
{"category":"database","level":"info","message":"🗄️  MongoDB connected","service":"neural-shop-backend","timestamp":"2026-04-03 17:00:40.655"}
{"level":"info","message":"✅ Redis Connected","service":"neural-shop-backend","timestamp":"2026-04-03 17:00:40.684"}
{"level":"info","message":"🚀 Redis Ready","service":"neural-shop-backend","timestamp":"2026-04-03 17:00:40.728"}
{"level":"info","message":"🚀 Redis connected","service":"neural-shop-backend","timestamp":"2026-04-03 17:00:40.731"}
{"category":"database","host":"localhost:27017","level":"info","message":"🗄️  Connected successfully","service":"neural-shop-backend","timestamp":"2026-04-03 17:00:40.765"}
{"level":"info","message":"🚀 Kafka producer connected","service":"neural-shop-backend","timestamp":"2026-04-03 17:00:40.781"}
{"level":"info","message":"🚀 Kafka consumers started","service":"neural-shop-backend","timestamp":"2026-04-03 17:00:43.869"}
{"level":"info","message":"Database URL mongodb://admin:admin@localhost:27017/neural_shop?authSource=admin","service":"neural-shop-backend","timestamp":"2026-04-03 17:00:50.099"}
{"environment":"development","level":"info","message":"🚀 Server is running on port 8000","port":8000,"service":"neural-shop-backend","timestamp":"2026-04-03 17:00:50.221"}
{"category":"database","level":"info","message":"🗄️  MongoDB connected","service":"neural-shop-backend","timestamp":"2026-04-03 17:00:50.222"}
{"level":"info","message":"✅ Redis Connected","service":"neural-shop-backend","timestamp":"2026-04-03 17:00:50.246"}
{"level":"info","message":"🚀 Redis Ready","service":"neural-shop-backend","timestamp":"2026-04-03 17:00:50.282"}
{"level":"info","message":"🚀 Redis connected","service":"neural-shop-backend","timestamp":"2026-04-03 17:00:50.285"}
{"category":"database","host":"localhost:27017","level":"info","message":"🗄️  Connected successfully","service":"neural-shop-backend","timestamp":"2026-04-03 17:00:50.310"}
{"level":"info","message":"🚀 Kafka producer connected","service":"neural-shop-backend","timestamp":"2026-04-03 17:00:50.319"}
{"level":"info","message":"Database URL mongodb://admin:admin@localhost:27017/neural_shop?authSource=admin","service":"neural-shop-backend","timestamp":"2026-04-03 17:01:05.732"}
{"environment":"development","level":"info","message":"🚀 Server is running on port 8000","port":8000,"service":"neural-shop-backend","timestamp":"2026-04-03 17:01:05.869"}
{"category":"database","level":"info","message":"🗄️  MongoDB connected","service":"neural-shop-backend","timestamp":"2026-04-03 17:01:05.871"}
{"level":"info","message":"✅ Redis Connected","service":"neural-shop-backend","timestamp":"2026-04-03 17:01:05.894"}
{"level":"info","message":"🚀 Redis Ready","service":"neural-shop-backend","timestamp":"2026-04-03 17:01:05.939"}
{"level":"info","message":"🚀 Redis connected","service":"neural-shop-backend","timestamp":"2026-04-03 17:01:05.941"}
{"category":"database","host":"localhost:27017","level":"info","message":"🗄️  Connected successfully","service":"neural-shop-backend","timestamp":"2026-04-03 17:01:05.949"}
{"level":"info","message":"🚀 Kafka producer connected","service":"neural-shop-backend","timestamp":"2026-04-03 17:01:05.979"}
{"level":"info","message":"Database URL mongodb://admin:admin@localhost:27017/neural_shop?authSource=admin","service":"neural-shop-backend","timestamp":"2026-04-03 17:01:07.645"}
{"environment":"development","level":"info","message":"🚀 Server is running on port 8000","port":8000,"service":"neural-shop-backend","timestamp":"2026-04-03 17:01:07.785"}
{"category":"database","level":"info","message":"🗄️  MongoDB connected","service":"neural-shop-backend","timestamp":"2026-04-03 17:01:07.786"}
{"level":"info","message":"✅ Redis Connected","service":"neural-shop-backend","timestamp":"2026-04-03 17:01:07.813"}
{"level":"info","message":"🚀 Redis Ready","service":"neural-shop-backend","timestamp":"2026-04-03 17:01:07.868"}
{"level":"info","message":"🚀 Redis connected","service":"neural-shop-backend","timestamp":"2026-04-03 17:01:07.870"}
{"category":"database","host":"localhost:27017","level":"info","message":"🗄️  Connected successfully","service":"neural-shop-backend","timestamp":"2026-04-03 17:01:07.878"}
{"level":"info","message":"🚀 Kafka producer connected","service":"neural-shop-backend","timestamp":"2026-04-03 17:01:07.913"}
{"level":"info","message":"🚀 Kafka consumers started","service":"neural-shop-backend","timestamp":"2026-04-03 17:01:13.872"}
{"category":"http","ip":"::1","level":"info","message":"→ POST /registration [201]","service":"neural-shop-backend","timestamp":"2026-04-03 17:02:18.737","userAgent":"PostmanRuntime/7.53.0"}
{"category":"http","ip":"::1","level":"info","message":"→ POST /resend-otp [200]","service":"neural-shop-backend","timestamp":"2026-04-03 17:05:40.800","userAgent":"PostmanRuntime/7.53.0"}
{"category":"http","ip":"::1","level":"info","message":"→ POST /resend-otp [400]","service":"neural-shop-backend","timestamp":"2026-04-03 17:06:25.369","userAgent":"PostmanRuntime/7.53.0"}
{"category":"http","ip":"::1","level":"info","message":"→ POST /verify-email [200]","service":"neural-shop-backend","timestamp":"2026-04-03 17:06:44.029","userAgent":"PostmanRuntime/7.53.0"}
{"level":"info","message":"Database URL mongodb://admin:admin@localhost:27017/neural_shop?authSource=admin","service":"neural-shop-backend","timestamp":"2026-04-03 17:07:01.886"}
{"environment":"development","level":"info","message":"🚀 Server is running on port 8000","port":8000,"service":"neural-shop-backend","timestamp":"2026-04-03 17:07:02.076"}
{"category":"database","level":"info","message":"🗄️  MongoDB connected","service":"neural-shop-backend","timestamp":"2026-04-03 17:07:02.077"}
{"level":"info","message":"✅ Redis Connected","service":"neural-shop-backend","timestamp":"2026-04-03 17:07:02.108"}
{"level":"info","message":"🚀 Redis Ready","service":"neural-shop-backend","timestamp":"2026-04-03 17:07:02.157"}
{"level":"info","message":"🚀 Redis connected","service":"neural-shop-backend","timestamp":"2026-04-03 17:07:02.160"}
{"category":"database","host":"localhost:27017","level":"info","message":"🗄️  Connected successfully","service":"neural-shop-backend","timestamp":"2026-04-03 17:07:02.187"}
{"level":"info","message":"🚀 Kafka producer connected","service":"neural-shop-backend","timestamp":"2026-04-03 17:07:02.228"}
{"level":"info","message":"Database URL mongodb://admin:admin@localhost:27017/neural_shop?authSource=admin","service":"neural-shop-backend","timestamp":"2026-04-03 17:07:07.862"}
{"environment":"development","level":"info","message":"🚀 Server is running on port 8000","port":8000,"service":"neural-shop-backend","timestamp":"2026-04-03 17:07:07.988"}
{"category":"database","level":"info","message":"🗄️  MongoDB connected","service":"neural-shop-backend","timestamp":"2026-04-03 17:07:07.990"}
{"level":"info","message":"✅ Redis Connected","service":"neural-shop-backend","timestamp":"2026-04-03 17:07:08.008"}
{"level":"info","message":"🚀 Redis Ready","service":"neural-shop-backend","timestamp":"2026-04-03 17:07:08.038"}
{"level":"info","message":"🚀 Redis connected","service":"neural-shop-backend","timestamp":"2026-04-03 17:07:08.040"}
{"category":"database","host":"localhost:27017","level":"info","message":"🗄️  Connected successfully","service":"neural-shop-backend","timestamp":"2026-04-03 17:07:08.069"}
{"level":"info","message":"🚀 Kafka producer connected","service":"neural-shop-backend","timestamp":"2026-04-03 17:07:08.084"}
{"category":"http","ip":"::1","level":"info","message":"→ POST /login [200]","service":"neural-shop-backend","timestamp":"2026-04-03 17:07:22.740","userAgent":"PostmanRuntime/7.53.0"}
{"level":"info","message":"🚀 Kafka consumers started","service":"neural-shop-backend","timestamp":"2026-04-03 17:07:24.202"}
{"category":"http","ip":"::1","level":"info","message":"→ POST /login [400]","service":"neural-shop-backend","timestamp":"2026-04-03 17:07:35.277","userAgent":"PostmanRuntime/7.53.0"}
{"category":"http","ip":"::1","level":"info","message":"→ GET /logout [200]","service":"neural-shop-backend","timestamp":"2026-04-03 17:08:15.793","userAgent":"PostmanRuntime/7.53.0"}
{"category":"http","ip":"::1","level":"info","message":"→ POST /adminregister [201]","service":"neural-shop-backend","timestamp":"2026-04-03 17:08:38.896","userAgent":"PostmanRuntime/7.53.0"}
{"errors":[{"location":"body","msg":"OTP is required","path":"otp","type":"field"},{"location":"body","msg":"OTP must be 6 digits","path":"otp","type":"field"},{"location":"body","msg":"OTP must be numeric","path":"otp","type":"field"}],"level":"warn","message":"Validation error","method":"POST","path":"/verify-admin-email","service":"neural-shop-backend","timestamp":"2026-04-03 17:10:16.110"}
{"category":"http","ip":"::1","level":"info","message":"→ POST /verify-admin-email [400]","service":"neural-shop-backend","timestamp":"2026-04-03 17:10:16.112","userAgent":"PostmanRuntime/7.53.0"}
{"category":"http","ip":"::1","level":"info","message":"→ POST /resend-otp [200]","service":"neural-shop-backend","timestamp":"2026-04-03 17:10:30.068","userAgent":"PostmanRuntime/7.53.0"}
{"category":"http","ip":"::1","level":"info","message":"→ POST /verify-admin-email [200]","service":"neural-shop-backend","timestamp":"2026-04-03 17:11:27.389","userAgent":"PostmanRuntime/7.53.0"}
{"level":"info","message":"Database URL mongodb://admin:admin@localhost:27017/neural_shop?authSource=admin","service":"neural-shop-backend","timestamp":"2026-04-03 17:12:07.591"}
{"environment":"development","level":"info","message":"🚀 Server is running on port 8000","port":8000,"service":"neural-shop-backend","timestamp":"2026-04-03 17:12:07.738"}
{"category":"database","level":"info","message":"🗄️  MongoDB connected","service":"neural-shop-backend","timestamp":"2026-04-03 17:12:07.739"}
{"level":"info","message":"✅ Redis Connected","service":"neural-shop-backend","timestamp":"2026-04-03 17:12:07.753"}
{"level":"info","message":"🚀 Redis Ready","service":"neural-shop-backend","timestamp":"2026-04-03 17:12:07.786"}
{"level":"info","message":"🚀 Redis connected","service":"neural-shop-backend","timestamp":"2026-04-03 17:12:07.789"}
{"level":"info","message":"🚀 Kafka producer connected","service":"neural-shop-backend","timestamp":"2026-04-03 17:12:07.820"}
{"category":"database","host":"localhost:27017","level":"info","message":"🗄️  Connected successfully","service":"neural-shop-backend","timestamp":"2026-04-03 17:12:07.826"}
{"level":"info","message":"Database URL mongodb://admin:admin@localhost:27017/neural_shop?authSource=admin","service":"neural-shop-backend","timestamp":"2026-04-03 17:12:09.400"}
{"environment":"development","level":"info","message":"🚀 Server is running on port 8000","port":8000,"service":"neural-shop-backend","timestamp":"2026-04-03 17:12:09.521"}
{"category":"database","level":"info","message":"🗄️  MongoDB connected","service":"neural-shop-backend","timestamp":"2026-04-03 17:12:09.523"}
{"level":"info","message":"✅ Redis Connected","service":"neural-shop-backend","timestamp":"2026-04-03 17:12:09.554"}
{"level":"info","message":"🚀 Redis Ready","service":"neural-shop-backend","timestamp":"2026-04-03 17:12:09.578"}
{"level":"info","message":"🚀 Redis connected","service":"neural-shop-backend","timestamp":"2026-04-03 17:12:09.588"}
{"category":"database","host":"localhost:27017","level":"info","message":"🗄️  Connected successfully","service":"neural-shop-backend","timestamp":"2026-04-03 17:12:09.597"}
{"level":"info","message":"🚀 Kafka producer connected","service":"neural-shop-backend","timestamp":"2026-04-03 17:12:09.620"}
{"level":"info","message":"Database URL mongodb://admin:admin@localhost:27017/neural_shop?authSource=admin","service":"neural-shop-backend","timestamp":"2026-04-03 17:12:11.809"}
{"environment":"development","level":"info","message":"🚀 Server is running on port 8000","port":8000,"service":"neural-shop-backend","timestamp":"2026-04-03 17:12:11.982"}
{"category":"database","level":"info","message":"🗄️  MongoDB connected","service":"neural-shop-backend","timestamp":"2026-04-03 17:12:11.984"}
{"level":"info","message":"✅ Redis Connected","service":"neural-shop-backend","timestamp":"2026-04-03 17:12:12.002"}
{"level":"info","message":"🚀 Redis Ready","service":"neural-shop-backend","timestamp":"2026-04-03 17:12:12.054"}
{"level":"info","message":"Database URL mongodb://admin:admin@localhost:27017/neural_shop?authSource=admin","service":"neural-shop-backend","timestamp":"2026-04-03 17:12:13.847"}
{"environment":"development","level":"info","message":"🚀 Server is running on port 8000","port":8000,"service":"neural-shop-backend","timestamp":"2026-04-03 17:12:14.051"}
{"category":"database","level":"info","message":"🗄️  MongoDB connected","service":"neural-shop-backend","timestamp":"2026-04-03 17:12:14.053"}
{"level":"info","message":"✅ Redis Connected","service":"neural-shop-backend","timestamp":"2026-04-03 17:12:14.074"}
{"level":"info","message":"🚀 Redis Ready","service":"neural-shop-backend","timestamp":"2026-04-03 17:12:14.113"}
{"level":"info","message":"🚀 Redis connected","service":"neural-shop-backend","timestamp":"2026-04-03 17:12:14.115"}
{"category":"database","host":"localhost:27017","level":"info","message":"🗄️  Connected successfully","service":"neural-shop-backend","timestamp":"2026-04-03 17:12:14.142"}
{"level":"info","message":"🚀 Kafka producer connected","service":"neural-shop-backend","timestamp":"2026-04-03 17:12:14.168"}
{"level":"info","message":"Database URL mongodb://admin:admin@localhost:27017/neural_shop?authSource=admin","service":"neural-shop-backend","timestamp":"2026-04-03 17:12:20.066"}
{"environment":"development","level":"info","message":"🚀 Server is running on port 8000","port":8000,"service":"neural-shop-backend","timestamp":"2026-04-03 17:12:20.177"}
{"category":"database","level":"info","message":"🗄️  MongoDB connected","service":"neural-shop-backend","timestamp":"2026-04-03 17:12:20.179"}
{"level":"info","message":"✅ Redis Connected","service":"neural-shop-backend","timestamp":"2026-04-03 17:12:20.208"}
{"level":"info","message":"🚀 Redis Ready","service":"neural-shop-backend","timestamp":"2026-04-03 17:12:20.245"}
{"level":"info","message":"🚀 Redis connected","service":"neural-shop-backend","timestamp":"2026-04-03 17:12:20.247"}
{"level":"info","message":"🚀 Kafka producer connected","service":"neural-shop-backend","timestamp":"2026-04-03 17:12:20.283"}
{"category":"database","host":"localhost:27017","level":"info","message":"🗄️  Connected successfully","service":"neural-shop-backend","timestamp":"2026-04-03 17:12:20.293"}
{"level":"info","message":"Database URL mongodb://admin:admin@localhost:27017/neural_shop?authSource=admin","service":"neural-shop-backend","timestamp":"2026-04-03 17:12:22.713"}
{"environment":"development","level":"info","message":"🚀 Server is running on port 8000","port":8000,"service":"neural-shop-backend","timestamp":"2026-04-03 17:12:22.876"}
{"category":"database","level":"info","message":"🗄️  MongoDB connected","service":"neural-shop-backend","timestamp":"2026-04-03 17:12:22.877"}
{"level":"info","message":"✅ Redis Connected","service":"neural-shop-backend","timestamp":"2026-04-03 17:12:22.888"}
{"level":"info","message":"🚀 Redis Ready","service":"neural-shop-backend","timestamp":"2026-04-03 17:12:22.917"}
{"level":"info","message":"🚀 Redis connected","service":"neural-shop-backend","timestamp":"2026-04-03 17:12:22.919"}
{"category":"database","host":"localhost:27017","level":"info","message":"🗄️  Connected successfully","service":"neural-shop-backend","timestamp":"2026-04-03 17:12:22.950"}
{"level":"info","message":"🚀 Kafka producer connected","service":"neural-shop-backend","timestamp":"2026-04-03 17:12:22.962"}
{"level":"info","message":"Database URL mongodb://admin:admin@localhost:27017/neural_shop?authSource=admin","service":"neural-shop-backend","timestamp":"2026-04-03 17:12:47.830"}
{"environment":"development","level":"info","message":"🚀 Server is running on port 8000","port":8000,"service":"neural-shop-backend","timestamp":"2026-04-03 17:12:47.944"}
{"category":"database","level":"info","message":"🗄️  MongoDB connected","service":"neural-shop-backend","timestamp":"2026-04-03 17:12:47.945"}
{"level":"info","message":"✅ Redis Connected","service":"neural-shop-backend","timestamp":"2026-04-03 17:12:47.957"}
{"level":"info","message":"🚀 Redis Ready","service":"neural-shop-backend","timestamp":"2026-04-03 17:12:47.983"}
{"level":"info","message":"🚀 Redis connected","service":"neural-shop-backend","timestamp":"2026-04-03 17:12:47.985"}
{"category":"database","host":"localhost:27017","level":"info","message":"🗄️  Connected successfully","service":"neural-shop-backend","timestamp":"2026-04-03 17:12:48.008"}
{"level":"info","message":"🚀 Kafka producer connected","service":"neural-shop-backend","timestamp":"2026-04-03 17:12:48.017"}
{"level":"info","message":"Database URL mongodb://admin:admin@localhost:27017/neural_shop?authSource=admin","service":"neural-shop-backend","timestamp":"2026-04-03 17:12:58.783"}
{"environment":"development","level":"info","message":"🚀 Server is running on port 8000","port":8000,"service":"neural-shop-backend","timestamp":"2026-04-03 17:12:58.891"}
{"category":"database","level":"info","message":"🗄️  MongoDB connected","service":"neural-shop-backend","timestamp":"2026-04-03 17:12:58.892"}
{"level":"info","message":"✅ Redis Connected","service":"neural-shop-backend","timestamp":"2026-04-03 17:12:58.907"}
{"level":"info","message":"🚀 Redis Ready","service":"neural-shop-backend","timestamp":"2026-04-03 17:12:58.953"}
{"level":"info","message":"🚀 Redis connected","service":"neural-shop-backend","timestamp":"2026-04-03 17:12:58.955"}
{"category":"database","host":"localhost:27017","level":"info","message":"🗄️  Connected successfully","service":"neural-shop-backend","timestamp":"2026-04-03 17:12:58.962"}
{"level":"info","message":"🚀 Kafka producer connected","service":"neural-shop-backend","timestamp":"2026-04-03 17:12:58.987"}
{"level":"info","message":"Database URL mongodb://admin:admin@localhost:27017/neural_shop?authSource=admin","service":"neural-shop-backend","timestamp":"2026-04-03 17:13:04.725"}
{"environment":"development","level":"info","message":"🚀 Server is running on port 8000","port":8000,"service":"neural-shop-backend","timestamp":"2026-04-03 17:13:04.834"}
{"category":"database","level":"info","message":"🗄️  MongoDB connected","service":"neural-shop-backend","timestamp":"2026-04-03 17:13:04.835"}
{"level":"info","message":"✅ Redis Connected","service":"neural-shop-backend","timestamp":"2026-04-03 17:13:04.858"}
{"level":"info","message":"🚀 Redis Ready","service":"neural-shop-backend","timestamp":"2026-04-03 17:13:04.899"}
{"level":"info","message":"🚀 Redis connected","service":"neural-shop-backend","timestamp":"2026-04-03 17:13:04.901"}
{"category":"database","host":"localhost:27017","level":"info","message":"🗄️  Connected successfully","service":"neural-shop-backend","timestamp":"2026-04-03 17:13:04.908"}
{"level":"info","message":"🚀 Kafka producer connected","service":"neural-shop-backend","timestamp":"2026-04-03 17:13:04.935"}
{"errors":[],"level":"error","message":"[POST /api/auth/registration] Error encountered: Expected double-quoted property name in JSON at position 61 (line 4 column 1)","module":null,"service":"neural-shop-backend","stack":"SyntaxError: Expected double-quoted property name in JSON at position 61 (line 4 column 1)\n    at JSON.parse (<anonymous>)\n    at parse (C:\\Users\\kusha\\OneDrive\\Desktop\\WebDevelopment\\PROJECTs\\NeuralShop\\backend\\node_modules\\body-parser\\lib\\types\\json.js:77:19)\n    at C:\\Users\\kusha\\OneDrive\\Desktop\\WebDevelopment\\PROJECTs\\NeuralShop\\backend\\node_modules\\body-parser\\lib\\read.js:123:18\n    at AsyncResource.runInAsyncScope (node:async_hooks:214:14)\n    at invokeCallback (C:\\Users\\kusha\\OneDrive\\Desktop\\WebDevelopment\\PROJECTs\\NeuralShop\\backend\\node_modules\\raw-body\\index.js:238:16)\n    at done (C:\\Users\\kusha\\OneDrive\\Desktop\\WebDevelopment\\PROJECTs\\NeuralShop\\backend\\node_modules\\raw-body\\index.js:227:7)\n    at IncomingMessage.onEnd (C:\\Users\\kusha\\OneDrive\\Desktop\\WebDevelopment\\PROJECTs\\NeuralShop\\backend\\node_modules\\raw-body\\index.js:287:7)\n    at IncomingMessage.emit (node:events:508:28)\n    at endReadableNT (node:internal/streams/readable:1701:12)\n    at process.processTicksAndRejections (node:internal/process/task_queues:89:21)","statusCode":400,"timestamp":"2026-04-03 17:13:22.399"}
{"errors":[{"location":"body","msg":"Name is required","path":"name","type":"field","value":""},{"location":"body","msg":"Name must be at least 2 characters","path":"name","type":"field","value":""}],"level":"warn","message":"Validation error","method":"POST","path":"/registration","service":"neural-shop-backend","timestamp":"2026-04-03 17:13:25.866"}
{"category":"http","ip":"::1","level":"info","message":"→ POST /registration [400]","service":"neural-shop-backend","timestamp":"2026-04-03 17:13:25.870","userAgent":"PostmanRuntime/7.53.0"}
{"level":"info","message":"Database URL mongodb://admin:admin@localhost:27017/neural_shop?authSource=admin","service":"neural-shop-backend","timestamp":"2026-04-03 17:13:39.915"}
{"environment":"development","level":"info","message":"🚀 Server is running on port 8000","port":8000,"service":"neural-shop-backend","timestamp":"2026-04-03 17:13:40.044"}
{"category":"database","level":"info","message":"🗄️  MongoDB connected","service":"neural-shop-backend","timestamp":"2026-04-03 17:13:40.045"}
{"level":"info","message":"✅ Redis Connected","service":"neural-shop-backend","timestamp":"2026-04-03 17:13:40.068"}
{"level":"info","message":"🚀 Redis Ready","service":"neural-shop-backend","timestamp":"2026-04-03 17:13:40.113"}
{"level":"info","message":"🚀 Redis connected","service":"neural-shop-backend","timestamp":"2026-04-03 17:13:40.118"}
{"category":"database","host":"localhost:27017","level":"info","message":"🗄️  Connected successfully","service":"neural-shop-backend","timestamp":"2026-04-03 17:13:40.150"}
{"level":"info","message":"🚀 Kafka producer connected","service":"neural-shop-backend","timestamp":"2026-04-03 17:13:40.161"}
{"level":"info","message":"Database URL mongodb://admin:admin@localhost:27017/neural_shop?authSource=admin","service":"neural-shop-backend","timestamp":"2026-04-03 17:13:45.858"}
{"environment":"development","level":"info","message":"🚀 Server is running on port 8000","port":8000,"service":"neural-shop-backend","timestamp":"2026-04-03 17:13:45.987"}
{"category":"database","level":"info","message":"🗄️  MongoDB connected","service":"neural-shop-backend","timestamp":"2026-04-03 17:13:45.988"}
{"level":"info","message":"✅ Redis Connected","service":"neural-shop-backend","timestamp":"2026-04-03 17:13:46.011"}
{"level":"info","message":"🚀 Redis Ready","service":"neural-shop-backend","timestamp":"2026-04-03 17:13:46.065"}
{"level":"info","message":"🚀 Redis connected","service":"neural-shop-backend","timestamp":"2026-04-03 17:13:46.067"}
{"category":"database","host":"localhost:27017","level":"info","message":"🗄️  Connected successfully","service":"neural-shop-backend","timestamp":"2026-04-03 17:13:46.075"}
{"level":"info","message":"🚀 Kafka producer connected","service":"neural-shop-backend","timestamp":"2026-04-03 17:13:46.104"}
{"category":"http","ip":"::1","level":"info","message":"→ POST /adminlogin [400]","service":"neural-shop-backend","timestamp":"2026-04-03 17:13:52.390","userAgent":"PostmanRuntime/7.53.0"}
{"level":"info","message":"Database URL mongodb://admin:admin@localhost:27017/neural_shop?authSource=admin","service":"neural-shop-backend","timestamp":"2026-04-03 17:13:55.024"}
{"environment":"development","level":"info","message":"🚀 Server is running on port 8000","port":8000,"service":"neural-shop-backend","timestamp":"2026-04-03 17:13:55.147"}
{"category":"database","level":"info","message":"🗄️  MongoDB connected","service":"neural-shop-backend","timestamp":"2026-04-03 17:13:55.148"}
{"level":"info","message":"✅ Redis Connected","service":"neural-shop-backend","timestamp":"2026-04-03 17:13:55.170"}
{"level":"info","message":"🚀 Redis Ready","service":"neural-shop-backend","timestamp":"2026-04-03 17:13:55.212"}
{"level":"info","message":"🚀 Redis connected","service":"neural-shop-backend","timestamp":"2026-04-03 17:13:55.213"}
{"category":"database","host":"localhost:27017","level":"info","message":"🗄️  Connected successfully","service":"neural-shop-backend","timestamp":"2026-04-03 17:13:55.220"}
{"level":"info","message":"🚀 Kafka producer connected","service":"neural-shop-backend","timestamp":"2026-04-03 17:13:55.243"}
{"level":"info","message":"Database URL mongodb://admin:admin@localhost:27017/neural_shop?authSource=admin","service":"neural-shop-backend","timestamp":"2026-04-03 17:13:58.958"}
{"environment":"development","level":"info","message":"🚀 Server is running on port 8000","port":8000,"service":"neural-shop-backend","timestamp":"2026-04-03 17:13:59.083"}
{"category":"database","level":"info","message":"🗄️  MongoDB connected","service":"neural-shop-backend","timestamp":"2026-04-03 17:13:59.084"}
{"level":"info","message":"✅ Redis Connected","service":"neural-shop-backend","timestamp":"2026-04-03 17:13:59.119"}
{"level":"info","message":"🚀 Redis Ready","service":"neural-shop-backend","timestamp":"2026-04-03 17:13:59.155"}
{"level":"info","message":"🚀 Redis connected","service":"neural-shop-backend","timestamp":"2026-04-03 17:13:59.157"}
{"category":"database","host":"localhost:27017","level":"info","message":"🗄️  Connected successfully","service":"neural-shop-backend","timestamp":"2026-04-03 17:13:59.186"}
{"level":"info","message":"🚀 Kafka producer connected","service":"neural-shop-backend","timestamp":"2026-04-03 17:13:59.196"}
{"level":"info","message":"Database URL mongodb://admin:admin@localhost:27017/neural_shop?authSource=admin","service":"neural-shop-backend","timestamp":"2026-04-03 17:14:00.941"}
{"environment":"development","level":"info","message":"🚀 Server is running on port 8000","port":8000,"service":"neural-shop-backend","timestamp":"2026-04-03 17:14:01.089"}
{"category":"database","level":"info","message":"🗄️  MongoDB connected","service":"neural-shop-backend","timestamp":"2026-04-03 17:14:01.090"}
{"level":"info","message":"✅ Redis Connected","service":"neural-shop-backend","timestamp":"2026-04-03 17:14:01.116"}
{"level":"info","message":"🚀 Redis Ready","service":"neural-shop-backend","timestamp":"2026-04-03 17:14:01.181"}
{"level":"info","message":"🚀 Redis connected","service":"neural-shop-backend","timestamp":"2026-04-03 17:14:01.185"}
{"category":"database","host":"localhost:27017","level":"info","message":"🗄️  Connected successfully","service":"neural-shop-backend","timestamp":"2026-04-03 17:14:01.194"}
{"level":"info","message":"🚀 Kafka producer connected","service":"neural-shop-backend","timestamp":"2026-04-03 17:14:01.237"}
{"level":"info","message":"Database URL mongodb://admin:admin@localhost:27017/neural_shop?authSource=admin","service":"neural-shop-backend","timestamp":"2026-04-03 17:14:30.965"}
{"environment":"development","level":"info","message":"🚀 Server is running on port 8000","port":8000,"service":"neural-shop-backend","timestamp":"2026-04-03 17:14:31.092"}
{"category":"database","level":"info","message":"🗄️  MongoDB connected","service":"neural-shop-backend","timestamp":"2026-04-03 17:14:31.094"}
{"level":"info","message":"✅ Redis Connected","service":"neural-shop-backend","timestamp":"2026-04-03 17:14:31.114"}
{"level":"info","message":"🚀 Redis Ready","service":"neural-shop-backend","timestamp":"2026-04-03 17:14:31.151"}
{"level":"info","message":"🚀 Redis connected","service":"neural-shop-backend","timestamp":"2026-04-03 17:14:31.166"}
{"category":"database","host":"localhost:27017","level":"info","message":"🗄️  Connected successfully","service":"neural-shop-backend","timestamp":"2026-04-03 17:14:31.175"}
{"level":"info","message":"🚀 Kafka producer connected","service":"neural-shop-backend","timestamp":"2026-04-03 17:14:31.203"}
{"level":"info","message":"Database URL mongodb://admin:admin@localhost:27017/neural_shop?authSource=admin","service":"neural-shop-backend","timestamp":"2026-04-03 17:14:37.213"}
{"environment":"development","level":"info","message":"🚀 Server is running on port 8000","port":8000,"service":"neural-shop-backend","timestamp":"2026-04-03 17:14:37.342"}
{"category":"database","level":"info","message":"🗄️  MongoDB connected","service":"neural-shop-backend","timestamp":"2026-04-03 17:14:37.343"}
{"level":"info","message":"✅ Redis Connected","service":"neural-shop-backend","timestamp":"2026-04-03 17:14:37.366"}
{"level":"info","message":"🚀 Redis Ready","service":"neural-shop-backend","timestamp":"2026-04-03 17:14:37.397"}
{"level":"info","message":"🚀 Redis connected","service":"neural-shop-backend","timestamp":"2026-04-03 17:14:37.399"}
{"category":"database","host":"localhost:27017","level":"info","message":"🗄️  Connected successfully","service":"neural-shop-backend","timestamp":"2026-04-03 17:14:37.422"}
{"level":"info","message":"🚀 Kafka producer connected","service":"neural-shop-backend","timestamp":"2026-04-03 17:14:37.432"}
{"category":"http","ip":"::1","level":"info","message":"→ POST /adminlogin [200]","service":"neural-shop-backend","timestamp":"2026-04-03 17:14:40.719","userAgent":"PostmanRuntime/7.53.0"}
{"level":"info","message":"Database URL mongodb://admin:admin@localhost:27017/neural_shop?authSource=admin","service":"neural-shop-backend","timestamp":"2026-04-03 17:14:56.269"}
{"environment":"development","level":"info","message":"🚀 Server is running on port 8000","port":8000,"service":"neural-shop-backend","timestamp":"2026-04-03 17:14:56.413"}
{"category":"database","level":"info","message":"🗄️  MongoDB connected","service":"neural-shop-backend","timestamp":"2026-04-03 17:14:56.414"}
{"level":"info","message":"✅ Redis Connected","service":"neural-shop-backend","timestamp":"2026-04-03 17:14:56.433"}
{"level":"info","message":"🚀 Redis Ready","service":"neural-shop-backend","timestamp":"2026-04-03 17:14:56.471"}
{"level":"info","message":"🚀 Redis connected","service":"neural-shop-backend","timestamp":"2026-04-03 17:14:56.473"}
{"category":"database","host":"localhost:27017","level":"info","message":"🗄️  Connected successfully","service":"neural-shop-backend","timestamp":"2026-04-03 17:14:56.498"}
{"level":"info","message":"🚀 Kafka producer connected","service":"neural-shop-backend","timestamp":"2026-04-03 17:14:56.508"}
{"level":"info","message":"🚀 Kafka consumers started","service":"neural-shop-backend","timestamp":"2026-04-03 17:14:58.556"}
{"level":"info","message":"Database URL mongodb://admin:admin@localhost:27017/neural_shop?authSource=admin","service":"neural-shop-backend","timestamp":"2026-04-03 17:15:00.177"}
{"environment":"development","level":"info","message":"🚀 Server is running on port 8000","port":8000,"service":"neural-shop-backend","timestamp":"2026-04-03 17:15:00.296"}
{"category":"database","level":"info","message":"🗄️  MongoDB connected","service":"neural-shop-backend","timestamp":"2026-04-03 17:15:00.297"}
{"level":"info","message":"✅ Redis Connected","service":"neural-shop-backend","timestamp":"2026-04-03 17:15:00.322"}
{"level":"info","message":"🚀 Redis Ready","service":"neural-shop-backend","timestamp":"2026-04-03 17:15:00.366"}
{"level":"info","message":"🚀 Redis connected","service":"neural-shop-backend","timestamp":"2026-04-03 17:15:00.368"}
{"category":"database","host":"localhost:27017","level":"info","message":"🗄️  Connected successfully","service":"neural-shop-backend","timestamp":"2026-04-03 17:15:00.375"}
{"level":"info","message":"🚀 Kafka producer connected","service":"neural-shop-backend","timestamp":"2026-04-03 17:15:00.400"}
{"level":"info","message":"Database URL mongodb://admin:admin@localhost:27017/neural_shop?authSource=admin","service":"neural-shop-backend","timestamp":"2026-04-03 17:15:06.462"}
{"environment":"development","level":"info","message":"🚀 Server is running on port 8000","port":8000,"service":"neural-shop-backend","timestamp":"2026-04-03 17:15:06.568"}
{"category":"database","level":"info","message":"🗄️  MongoDB connected","service":"neural-shop-backend","timestamp":"2026-04-03 17:15:06.569"}
{"level":"info","message":"✅ Redis Connected","service":"neural-shop-backend","timestamp":"2026-04-03 17:15:06.586"}
{"level":"info","message":"🚀 Redis Ready","service":"neural-shop-backend","timestamp":"2026-04-03 17:15:06.618"}
{"level":"info","message":"🚀 Redis connected","service":"neural-shop-backend","timestamp":"2026-04-03 17:15:06.629"}
{"category":"database","host":"localhost:27017","level":"info","message":"🗄️  Connected successfully","service":"neural-shop-backend","timestamp":"2026-04-03 17:15:06.639"}
{"level":"info","message":"🚀 Kafka producer connected","service":"neural-shop-backend","timestamp":"2026-04-03 17:15:06.666"}
{"level":"info","message":"Database URL mongodb://admin:admin@localhost:27017/neural_shop?authSource=admin","service":"neural-shop-backend","timestamp":"2026-04-03 17:15:47.969"}
{"environment":"development","level":"info","message":"🚀 Server is running on port 8000","port":8000,"service":"neural-shop-backend","timestamp":"2026-04-03 17:15:48.111"}
{"category":"database","level":"info","message":"🗄️  MongoDB connected","service":"neural-shop-backend","timestamp":"2026-04-03 17:15:48.114"}
{"level":"info","message":"✅ Redis Connected","service":"neural-shop-backend","timestamp":"2026-04-03 17:15:48.135"}
{"level":"info","message":"🚀 Redis Ready","service":"neural-shop-backend","timestamp":"2026-04-03 17:15:48.183"}
{"level":"info","message":"🚀 Redis connected","service":"neural-shop-backend","timestamp":"2026-04-03 17:15:48.185"}
{"category":"database","host":"localhost:27017","level":"info","message":"🗄️  Connected successfully","service":"neural-shop-backend","timestamp":"2026-04-03 17:15:48.196"}
{"level":"info","message":"🚀 Kafka producer connected","service":"neural-shop-backend","timestamp":"2026-04-03 17:15:48.232"}
{"level":"info","message":"🚀 Kafka consumers started","service":"neural-shop-backend","timestamp":"2026-04-03 17:16:15.586"}
{"level":"info","message":"Database URL mongodb://admin:admin@localhost:27017/neural_shop?authSource=admin","service":"neural-shop-backend","timestamp":"2026-04-03 17:16:19.172"}
{"environment":"development","level":"info","message":"🚀 Server is running on port 8000","port":8000,"service":"neural-shop-backend","timestamp":"2026-04-03 17:16:19.303"}
{"category":"database","level":"info","message":"🗄️  MongoDB connected","service":"neural-shop-backend","timestamp":"2026-04-03 17:16:19.304"}
{"level":"info","message":"✅ Redis Connected","service":"neural-shop-backend","timestamp":"2026-04-03 17:16:19.327"}
{"level":"info","message":"🚀 Redis Ready","service":"neural-shop-backend","timestamp":"2026-04-03 17:16:19.362"}
{"level":"info","message":"🚀 Redis connected","service":"neural-shop-backend","timestamp":"2026-04-03 17:16:19.364"}
{"category":"database","host":"localhost:27017","level":"info","message":"🗄️  Connected successfully","service":"neural-shop-backend","timestamp":"2026-04-03 17:16:19.388"}
{"level":"info","message":"🚀 Kafka producer connected","service":"neural-shop-backend","timestamp":"2026-04-03 17:16:19.399"}
{"level":"info","message":"🚀 Kafka consumers started","service":"neural-shop-backend","timestamp":"2026-04-03 17:16:42.890"}
{"level":"info","message":"Database URL mongodb://admin:admin@localhost:27017/neural_shop?authSource=admin","service":"neural-shop-backend","timestamp":"2026-04-03 17:17:55.976"}
{"environment":"development","level":"info","message":"🚀 Server is running on port 8000","port":8000,"service":"neural-shop-backend","timestamp":"2026-04-03 17:17:56.103"}
{"category":"database","level":"info","message":"🗄️  MongoDB connected","service":"neural-shop-backend","timestamp":"2026-04-03 17:17:56.104"}
{"level":"info","message":"✅ Redis Connected","service":"neural-shop-backend","timestamp":"2026-04-03 17:17:56.123"}
{"level":"info","message":"🚀 Redis Ready","service":"neural-shop-backend","timestamp":"2026-04-03 17:17:56.159"}
{"level":"info","message":"🚀 Redis connected","service":"neural-shop-backend","timestamp":"2026-04-03 17:17:56.161"}
{"category":"database","host":"localhost:27017","level":"info","message":"🗄️  Connected successfully","service":"neural-shop-backend","timestamp":"2026-04-03 17:17:56.184"}
{"level":"info","message":"🚀 Kafka producer connected","service":"neural-shop-backend","timestamp":"2026-04-03 17:17:56.193"}
{"level":"info","message":"Database URL mongodb://admin:admin@localhost:27017/neural_shop?authSource=admin","service":"neural-shop-backend","timestamp":"2026-04-03 17:18:03.496"}
{"environment":"development","level":"info","message":"🚀 Server is running on port 8000","port":8000,"service":"neural-shop-backend","timestamp":"2026-04-03 17:18:03.638"}
{"category":"database","level":"info","message":"🗄️  MongoDB connected","service":"neural-shop-backend","timestamp":"2026-04-03 17:18:03.640"}
{"level":"info","message":"✅ Redis Connected","service":"neural-shop-backend","timestamp":"2026-04-03 17:18:03.657"}
{"level":"info","message":"🚀 Redis Ready","service":"neural-shop-backend","timestamp":"2026-04-03 17:18:03.691"}
{"level":"info","message":"🚀 Redis connected","service":"neural-shop-backend","timestamp":"2026-04-03 17:18:03.693"}
{"category":"database","host":"localhost:27017","level":"info","message":"🗄️  Connected successfully","service":"neural-shop-backend","timestamp":"2026-04-03 17:18:03.727"}
{"level":"info","message":"🚀 Kafka producer connected","service":"neural-shop-backend","timestamp":"2026-04-03 17:18:03.743"}
{"level":"info","message":"Database URL mongodb://admin:admin@localhost:27017/neural_shop?authSource=admin","service":"neural-shop-backend","timestamp":"2026-04-03 17:18:19.383"}
{"environment":"development","level":"info","message":"🚀 Server is running on port 8000","port":8000,"service":"neural-shop-backend","timestamp":"2026-04-03 17:18:19.530"}
{"category":"database","level":"info","message":"🗄️  MongoDB connected","service":"neural-shop-backend","timestamp":"2026-04-03 17:18:19.531"}
{"level":"info","message":"✅ Redis Connected","service":"neural-shop-backend","timestamp":"2026-04-03 17:18:19.549"}
{"level":"info","message":"🚀 Redis Ready","service":"neural-shop-backend","timestamp":"2026-04-03 17:18:19.584"}
{"level":"info","message":"🚀 Redis connected","service":"neural-shop-backend","timestamp":"2026-04-03 17:18:19.595"}
{"category":"database","host":"localhost:27017","level":"info","message":"🗄️  Connected successfully","service":"neural-shop-backend","timestamp":"2026-04-03 17:18:19.604"}
{"level":"info","message":"🚀 Kafka producer connected","service":"neural-shop-backend","timestamp":"2026-04-03 17:18:19.630"}
{"level":"info","message":"Database URL mongodb://admin:admin@localhost:27017/neural_shop?authSource=admin","service":"neural-shop-backend","timestamp":"2026-04-03 17:18:21.713"}
{"environment":"development","level":"info","message":"🚀 Server is running on port 8000","port":8000,"service":"neural-shop-backend","timestamp":"2026-04-03 17:18:21.838"}
{"category":"database","level":"info","message":"🗄️  MongoDB connected","service":"neural-shop-backend","timestamp":"2026-04-03 17:18:21.839"}
{"level":"info","message":"✅ Redis Connected","service":"neural-shop-backend","timestamp":"2026-04-03 17:18:21.859"}
{"level":"info","message":"🚀 Redis Ready","service":"neural-shop-backend","timestamp":"2026-04-03 17:18:21.907"}
{"level":"info","message":"🚀 Redis connected","service":"neural-shop-backend","timestamp":"2026-04-03 17:18:21.909"}
{"category":"database","host":"localhost:27017","level":"info","message":"🗄️  Connected successfully","service":"neural-shop-backend","timestamp":"2026-04-03 17:18:21.916"}
{"level":"info","message":"🚀 Kafka producer connected","service":"neural-shop-backend","timestamp":"2026-04-03 17:18:21.940"}
{"level":"info","message":"🚀 Kafka consumers started","service":"neural-shop-backend","timestamp":"2026-04-03 17:18:45.831"}
{"level":"info","message":"Database URL mongodb://admin:admin@localhost:27017/neural_shop?authSource=admin","service":"neural-shop-backend","timestamp":"2026-04-03 17:18:52.807"}
{"environment":"development","level":"info","message":"🚀 Server is running on port 8000","port":8000,"service":"neural-shop-backend","timestamp":"2026-04-03 17:18:52.931"}
{"category":"database","level":"info","message":"🗄️  MongoDB connected","service":"neural-shop-backend","timestamp":"2026-04-03 17:18:52.932"}
{"level":"info","message":"✅ Redis Connected","service":"neural-shop-backend","timestamp":"2026-04-03 17:18:52.955"}
{"level":"info","message":"🚀 Redis Ready","service":"neural-shop-backend","timestamp":"2026-04-03 17:18:52.989"}
{"level":"info","message":"🚀 Redis connected","service":"neural-shop-backend","timestamp":"2026-04-03 17:18:52.991"}
{"category":"database","host":"localhost:27017","level":"info","message":"🗄️  Connected successfully","service":"neural-shop-backend","timestamp":"2026-04-03 17:18:53.019"}
{"level":"info","message":"🚀 Kafka producer connected","service":"neural-shop-backend","timestamp":"2026-04-03 17:18:53.044"}
{"level":"info","message":"Database URL mongodb://admin:admin@localhost:27017/neural_shop?authSource=admin","service":"neural-shop-backend","timestamp":"2026-04-03 17:19:00.583"}
{"environment":"development","level":"info","message":"🚀 Server is running on port 8000","port":8000,"service":"neural-shop-backend","timestamp":"2026-04-03 17:19:00.716"}
{"category":"database","level":"info","message":"🗄️  MongoDB connected","service":"neural-shop-backend","timestamp":"2026-04-03 17:19:00.718"}
{"level":"info","message":"✅ Redis Connected","service":"neural-shop-backend","timestamp":"2026-04-03 17:19:00.740"}
{"level":"info","message":"🚀 Redis Ready","service":"neural-shop-backend","timestamp":"2026-04-03 17:19:00.803"}
{"level":"info","message":"🚀 Redis connected","service":"neural-shop-backend","timestamp":"2026-04-03 17:19:00.806"}
{"category":"database","host":"localhost:27017","level":"info","message":"🗄️  Connected successfully","service":"neural-shop-backend","timestamp":"2026-04-03 17:19:00.815"}
{"level":"info","message":"🚀 Kafka producer connected","service":"neural-shop-backend","timestamp":"2026-04-03 17:19:00.856"}
{"level":"info","message":"Database URL mongodb://admin:admin@localhost:27017/neural_shop?authSource=admin","service":"neural-shop-backend","timestamp":"2026-04-03 17:19:22.665"}
{"environment":"development","level":"info","message":"🚀 Server is running on port 8000","port":8000,"service":"neural-shop-backend","timestamp":"2026-04-03 17:19:22.803"}
{"category":"database","level":"info","message":"🗄️  MongoDB connected","service":"neural-shop-backend","timestamp":"2026-04-03 17:19:22.804"}
{"level":"info","message":"✅ Redis Connected","service":"neural-shop-backend","timestamp":"2026-04-03 17:19:22.823"}
{"level":"info","message":"🚀 Redis Ready","service":"neural-shop-backend","timestamp":"2026-04-03 17:19:22.853"}
{"level":"info","message":"🚀 Redis connected","service":"neural-shop-backend","timestamp":"2026-04-03 17:19:22.855"}
{"category":"database","host":"localhost:27017","level":"info","message":"🗄️  Connected successfully","service":"neural-shop-backend","timestamp":"2026-04-03 17:19:22.879"}
{"level":"info","message":"🚀 Kafka producer connected","service":"neural-shop-backend","timestamp":"2026-04-03 17:19:22.890"}
{"level":"info","message":"Database URL mongodb://admin:admin@localhost:27017/neural_shop?authSource=admin","service":"neural-shop-backend","timestamp":"2026-04-03 17:19:24.634"}
{"environment":"development","level":"info","message":"🚀 Server is running on port 8000","port":8000,"service":"neural-shop-backend","timestamp":"2026-04-03 17:19:24.745"}
{"category":"database","level":"info","message":"🗄️  MongoDB connected","service":"neural-shop-backend","timestamp":"2026-04-03 17:19:24.746"}
{"level":"info","message":"✅ Redis Connected","service":"neural-shop-backend","timestamp":"2026-04-03 17:19:24.773"}
{"level":"info","message":"🚀 Redis Ready","service":"neural-shop-backend","timestamp":"2026-04-03 17:19:24.804"}
{"level":"info","message":"🚀 Redis connected","service":"neural-shop-backend","timestamp":"2026-04-03 17:19:24.806"}
{"category":"database","host":"localhost:27017","level":"info","message":"🗄️  Connected successfully","service":"neural-shop-backend","timestamp":"2026-04-03 17:19:24.833"}
{"level":"info","message":"🚀 Kafka producer connected","service":"neural-shop-backend","timestamp":"2026-04-03 17:19:24.842"}
{"level":"info","message":"Database URL mongodb://admin:admin@localhost:27017/neural_shop?authSource=admin","service":"neural-shop-backend","timestamp":"2026-04-03 17:19:26.901"}
{"environment":"development","level":"info","message":"🚀 Server is running on port 8000","port":8000,"service":"neural-shop-backend","timestamp":"2026-04-03 17:19:27.019"}
{"category":"database","level":"info","message":"🗄️  MongoDB connected","service":"neural-shop-backend","timestamp":"2026-04-03 17:19:27.020"}
{"level":"info","message":"✅ Redis Connected","service":"neural-shop-backend","timestamp":"2026-04-03 17:19:27.041"}
{"level":"info","message":"🚀 Redis Ready","service":"neural-shop-backend","timestamp":"2026-04-03 17:19:27.071"}
{"level":"info","message":"🚀 Redis connected","service":"neural-shop-backend","timestamp":"2026-04-03 17:19:27.074"}
{"category":"database","host":"localhost:27017","level":"info","message":"🗄️  Connected successfully","service":"neural-shop-backend","timestamp":"2026-04-03 17:19:27.102"}
{"level":"info","message":"🚀 Kafka producer connected","service":"neural-shop-backend","timestamp":"2026-04-03 17:19:27.112"}
{"level":"info","message":"Database URL mongodb://admin:admin@localhost:27017/neural_shop?authSource=admin","service":"neural-shop-backend","timestamp":"2026-04-03 17:19:29.405"}
{"environment":"development","level":"info","message":"🚀 Server is running on port 8000","port":8000,"service":"neural-shop-backend","timestamp":"2026-04-03 17:19:29.522"}
{"category":"database","level":"info","message":"🗄️  MongoDB connected","service":"neural-shop-backend","timestamp":"2026-04-03 17:19:29.524"}
{"level":"info","message":"✅ Redis Connected","service":"neural-shop-backend","timestamp":"2026-04-03 17:19:29.543"}
{"level":"info","message":"🚀 Redis Ready","service":"neural-shop-backend","timestamp":"2026-04-03 17:19:29.577"}
{"level":"info","message":"🚀 Redis connected","service":"neural-shop-backend","timestamp":"2026-04-03 17:19:29.579"}
{"category":"database","host":"localhost:27017","level":"info","message":"🗄️  Connected successfully","service":"neural-shop-backend","timestamp":"2026-04-03 17:19:29.613"}
{"level":"info","message":"Database URL mongodb://admin:admin@localhost:27017/neural_shop?authSource=admin","service":"neural-shop-backend","timestamp":"2026-04-03 17:19:31.006"}
{"environment":"development","level":"info","message":"🚀 Server is running on port 8000","port":8000,"service":"neural-shop-backend","timestamp":"2026-04-03 17:19:31.116"}
{"category":"database","level":"info","message":"🗄️  MongoDB connected","service":"neural-shop-backend","timestamp":"2026-04-03 17:19:31.117"}
{"level":"info","message":"✅ Redis Connected","service":"neural-shop-backend","timestamp":"2026-04-03 17:19:31.141"}
{"level":"info","message":"🚀 Redis Ready","service":"neural-shop-backend","timestamp":"2026-04-03 17:19:31.175"}
{"level":"info","message":"🚀 Redis connected","service":"neural-shop-backend","timestamp":"2026-04-03 17:19:31.177"}
{"category":"database","host":"localhost:27017","level":"info","message":"🗄️  Connected successfully","service":"neural-shop-backend","timestamp":"2026-04-03 17:19:31.198"}
{"level":"info","message":"🚀 Kafka producer connected","service":"neural-shop-backend","timestamp":"2026-04-03 17:19:31.228"}
{"level":"info","message":"Database URL mongodb://admin:admin@localhost:27017/neural_shop?authSource=admin","service":"neural-shop-backend","timestamp":"2026-04-03 17:19:39.953"}
{"environment":"development","level":"info","message":"🚀 Server is running on port 8000","port":8000,"service":"neural-shop-backend","timestamp":"2026-04-03 17:19:40.071"}
{"category":"database","level":"info","message":"🗄️  MongoDB connected","service":"neural-shop-backend","timestamp":"2026-04-03 17:19:40.073"}
{"level":"info","message":"✅ Redis Connected","service":"neural-shop-backend","timestamp":"2026-04-03 17:19:40.116"}
{"level":"info","message":"🚀 Redis Ready","service":"neural-shop-backend","timestamp":"2026-04-03 17:19:40.195"}
{"level":"info","message":"🚀 Redis connected","service":"neural-shop-backend","timestamp":"2026-04-03 17:19:40.199"}
{"category":"database","host":"localhost:27017","level":"info","message":"🗄️  Connected successfully","service":"neural-shop-backend","timestamp":"2026-04-03 17:19:40.241"}
{"level":"info","message":"🚀 Kafka producer connected","service":"neural-shop-backend","timestamp":"2026-04-03 17:19:40.269"}
{"level":"info","message":"Database URL mongodb://admin:admin@localhost:27017/neural_shop?authSource=admin","service":"neural-shop-backend","timestamp":"2026-04-03 17:19:41.869"}
{"environment":"development","level":"info","message":"🚀 Server is running on port 8000","port":8000,"service":"neural-shop-backend","timestamp":"2026-04-03 17:19:42.005"}
{"category":"database","level":"info","message":"🗄️  MongoDB connected","service":"neural-shop-backend","timestamp":"2026-04-03 17:19:42.006"}
{"level":"info","message":"✅ Redis Connected","service":"neural-shop-backend","timestamp":"2026-04-03 17:19:42.031"}
{"level":"info","message":"🚀 Redis Ready","service":"neural-shop-backend","timestamp":"2026-04-03 17:19:42.065"}
{"level":"info","message":"🚀 Redis connected","service":"neural-shop-backend","timestamp":"2026-04-03 17:19:42.067"}
{"category":"database","host":"localhost:27017","level":"info","message":"🗄️  Connected successfully","service":"neural-shop-backend","timestamp":"2026-04-03 17:19:42.094"}
{"level":"info","message":"🚀 Kafka producer connected","service":"neural-shop-backend","timestamp":"2026-04-03 17:19:42.104"}
{"level":"info","message":"Database URL mongodb://admin:admin@localhost:27017/neural_shop?authSource=admin","service":"neural-shop-backend","timestamp":"2026-04-03 17:19:50.644"}
{"environment":"development","level":"info","message":"🚀 Server is running on port 8000","port":8000,"service":"neural-shop-backend","timestamp":"2026-04-03 17:19:50.753"}
{"category":"database","level":"info","message":"🗄️  MongoDB connected","service":"neural-shop-backend","timestamp":"2026-04-03 17:19:50.755"}
{"level":"info","message":"✅ Redis Connected","service":"neural-shop-backend","timestamp":"2026-04-03 17:19:50.778"}
{"level":"info","message":"🚀 Redis Ready","service":"neural-shop-backend","timestamp":"2026-04-03 17:19:50.820"}
{"level":"info","message":"🚀 Redis connected","service":"neural-shop-backend","timestamp":"2026-04-03 17:19:50.830"}
{"category":"database","host":"localhost:27017","level":"info","message":"🗄️  Connected successfully","service":"neural-shop-backend","timestamp":"2026-04-03 17:19:50.838"}
{"level":"info","message":"🚀 Kafka producer connected","service":"neural-shop-backend","timestamp":"2026-04-03 17:19:50.864"}
{"level":"info","message":"Database URL mongodb://admin:admin@localhost:27017/neural_shop?authSource=admin","service":"neural-shop-backend","timestamp":"2026-04-03 17:19:54.323"}
{"environment":"development","level":"info","message":"🚀 Server is running on port 8000","port":8000,"service":"neural-shop-backend","timestamp":"2026-04-03 17:19:54.444"}
{"category":"database","level":"info","message":"🗄️  MongoDB connected","service":"neural-shop-backend","timestamp":"2026-04-03 17:19:54.445"}
{"level":"info","message":"✅ Redis Connected","service":"neural-shop-backend","timestamp":"2026-04-03 17:19:54.466"}
{"level":"info","message":"🚀 Redis Ready","service":"neural-shop-backend","timestamp":"2026-04-03 17:19:54.499"}
{"level":"info","message":"🚀 Redis connected","service":"neural-shop-backend","timestamp":"2026-04-03 17:19:54.501"}
{"category":"database","host":"localhost:27017","level":"info","message":"🗄️  Connected successfully","service":"neural-shop-backend","timestamp":"2026-04-03 17:19:54.529"}
{"level":"info","message":"🚀 Kafka producer connected","service":"neural-shop-backend","timestamp":"2026-04-03 17:19:54.539"}
{"level":"info","message":"Database URL mongodb://admin:admin@localhost:27017/neural_shop?authSource=admin","service":"neural-shop-backend","timestamp":"2026-04-03 17:20:05.270"}
{"environment":"development","level":"info","message":"🚀 Server is running on port 8000","port":8000,"service":"neural-shop-backend","timestamp":"2026-04-03 17:20:05.390"}
{"category":"database","level":"info","message":"🗄️  MongoDB connected","service":"neural-shop-backend","timestamp":"2026-04-03 17:20:05.391"}
{"level":"info","message":"✅ Redis Connected","service":"neural-shop-backend","timestamp":"2026-04-03 17:20:05.414"}
{"level":"info","message":"🚀 Redis Ready","service":"neural-shop-backend","timestamp":"2026-04-03 17:20:05.458"}
{"level":"info","message":"🚀 Redis connected","service":"neural-shop-backend","timestamp":"2026-04-03 17:20:05.460"}
{"category":"database","host":"localhost:27017","level":"info","message":"🗄️  Connected successfully","service":"neural-shop-backend","timestamp":"2026-04-03 17:20:05.466"}
{"level":"info","message":"🚀 Kafka producer connected","service":"neural-shop-backend","timestamp":"2026-04-03 17:20:05.491"}
{"category":"http","ip":"::1","level":"info","message":"→ POST /request-password-reset [400]","service":"neural-shop-backend","timestamp":"2026-04-03 17:20:10.689","userAgent":"PostmanRuntime/7.53.0"}
{"level":"info","message":"Database URL mongodb://admin:admin@localhost:27017/neural_shop?authSource=admin","service":"neural-shop-backend","timestamp":"2026-04-03 17:20:30.128"}
{"environment":"development","level":"info","message":"🚀 Server is running on port 8000","port":8000,"service":"neural-shop-backend","timestamp":"2026-04-03 17:20:30.251"}
{"category":"database","level":"info","message":"🗄️  MongoDB connected","service":"neural-shop-backend","timestamp":"2026-04-03 17:20:30.253"}
{"level":"info","message":"✅ Redis Connected","service":"neural-shop-backend","timestamp":"2026-04-03 17:20:30.283"}
{"level":"info","message":"🚀 Redis Ready","service":"neural-shop-backend","timestamp":"2026-04-03 17:20:30.331"}
{"level":"info","message":"🚀 Redis connected","service":"neural-shop-backend","timestamp":"2026-04-03 17:20:30.334"}
{"category":"database","host":"localhost:27017","level":"info","message":"🗄️  Connected successfully","service":"neural-shop-backend","timestamp":"2026-04-03 17:20:30.342"}
{"level":"info","message":"🚀 Kafka producer connected","service":"neural-shop-backend","timestamp":"2026-04-03 17:20:30.372"}
{"level":"info","message":"Database URL mongodb://admin:admin@localhost:27017/neural_shop?authSource=admin","service":"neural-shop-backend","timestamp":"2026-04-03 17:20:32.451"}
{"environment":"development","level":"info","message":"🚀 Server is running on port 8000","port":8000,"service":"neural-shop-backend","timestamp":"2026-04-03 17:20:32.563"}
{"category":"database","level":"info","message":"🗄️  MongoDB connected","service":"neural-shop-backend","timestamp":"2026-04-03 17:20:32.564"}
{"level":"info","message":"✅ Redis Connected","service":"neural-shop-backend","timestamp":"2026-04-03 17:20:32.579"}
{"level":"info","message":"🚀 Redis Ready","service":"neural-shop-backend","timestamp":"2026-04-03 17:20:32.620"}
{"level":"info","message":"🚀 Redis connected","service":"neural-shop-backend","timestamp":"2026-04-03 17:20:32.621"}
{"category":"database","host":"localhost:27017","level":"info","message":"🗄️  Connected successfully","service":"neural-shop-backend","timestamp":"2026-04-03 17:20:32.628"}
{"level":"info","message":"🚀 Kafka producer connected","service":"neural-shop-backend","timestamp":"2026-04-03 17:20:32.661"}
{"level":"info","message":"🚀 Kafka consumers started","service":"neural-shop-backend","timestamp":"2026-04-03 17:20:57.711"}
{"level":"info","message":"Database URL mongodb://admin:admin@localhost:27017/neural_shop?authSource=admin","service":"neural-shop-backend","timestamp":"2026-04-03 17:21:06.152"}
{"environment":"development","level":"info","message":"🚀 Server is running on port 8000","port":8000,"service":"neural-shop-backend","timestamp":"2026-04-03 17:21:06.263"}
{"category":"database","level":"info","message":"🗄️  MongoDB connected","service":"neural-shop-backend","timestamp":"2026-04-03 17:21:06.265"}
{"level":"info","message":"✅ Redis Connected","service":"neural-shop-backend","timestamp":"2026-04-03 17:21:06.286"}
{"level":"info","message":"🚀 Redis Ready","service":"neural-shop-backend","timestamp":"2026-04-03 17:21:06.329"}
{"level":"info","message":"🚀 Redis connected","service":"neural-shop-backend","timestamp":"2026-04-03 17:21:06.331"}
{"category":"database","host":"localhost:27017","level":"info","message":"🗄️  Connected successfully","service":"neural-shop-backend","timestamp":"2026-04-03 17:21:06.337"}
{"level":"info","message":"🚀 Kafka producer connected","service":"neural-shop-backend","timestamp":"2026-04-03 17:21:06.359"}
{"level":"info","message":"🚀 Kafka consumers started","service":"neural-shop-backend","timestamp":"2026-04-03 17:21:25.002"}
{"level":"info","message":"Database URL mongodb://admin:admin@localhost:27017/neural_shop?authSource=admin","service":"neural-shop-backend","timestamp":"2026-04-03 17:21:38.666"}
{"environment":"development","level":"info","message":"🚀 Server is running on port 8000","port":8000,"service":"neural-shop-backend","timestamp":"2026-04-03 17:21:38.790"}
{"category":"database","level":"info","message":"🗄️  MongoDB connected","service":"neural-shop-backend","timestamp":"2026-04-03 17:21:38.791"}
{"level":"info","message":"✅ Redis Connected","service":"neural-shop-backend","timestamp":"2026-04-03 17:21:38.814"}
{"level":"info","message":"🚀 Redis Ready","service":"neural-shop-backend","timestamp":"2026-04-03 17:21:38.846"}
{"level":"info","message":"🚀 Redis connected","service":"neural-shop-backend","timestamp":"2026-04-03 17:21:38.849"}
{"category":"database","host":"localhost:27017","level":"info","message":"🗄️  Connected successfully","service":"neural-shop-backend","timestamp":"2026-04-03 17:21:38.873"}
{"level":"info","message":"🚀 Kafka producer connected","service":"neural-shop-backend","timestamp":"2026-04-03 17:21:38.882"}
{"level":"info","message":"Database URL mongodb://admin:admin@localhost:27017/neural_shop?authSource=admin","service":"neural-shop-backend","timestamp":"2026-04-03 17:21:41.255"}
{"environment":"development","level":"info","message":"🚀 Server is running on port 8000","port":8000,"service":"neural-shop-backend","timestamp":"2026-04-03 17:21:41.373"}
{"category":"database","level":"info","message":"🗄️  MongoDB connected","service":"neural-shop-backend","timestamp":"2026-04-03 17:21:41.374"}
{"level":"info","message":"✅ Redis Connected","service":"neural-shop-backend","timestamp":"2026-04-03 17:21:41.389"}
{"level":"info","message":"🚀 Redis Ready","service":"neural-shop-backend","timestamp":"2026-04-03 17:21:41.433"}
{"level":"info","message":"🚀 Redis connected","service":"neural-shop-backend","timestamp":"2026-04-03 17:21:41.435"}
{"category":"database","host":"localhost:27017","level":"info","message":"🗄️  Connected successfully","service":"neural-shop-backend","timestamp":"2026-04-03 17:21:41.442"}
{"level":"info","message":"🚀 Kafka producer connected","service":"neural-shop-backend","timestamp":"2026-04-03 17:21:41.470"}
{"level":"info","message":"Database URL mongodb://admin:admin@localhost:27017/neural_shop?authSource=admin","service":"neural-shop-backend","timestamp":"2026-04-03 17:21:48.093"}
{"environment":"development","level":"info","message":"🚀 Server is running on port 8000","port":8000,"service":"neural-shop-backend","timestamp":"2026-04-03 17:21:48.207"}
{"category":"database","level":"info","message":"🗄️  MongoDB connected","service":"neural-shop-backend","timestamp":"2026-04-03 17:21:48.209"}
{"level":"info","message":"✅ Redis Connected","service":"neural-shop-backend","timestamp":"2026-04-03 17:21:48.235"}
{"level":"info","message":"🚀 Redis Ready","service":"neural-shop-backend","timestamp":"2026-04-03 17:21:48.264"}
{"level":"info","message":"🚀 Redis connected","service":"neural-shop-backend","timestamp":"2026-04-03 17:21:48.268"}
{"category":"database","host":"localhost:27017","level":"info","message":"🗄️  Connected successfully","service":"neural-shop-backend","timestamp":"2026-04-03 17:21:48.296"}
{"level":"info","message":"🚀 Kafka producer connected","service":"neural-shop-backend","timestamp":"2026-04-03 17:21:48.309"}
{"level":"info","message":"Database URL mongodb://admin:admin@localhost:27017/neural_shop?authSource=admin","service":"neural-shop-backend","timestamp":"2026-04-03 17:21:52.412"}
{"environment":"development","level":"info","message":"🚀 Server is running on port 8000","port":8000,"service":"neural-shop-backend","timestamp":"2026-04-03 17:21:52.533"}
{"category":"database","level":"info","message":"🗄️  MongoDB connected","service":"neural-shop-backend","timestamp":"2026-04-03 17:21:52.536"}
{"level":"info","message":"✅ Redis Connected","service":"neural-shop-backend","timestamp":"2026-04-03 17:21:52.558"}
{"level":"info","message":"🚀 Redis Ready","service":"neural-shop-backend","timestamp":"2026-04-03 17:21:52.587"}
{"level":"info","message":"🚀 Redis connected","service":"neural-shop-backend","timestamp":"2026-04-03 17:21:52.589"}
{"category":"database","host":"localhost:27017","level":"info","message":"🗄️  Connected successfully","service":"neural-shop-backend","timestamp":"2026-04-03 17:21:52.612"}
{"level":"info","message":"🚀 Kafka producer connected","service":"neural-shop-backend","timestamp":"2026-04-03 17:21:52.621"}
{"level":"info","message":"Database URL mongodb://admin:admin@localhost:27017/neural_shop?authSource=admin","service":"neural-shop-backend","timestamp":"2026-04-03 17:21:56.693"}
{"environment":"development","level":"info","message":"🚀 Server is running on port 8000","port":8000,"service":"neural-shop-backend","timestamp":"2026-04-03 17:21:56.807"}
{"category":"database","level":"info","message":"🗄️  MongoDB connected","service":"neural-shop-backend","timestamp":"2026-04-03 17:21:56.808"}
{"level":"info","message":"✅ Redis Connected","service":"neural-shop-backend","timestamp":"2026-04-03 17:21:56.838"}
{"level":"info","message":"🚀 Redis Ready","service":"neural-shop-backend","timestamp":"2026-04-03 17:21:56.878"}
{"level":"info","message":"🚀 Redis connected","service":"neural-shop-backend","timestamp":"2026-04-03 17:21:56.894"}
{"category":"database","host":"localhost:27017","level":"info","message":"🗄️  Connected successfully","service":"neural-shop-backend","timestamp":"2026-04-03 17:21:56.903"}
{"level":"info","message":"🚀 Kafka producer connected","service":"neural-shop-backend","timestamp":"2026-04-03 17:21:56.926"}
{"level":"info","message":"Database URL mongodb://admin:admin@localhost:27017/neural_shop?authSource=admin","service":"neural-shop-backend","timestamp":"2026-04-03 17:22:08.919"}
{"environment":"development","level":"info","message":"🚀 Server is running on port 8000","port":8000,"service":"neural-shop-backend","timestamp":"2026-04-03 17:22:09.027"}
{"category":"database","level":"info","message":"🗄️  MongoDB connected","service":"neural-shop-backend","timestamp":"2026-04-03 17:22:09.029"}
{"level":"info","message":"✅ Redis Connected","service":"neural-shop-backend","timestamp":"2026-04-03 17:22:09.046"}
{"level":"info","message":"🚀 Redis Ready","service":"neural-shop-backend","timestamp":"2026-04-03 17:22:09.087"}
{"level":"info","message":"🚀 Redis connected","service":"neural-shop-backend","timestamp":"2026-04-03 17:22:09.089"}
{"category":"database","host":"localhost:27017","level":"info","message":"🗄️  Connected successfully","service":"neural-shop-backend","timestamp":"2026-04-03 17:22:09.096"}
{"level":"info","message":"🚀 Kafka producer connected","service":"neural-shop-backend","timestamp":"2026-04-03 17:22:09.121"}
{"level":"info","message":"Database URL mongodb://admin:admin@localhost:27017/neural_shop?authSource=admin","service":"neural-shop-backend","timestamp":"2026-04-03 17:22:19.703"}
{"environment":"development","level":"info","message":"🚀 Server is running on port 8000","port":8000,"service":"neural-shop-backend","timestamp":"2026-04-03 17:22:19.816"}
{"category":"database","level":"info","message":"🗄️  MongoDB connected","service":"neural-shop-backend","timestamp":"2026-04-03 17:22:19.817"}
{"level":"info","message":"✅ Redis Connected","service":"neural-shop-backend","timestamp":"2026-04-03 17:22:19.836"}
{"level":"info","message":"🚀 Redis Ready","service":"neural-shop-backend","timestamp":"2026-04-03 17:22:19.871"}
{"level":"info","message":"🚀 Redis connected","service":"neural-shop-backend","timestamp":"2026-04-03 17:22:19.873"}
{"category":"database","host":"localhost:27017","level":"info","message":"🗄️  Connected successfully","service":"neural-shop-backend","timestamp":"2026-04-03 17:22:19.898"}
{"level":"info","message":"🚀 Kafka producer connected","service":"neural-shop-backend","timestamp":"2026-04-03 17:22:19.907"}
{"level":"info","message":"Database URL mongodb://admin:admin@localhost:27017/neural_shop?authSource=admin","service":"neural-shop-backend","timestamp":"2026-04-03 17:22:25.734"}
{"environment":"development","level":"info","message":"🚀 Server is running on port 8000","port":8000,"service":"neural-shop-backend","timestamp":"2026-04-03 17:22:25.850"}
{"category":"database","level":"info","message":"🗄️  MongoDB connected","service":"neural-shop-backend","timestamp":"2026-04-03 17:22:25.852"}
{"level":"info","message":"✅ Redis Connected","service":"neural-shop-backend","timestamp":"2026-04-03 17:22:25.866"}
{"level":"info","message":"🚀 Redis Ready","service":"neural-shop-backend","timestamp":"2026-04-03 17:22:25.892"}
{"level":"info","message":"🚀 Redis connected","service":"neural-shop-backend","timestamp":"2026-04-03 17:22:25.897"}
{"category":"database","host":"localhost:27017","level":"info","message":"🗄️  Connected successfully","service":"neural-shop-backend","timestamp":"2026-04-03 17:22:25.924"}
{"level":"info","message":"🚀 Kafka producer connected","service":"neural-shop-backend","timestamp":"2026-04-03 17:22:25.933"}
{"level":"info","message":"Database URL mongodb://admin:admin@localhost:27017/neural_shop?authSource=admin","service":"neural-shop-backend","timestamp":"2026-04-03 17:22:36.847"}
{"environment":"development","level":"info","message":"🚀 Server is running on port 8000","port":8000,"service":"neural-shop-backend","timestamp":"2026-04-03 17:22:36.981"}
{"category":"database","level":"info","message":"🗄️  MongoDB connected","service":"neural-shop-backend","timestamp":"2026-04-03 17:22:36.983"}
{"level":"info","message":"✅ Redis Connected","service":"neural-shop-backend","timestamp":"2026-04-03 17:22:36.998"}
{"level":"info","message":"🚀 Redis Ready","service":"neural-shop-backend","timestamp":"2026-04-03 17:22:37.030"}
{"level":"info","message":"🚀 Redis connected","service":"neural-shop-backend","timestamp":"2026-04-03 17:22:37.032"}
{"category":"database","host":"localhost:27017","level":"info","message":"🗄️  Connected successfully","service":"neural-shop-backend","timestamp":"2026-04-03 17:22:37.056"}
{"level":"info","message":"🚀 Kafka producer connected","service":"neural-shop-backend","timestamp":"2026-04-03 17:22:37.069"}
{"level":"info","message":"Database URL mongodb://admin:admin@localhost:27017/neural_shop?authSource=admin","service":"neural-shop-backend","timestamp":"2026-04-03 17:22:44.028"}
{"environment":"development","level":"info","message":"🚀 Server is running on port 8000","port":8000,"service":"neural-shop-backend","timestamp":"2026-04-03 17:22:44.138"}
{"category":"database","level":"info","message":"🗄️  MongoDB connected","service":"neural-shop-backend","timestamp":"2026-04-03 17:22:44.140"}
{"level":"info","message":"✅ Redis Connected","service":"neural-shop-backend","timestamp":"2026-04-03 17:22:44.157"}
{"level":"info","message":"🚀 Redis Ready","service":"neural-shop-backend","timestamp":"2026-04-03 17:22:44.201"}
{"category":"database","host":"localhost:27017","level":"info","message":"🗄️  Connected successfully","service":"neural-shop-backend","timestamp":"2026-04-03 17:22:44.206"}
{"level":"info","message":"🚀 Redis connected","service":"neural-shop-backend","timestamp":"2026-04-03 17:22:44.213"}
{"level":"info","message":"🚀 Kafka producer connected","service":"neural-shop-backend","timestamp":"2026-04-03 17:22:44.237"}
{"level":"info","message":"🚀 Kafka consumers started","service":"neural-shop-backend","timestamp":"2026-04-03 17:23:04.405"}
{"level":"info","message":"Database URL mongodb://admin:admin@localhost:27017/neural_shop?authSource=admin","service":"neural-shop-backend","timestamp":"2026-04-03 17:23:42.126"}
{"environment":"development","level":"info","message":"🚀 Server is running on port 8000","port":8000,"service":"neural-shop-backend","timestamp":"2026-04-03 17:23:42.240"}
{"category":"database","level":"info","message":"🗄️  MongoDB connected","service":"neural-shop-backend","timestamp":"2026-04-03 17:23:42.241"}
{"level":"info","message":"✅ Redis Connected","service":"neural-shop-backend","timestamp":"2026-04-03 17:23:42.264"}
{"level":"info","message":"🚀 Redis Ready","service":"neural-shop-backend","timestamp":"2026-04-03 17:23:42.307"}
{"level":"info","message":"🚀 Redis connected","service":"neural-shop-backend","timestamp":"2026-04-03 17:23:42.310"}
{"category":"database","host":"localhost:27017","level":"info","message":"🗄️  Connected successfully","service":"neural-shop-backend","timestamp":"2026-04-03 17:23:42.337"}
{"level":"info","message":"🚀 Kafka producer connected","service":"neural-shop-backend","timestamp":"2026-04-03 17:23:42.346"}
{"level":"info","message":"Database URL mongodb://admin:admin@localhost:27017/neural_shop?authSource=admin","service":"neural-shop-backend","timestamp":"2026-04-03 17:23:45.268"}
{"environment":"development","level":"info","message":"🚀 Server is running on port 8000","port":8000,"service":"neural-shop-backend","timestamp":"2026-04-03 17:23:45.395"}
{"category":"database","level":"info","message":"🗄️  MongoDB connected","service":"neural-shop-backend","timestamp":"2026-04-03 17:23:45.396"}
{"level":"info","message":"✅ Redis Connected","service":"neural-shop-backend","timestamp":"2026-04-03 17:23:45.415"}
{"level":"info","message":"🚀 Redis Ready","service":"neural-shop-backend","timestamp":"2026-04-03 17:23:45.447"}
{"level":"info","message":"🚀 Redis connected","service":"neural-shop-backend","timestamp":"2026-04-03 17:23:45.449"}
{"category":"database","host":"localhost:27017","level":"info","message":"🗄️  Connected successfully","service":"neural-shop-backend","timestamp":"2026-04-03 17:23:45.474"}
{"level":"info","message":"🚀 Kafka producer connected","service":"neural-shop-backend","timestamp":"2026-04-03 17:23:45.483"}
{"level":"info","message":"Database URL mongodb://admin:admin@localhost:27017/neural_shop?authSource=admin","service":"neural-shop-backend","timestamp":"2026-04-03 17:23:52.646"}
{"environment":"development","level":"info","message":"🚀 Server is running on port 8000","port":8000,"service":"neural-shop-backend","timestamp":"2026-04-03 17:23:52.760"}
{"category":"database","level":"info","message":"🗄️  MongoDB connected","service":"neural-shop-backend","timestamp":"2026-04-03 17:23:52.761"}
{"level":"info","message":"✅ Redis Connected","service":"neural-shop-backend","timestamp":"2026-04-03 17:23:52.785"}
{"level":"info","message":"🚀 Redis Ready","service":"neural-shop-backend","timestamp":"2026-04-03 17:23:52.819"}
{"level":"info","message":"🚀 Redis connected","service":"neural-shop-backend","timestamp":"2026-04-03 17:23:52.821"}
{"category":"database","host":"localhost:27017","level":"info","message":"🗄️  Connected successfully","service":"neural-shop-backend","timestamp":"2026-04-03 17:23:52.844"}
{"level":"info","message":"🚀 Kafka producer connected","service":"neural-shop-backend","timestamp":"2026-04-03 17:23:52.855"}
{"level":"info","message":"Database URL mongodb://admin:admin@localhost:27017/neural_shop?authSource=admin","service":"neural-shop-backend","timestamp":"2026-04-03 17:23:59.239"}
{"environment":"development","level":"info","message":"🚀 Server is running on port 8000","port":8000,"service":"neural-shop-backend","timestamp":"2026-04-03 17:23:59.364"}
{"category":"database","level":"info","message":"🗄️  MongoDB connected","service":"neural-shop-backend","timestamp":"2026-04-03 17:23:59.365"}
{"level":"info","message":"✅ Redis Connected","service":"neural-shop-backend","timestamp":"2026-04-03 17:23:59.391"}
{"level":"info","message":"🚀 Redis Ready","service":"neural-shop-backend","timestamp":"2026-04-03 17:23:59.426"}
{"level":"info","message":"🚀 Redis connected","service":"neural-shop-backend","timestamp":"2026-04-03 17:23:59.428"}
{"category":"database","host":"localhost:27017","level":"info","message":"🗄️  Connected successfully","service":"neural-shop-backend","timestamp":"2026-04-03 17:23:59.452"}
{"level":"info","message":"🚀 Kafka producer connected","service":"neural-shop-backend","timestamp":"2026-04-03 17:23:59.462"}
{"level":"info","message":"Database URL mongodb://admin:admin@localhost:27017/neural_shop?authSource=admin","service":"neural-shop-backend","timestamp":"2026-04-03 17:24:06.173"}
{"level":"info","message":"Database URL mongodb://admin:admin@localhost:27017/neural_shop?authSource=admin","service":"neural-shop-backend","timestamp":"2026-04-03 17:24:07.817"}
{"environment":"development","level":"info","message":"🚀 Server is running on port 8000","port":8000,"service":"neural-shop-backend","timestamp":"2026-04-03 17:24:07.947"}
{"category":"database","level":"info","message":"🗄️  MongoDB connected","service":"neural-shop-backend","timestamp":"2026-04-03 17:24:07.949"}
{"level":"info","message":"✅ Redis Connected","service":"neural-shop-backend","timestamp":"2026-04-03 17:24:07.970"}
{"level":"info","message":"🚀 Redis Ready","service":"neural-shop-backend","timestamp":"2026-04-03 17:24:08.014"}
{"level":"info","message":"🚀 Redis connected","service":"neural-shop-backend","timestamp":"2026-04-03 17:24:08.016"}
{"category":"database","host":"localhost:27017","level":"info","message":"🗄️  Connected successfully","service":"neural-shop-backend","timestamp":"2026-04-03 17:24:08.023"}
{"level":"info","message":"🚀 Kafka producer connected","service":"neural-shop-backend","timestamp":"2026-04-03 17:24:08.049"}
{"level":"info","message":"Database URL mongodb://admin:admin@localhost:27017/neural_shop?authSource=admin","service":"neural-shop-backend","timestamp":"2026-04-03 17:24:11.239"}
{"environment":"development","level":"info","message":"🚀 Server is running on port 8000","port":8000,"service":"neural-shop-backend","timestamp":"2026-04-03 17:24:11.363"}
{"category":"database","level":"info","message":"🗄️  MongoDB connected","service":"neural-shop-backend","timestamp":"2026-04-03 17:24:11.364"}
{"level":"info","message":"✅ Redis Connected","service":"neural-shop-backend","timestamp":"2026-04-03 17:24:11.385"}
{"level":"info","message":"🚀 Redis Ready","service":"neural-shop-backend","timestamp":"2026-04-03 17:24:11.419"}
{"level":"info","message":"🚀 Redis connected","service":"neural-shop-backend","timestamp":"2026-04-03 17:24:11.422"}
{"category":"database","host":"localhost:27017","level":"info","message":"🗄️  Connected successfully","service":"neural-shop-backend","timestamp":"2026-04-03 17:24:11.448"}
{"level":"info","message":"🚀 Kafka producer connected","service":"neural-shop-backend","timestamp":"2026-04-03 17:24:11.458"}
{"level":"info","message":"Database URL mongodb://admin:admin@localhost:27017/neural_shop?authSource=admin","service":"neural-shop-backend","timestamp":"2026-04-03 17:24:16.192"}
{"environment":"development","level":"info","message":"🚀 Server is running on port 8000","port":8000,"service":"neural-shop-backend","timestamp":"2026-04-03 17:24:16.313"}
{"category":"database","level":"info","message":"🗄️  MongoDB connected","service":"neural-shop-backend","timestamp":"2026-04-03 17:24:16.314"}
{"level":"info","message":"✅ Redis Connected","service":"neural-shop-backend","timestamp":"2026-04-03 17:24:16.332"}
{"level":"info","message":"🚀 Redis Ready","service":"neural-shop-backend","timestamp":"2026-04-03 17:24:16.378"}
{"level":"info","message":"🚀 Redis connected","service":"neural-shop-backend","timestamp":"2026-04-03 17:24:16.380"}
{"category":"database","host":"localhost:27017","level":"info","message":"🗄️  Connected successfully","service":"neural-shop-backend","timestamp":"2026-04-03 17:24:16.388"}
{"level":"info","message":"🚀 Kafka producer connected","service":"neural-shop-backend","timestamp":"2026-04-03 17:24:16.417"}
{"level":"info","message":"Database URL mongodb://admin:admin@localhost:27017/neural_shop?authSource=admin","service":"neural-shop-backend","timestamp":"2026-04-03 17:24:22.804"}
{"environment":"development","level":"info","message":"🚀 Server is running on port 8000","port":8000,"service":"neural-shop-backend","timestamp":"2026-04-03 17:24:22.919"}
{"category":"database","level":"info","message":"🗄️  MongoDB connected","service":"neural-shop-backend","timestamp":"2026-04-03 17:24:22.922"}
{"level":"info","message":"✅ Redis Connected","service":"neural-shop-backend","timestamp":"2026-04-03 17:24:22.947"}
{"level":"info","message":"🚀 Redis Ready","service":"neural-shop-backend","timestamp":"2026-04-03 17:24:22.987"}
{"level":"info","message":"🚀 Redis connected","service":"neural-shop-backend","timestamp":"2026-04-03 17:24:22.990"}
{"category":"database","host":"localhost:27017","level":"info","message":"🗄️  Connected successfully","service":"neural-shop-backend","timestamp":"2026-04-03 17:24:23.001"}
{"level":"info","message":"🚀 Kafka producer connected","service":"neural-shop-backend","timestamp":"2026-04-03 17:24:23.030"}
{"level":"info","message":"Database URL mongodb://admin:admin@localhost:27017/neural_shop?authSource=admin","service":"neural-shop-backend","timestamp":"2026-04-03 17:24:28.657"}
{"environment":"development","level":"info","message":"🚀 Server is running on port 8000","port":8000,"service":"neural-shop-backend","timestamp":"2026-04-03 17:24:28.773"}
{"category":"database","level":"info","message":"🗄️  MongoDB connected","service":"neural-shop-backend","timestamp":"2026-04-03 17:24:28.774"}
{"level":"info","message":"✅ Redis Connected","service":"neural-shop-backend","timestamp":"2026-04-03 17:24:28.798"}
{"level":"info","message":"🚀 Redis Ready","service":"neural-shop-backend","timestamp":"2026-04-03 17:24:28.831"}
{"level":"info","message":"🚀 Redis connected","service":"neural-shop-backend","timestamp":"2026-04-03 17:24:28.834"}
{"level":"info","message":"🚀 Kafka producer connected","service":"neural-shop-backend","timestamp":"2026-04-03 17:24:28.863"}
{"category":"database","host":"localhost:27017","level":"info","message":"🗄️  Connected successfully","service":"neural-shop-backend","timestamp":"2026-04-03 17:24:28.869"}
{"level":"info","message":"Database URL mongodb://admin:admin@localhost:27017/neural_shop?authSource=admin","service":"neural-shop-backend","timestamp":"2026-04-03 17:24:34.044"}
{"environment":"development","level":"info","message":"🚀 Server is running on port 8000","port":8000,"service":"neural-shop-backend","timestamp":"2026-04-03 17:24:34.168"}
{"category":"database","level":"info","message":"🗄️  MongoDB connected","service":"neural-shop-backend","timestamp":"2026-04-03 17:24:34.169"}
{"level":"info","message":"✅ Redis Connected","service":"neural-shop-backend","timestamp":"2026-04-03 17:24:34.182"}
{"level":"info","message":"🚀 Redis Ready","service":"neural-shop-backend","timestamp":"2026-04-03 17:24:34.213"}
{"level":"info","message":"🚀 Redis connected","service":"neural-shop-backend","timestamp":"2026-04-03 17:24:34.215"}
{"category":"database","host":"localhost:27017","level":"info","message":"🗄️  Connected successfully","service":"neural-shop-backend","timestamp":"2026-04-03 17:24:34.246"}
{"level":"info","message":"🚀 Kafka producer connected","service":"neural-shop-backend","timestamp":"2026-04-03 17:24:34.255"}
{"category":"http","ip":"::1","level":"info","message":"→ POST /request-password-reset [400]","service":"neural-shop-backend","timestamp":"2026-04-03 17:24:45.908","userAgent":"PostmanRuntime/7.53.0"}
{"level":"info","message":"🚀 Kafka consumers started","service":"neural-shop-backend","timestamp":"2026-04-03 17:25:00.955"}
{"level":"info","message":"Database URL mongodb://admin:admin@localhost:27017/neural_shop?authSource=admin","service":"neural-shop-backend","timestamp":"2026-04-03 17:28:49.748"}
{"environment":"development","level":"info","message":"🚀 Server is running on port 8000","port":8000,"service":"neural-shop-backend","timestamp":"2026-04-03 17:28:49.863"}
{"category":"database","level":"info","message":"🗄️  MongoDB connected","service":"neural-shop-backend","timestamp":"2026-04-03 17:28:49.864"}
{"level":"info","message":"✅ Redis Connected","service":"neural-shop-backend","timestamp":"2026-04-03 17:28:49.877"}
{"level":"info","message":"🚀 Redis Ready","service":"neural-shop-backend","timestamp":"2026-04-03 17:28:49.909"}
{"level":"info","message":"🚀 Redis connected","service":"neural-shop-backend","timestamp":"2026-04-03 17:28:49.911"}
{"category":"database","host":"localhost:27017","level":"info","message":"🗄️  Connected successfully","service":"neural-shop-backend","timestamp":"2026-04-03 17:28:49.936"}
{"level":"info","message":"🚀 Kafka producer connected","service":"neural-shop-backend","timestamp":"2026-04-03 17:28:49.946"}
{"level":"info","message":"🚀 Kafka consumers started","service":"neural-shop-backend","timestamp":"2026-04-03 17:28:52.760"}
{"category":"http","ip":"::1","level":"info","message":"→ POST /request-password-reset [200]","service":"neural-shop-backend","timestamp":"2026-04-03 17:28:53.125","userAgent":"PostmanRuntime/7.53.0"}
{"level":"info","message":"Database URL mongodb://admin:admin@localhost:27017/neural_shop?authSource=admin","service":"neural-shop-backend","timestamp":"2026-04-03 17:29:23.983"}
{"environment":"development","level":"info","message":"🚀 Server is running on port 8000","port":8000,"service":"neural-shop-backend","timestamp":"2026-04-03 17:29:24.107"}
{"category":"database","level":"info","message":"🗄️  MongoDB connected","service":"neural-shop-backend","timestamp":"2026-04-03 17:29:24.108"}
{"level":"info","message":"✅ Redis Connected","service":"neural-shop-backend","timestamp":"2026-04-03 17:29:24.123"}
{"level":"info","message":"🚀 Redis Ready","service":"neural-shop-backend","timestamp":"2026-04-03 17:29:24.153"}
{"level":"info","message":"🚀 Redis connected","service":"neural-shop-backend","timestamp":"2026-04-03 17:29:24.155"}
{"category":"database","host":"localhost:27017","level":"info","message":"🗄️  Connected successfully","service":"neural-shop-backend","timestamp":"2026-04-03 17:29:24.180"}
{"level":"info","message":"🚀 Kafka producer connected","service":"neural-shop-backend","timestamp":"2026-04-03 17:29:24.190"}
{"level":"info","message":"Database URL mongodb://admin:admin@localhost:27017/neural_shop?authSource=admin","service":"neural-shop-backend","timestamp":"2026-04-03 17:29:27.092"}
{"environment":"development","level":"info","message":"🚀 Server is running on port 8000","port":8000,"service":"neural-shop-backend","timestamp":"2026-04-03 17:29:27.206"}
{"category":"database","level":"info","message":"🗄️  MongoDB connected","service":"neural-shop-backend","timestamp":"2026-04-03 17:29:27.208"}
{"level":"info","message":"✅ Redis Connected","service":"neural-shop-backend","timestamp":"2026-04-03 17:29:27.228"}
{"level":"info","message":"🚀 Redis Ready","service":"neural-shop-backend","timestamp":"2026-04-03 17:29:27.267"}
{"level":"info","message":"🚀 Redis connected","service":"neural-shop-backend","timestamp":"2026-04-03 17:29:27.270"}
{"level":"info","message":"🚀 Kafka producer connected","service":"neural-shop-backend","timestamp":"2026-04-03 17:29:27.305"}
{"category":"database","host":"localhost:27017","level":"info","message":"🗄️  Connected successfully","service":"neural-shop-backend","timestamp":"2026-04-03 17:29:27.311"}
{"category":"http","ip":"::1","level":"info","message":"→ POST /request-password-reset [400]","service":"neural-shop-backend","timestamp":"2026-04-03 17:29:36.431","userAgent":"PostmanRuntime/7.53.0"}
{"category":"http","ip":"::1","level":"info","message":"→ POST /request-password-reset [400]","service":"neural-shop-backend","timestamp":"2026-04-03 17:29:45.244","userAgent":"PostmanRuntime/7.53.0"}
{"category":"http","ip":"::1","level":"info","message":"→ POST /request-password-reset [400]","service":"neural-shop-backend","timestamp":"2026-04-03 17:29:47.250","userAgent":"PostmanRuntime/7.53.0"}
{"level":"info","message":"🚀 Kafka consumers started","service":"neural-shop-backend","timestamp":"2026-04-03 17:29:49.180"}
{"level":"info","message":"Database URL mongodb://admin:admin@localhost:27017/neural_shop?authSource=admin","service":"neural-shop-backend","timestamp":"2026-04-03 17:30:08.485"}
{"environment":"development","level":"info","message":"🚀 Server is running on port 8000","port":8000,"service":"neural-shop-backend","timestamp":"2026-04-03 17:30:08.610"}
{"category":"database","level":"info","message":"🗄️  MongoDB connected","service":"neural-shop-backend","timestamp":"2026-04-03 17:30:08.611"}
{"level":"info","message":"✅ Redis Connected","service":"neural-shop-backend","timestamp":"2026-04-03 17:30:08.633"}
{"level":"info","message":"🚀 Redis Ready","service":"neural-shop-backend","timestamp":"2026-04-03 17:30:08.666"}
{"level":"info","message":"🚀 Redis connected","service":"neural-shop-backend","timestamp":"2026-04-03 17:30:08.676"}
{"category":"database","host":"localhost:27017","level":"info","message":"🗄️  Connected successfully","service":"neural-shop-backend","timestamp":"2026-04-03 17:30:08.684"}
{"level":"info","message":"🚀 Kafka producer connected","service":"neural-shop-backend","timestamp":"2026-04-03 17:30:08.713"}
{"level":"info","message":"Database URL mongodb://admin:admin@localhost:27017/neural_shop?authSource=admin","service":"neural-shop-backend","timestamp":"2026-04-03 17:30:25.790"}
{"environment":"development","level":"info","message":"🚀 Server is running on port 8000","port":8000,"service":"neural-shop-backend","timestamp":"2026-04-03 17:30:25.928"}
{"category":"database","level":"info","message":"🗄️  MongoDB connected","service":"neural-shop-backend","timestamp":"2026-04-03 17:30:25.929"}
{"level":"info","message":"✅ Redis Connected","service":"neural-shop-backend","timestamp":"2026-04-03 17:30:25.947"}
{"level":"info","message":"🚀 Redis Ready","service":"neural-shop-backend","timestamp":"2026-04-03 17:30:25.989"}
{"level":"info","message":"🚀 Redis connected","service":"neural-shop-backend","timestamp":"2026-04-03 17:30:25.990"}
{"category":"database","host":"localhost:27017","level":"info","message":"🗄️  Connected successfully","service":"neural-shop-backend","timestamp":"2026-04-03 17:30:25.997"}
{"level":"info","message":"🚀 Kafka producer connected","service":"neural-shop-backend","timestamp":"2026-04-03 17:30:26.028"}
{"level":"info","message":"Database URL mongodb://admin:admin@localhost:27017/neural_shop?authSource=admin","service":"neural-shop-backend","timestamp":"2026-04-03 17:30:29.462"}
{"environment":"development","level":"info","message":"🚀 Server is running on port 8000","port":8000,"service":"neural-shop-backend","timestamp":"2026-04-03 17:30:29.583"}
{"category":"database","level":"info","message":"🗄️  MongoDB connected","service":"neural-shop-backend","timestamp":"2026-04-03 17:30:29.584"}
{"level":"info","message":"✅ Redis Connected","service":"neural-shop-backend","timestamp":"2026-04-03 17:30:29.613"}
{"level":"info","message":"🚀 Redis Ready","service":"neural-shop-backend","timestamp":"2026-04-03 17:30:29.643"}
{"level":"info","message":"🚀 Redis connected","service":"neural-shop-backend","timestamp":"2026-04-03 17:30:29.644"}
{"category":"database","host":"localhost:27017","level":"info","message":"🗄️  Connected successfully","service":"neural-shop-backend","timestamp":"2026-04-03 17:30:29.668"}
{"level":"info","message":"🚀 Kafka producer connected","service":"neural-shop-backend","timestamp":"2026-04-03 17:30:29.679"}
{"level":"info","message":"Database URL mongodb://admin:admin@localhost:27017/neural_shop?authSource=admin","service":"neural-shop-backend","timestamp":"2026-04-03 17:30:33.652"}
{"environment":"development","level":"info","message":"🚀 Server is running on port 8000","port":8000,"service":"neural-shop-backend","timestamp":"2026-04-03 17:30:33.763"}
{"category":"database","level":"info","message":"🗄️  MongoDB connected","service":"neural-shop-backend","timestamp":"2026-04-03 17:30:33.764"}
{"level":"info","message":"✅ Redis Connected","service":"neural-shop-backend","timestamp":"2026-04-03 17:30:33.784"}
{"level":"info","message":"🚀 Redis Ready","service":"neural-shop-backend","timestamp":"2026-04-03 17:30:33.820"}
{"level":"info","message":"🚀 Redis connected","service":"neural-shop-backend","timestamp":"2026-04-03 17:30:33.831"}
{"category":"database","host":"localhost:27017","level":"info","message":"🗄️  Connected successfully","service":"neural-shop-backend","timestamp":"2026-04-03 17:30:33.840"}
{"level":"info","message":"🚀 Kafka producer connected","service":"neural-shop-backend","timestamp":"2026-04-03 17:30:33.867"}
{"level":"info","message":"🚀 Kafka consumers started","service":"neural-shop-backend","timestamp":"2026-04-03 17:31:01.243"}
{"level":"info","message":"Database URL mongodb://admin:admin@localhost:27017/neural_shop?authSource=admin","service":"neural-shop-backend","timestamp":"2026-04-03 17:31:13.077"}
{"environment":"development","level":"info","message":"🚀 Server is running on port 8000","port":8000,"service":"neural-shop-backend","timestamp":"2026-04-03 17:31:13.205"}
{"category":"database","level":"info","message":"🗄️  MongoDB connected","service":"neural-shop-backend","timestamp":"2026-04-03 17:31:13.208"}
{"level":"info","message":"✅ Redis Connected","service":"neural-shop-backend","timestamp":"2026-04-03 17:31:13.233"}
{"level":"info","message":"🚀 Redis Ready","service":"neural-shop-backend","timestamp":"2026-04-03 17:31:13.287"}
{"level":"info","message":"🚀 Redis connected","service":"neural-shop-backend","timestamp":"2026-04-03 17:31:13.289"}
{"category":"database","host":"localhost:27017","level":"info","message":"🗄️  Connected successfully","service":"neural-shop-backend","timestamp":"2026-04-03 17:31:13.322"}
{"level":"info","message":"🚀 Kafka producer connected","service":"neural-shop-backend","timestamp":"2026-04-03 17:31:13.336"}
{"level":"info","message":"Database URL mongodb://admin:admin@localhost:27017/neural_shop?authSource=admin","service":"neural-shop-backend","timestamp":"2026-04-03 17:31:16.673"}
{"environment":"development","level":"info","message":"🚀 Server is running on port 8000","port":8000,"service":"neural-shop-backend","timestamp":"2026-04-03 17:31:16.799"}
{"category":"database","level":"info","message":"🗄️  MongoDB connected","service":"neural-shop-backend","timestamp":"2026-04-03 17:31:16.801"}
{"level":"info","message":"✅ Redis Connected","service":"neural-shop-backend","timestamp":"2026-04-03 17:31:16.819"}
{"level":"info","message":"🚀 Redis Ready","service":"neural-shop-backend","timestamp":"2026-04-03 17:31:16.846"}
{"level":"info","message":"🚀 Redis connected","service":"neural-shop-backend","timestamp":"2026-04-03 17:31:16.849"}
{"category":"database","host":"localhost:27017","level":"info","message":"🗄️  Connected successfully","service":"neural-shop-backend","timestamp":"2026-04-03 17:31:16.874"}
{"level":"info","message":"🚀 Kafka producer connected","service":"neural-shop-backend","timestamp":"2026-04-03 17:31:16.883"}
{"level":"info","message":"🚀 Kafka consumers started","service":"neural-shop-backend","timestamp":"2026-04-03 17:31:37.679"}
{"category":"http","ip":"::1","level":"info","message":"→ POST /reset-password [200]","service":"neural-shop-backend","timestamp":"2026-04-03 17:32:23.060","userAgent":"PostmanRuntime/7.53.0"}
{"level":"info","message":"Database URL mongodb://admin:admin@localhost:27017/neural_shop?authSource=admin","service":"neural-shop-backend","timestamp":"2026-04-03 17:32:35.037"}
{"environment":"development","level":"info","message":"🚀 Server is running on port 8000","port":8000,"service":"neural-shop-backend","timestamp":"2026-04-03 17:32:35.168"}
{"category":"database","level":"info","message":"🗄️  MongoDB connected","service":"neural-shop-backend","timestamp":"2026-04-03 17:32:35.169"}
{"level":"info","message":"✅ Redis Connected","service":"neural-shop-backend","timestamp":"2026-04-03 17:32:35.191"}
{"level":"info","message":"🚀 Redis Ready","service":"neural-shop-backend","timestamp":"2026-04-03 17:32:35.227"}
{"level":"info","message":"🚀 Redis connected","service":"neural-shop-backend","timestamp":"2026-04-03 17:32:35.238"}
{"category":"database","host":"localhost:27017","level":"info","message":"🗄️  Connected successfully","service":"neural-shop-backend","timestamp":"2026-04-03 17:32:35.250"}
{"level":"info","message":"🚀 Kafka producer connected","service":"neural-shop-backend","timestamp":"2026-04-03 17:32:35.281"}
{"level":"info","message":"Database URL mongodb://admin:admin@localhost:27017/neural_shop?authSource=admin","service":"neural-shop-backend","timestamp":"2026-04-03 17:32:46.738"}
{"environment":"development","level":"info","message":"🚀 Server is running on port 8000","port":8000,"service":"neural-shop-backend","timestamp":"2026-04-03 17:32:46.853"}
{"category":"database","level":"info","message":"🗄️  MongoDB connected","service":"neural-shop-backend","timestamp":"2026-04-03 17:32:46.854"}
{"level":"info","message":"✅ Redis Connected","service":"neural-shop-backend","timestamp":"2026-04-03 17:32:46.873"}
{"level":"info","message":"🚀 Redis Ready","service":"neural-shop-backend","timestamp":"2026-04-03 17:32:46.920"}
{"level":"info","message":"🚀 Redis connected","service":"neural-shop-backend","timestamp":"2026-04-03 17:32:46.921"}
{"category":"database","host":"localhost:27017","level":"info","message":"🗄️  Connected successfully","service":"neural-shop-backend","timestamp":"2026-04-03 17:32:46.928"}
{"level":"info","message":"🚀 Kafka producer connected","service":"neural-shop-backend","timestamp":"2026-04-03 17:32:46.953"}
{"level":"info","message":"Database URL mongodb://admin:admin@localhost:27017/neural_shop?authSource=admin","service":"neural-shop-backend","timestamp":"2026-04-03 17:32:50.880"}
{"environment":"development","level":"info","message":"🚀 Server is running on port 8000","port":8000,"service":"neural-shop-backend","timestamp":"2026-04-03 17:32:51.009"}
{"category":"database","level":"info","message":"🗄️  MongoDB connected","service":"neural-shop-backend","timestamp":"2026-04-03 17:32:51.011"}
{"level":"info","message":"✅ Redis Connected","service":"neural-shop-backend","timestamp":"2026-04-03 17:32:51.034"}
{"level":"info","message":"🚀 Redis Ready","service":"neural-shop-backend","timestamp":"2026-04-03 17:32:51.074"}
{"level":"info","message":"🚀 Redis connected","service":"neural-shop-backend","timestamp":"2026-04-03 17:32:51.079"}
{"category":"database","host":"localhost:27017","level":"info","message":"🗄️  Connected successfully","service":"neural-shop-backend","timestamp":"2026-04-03 17:32:51.112"}
{"level":"info","message":"🚀 Kafka producer connected","service":"neural-shop-backend","timestamp":"2026-04-03 17:32:51.123"}
{"level":"info","message":"Database URL mongodb://admin:admin@localhost:27017/neural_shop?authSource=admin","service":"neural-shop-backend","timestamp":"2026-04-03 17:33:12.922"}
{"environment":"development","level":"info","message":"🚀 Server is running on port 8000","port":8000,"service":"neural-shop-backend","timestamp":"2026-04-03 17:33:13.043"}
{"category":"database","level":"info","message":"🗄️  MongoDB connected","service":"neural-shop-backend","timestamp":"2026-04-03 17:33:13.046"}
{"level":"info","message":"✅ Redis Connected","service":"neural-shop-backend","timestamp":"2026-04-03 17:33:13.073"}
{"level":"info","message":"🚀 Redis Ready","service":"neural-shop-backend","timestamp":"2026-04-03 17:33:13.109"}
{"level":"info","message":"🚀 Redis connected","service":"neural-shop-backend","timestamp":"2026-04-03 17:33:13.111"}
{"category":"database","host":"localhost:27017","level":"info","message":"🗄️  Connected successfully","service":"neural-shop-backend","timestamp":"2026-04-03 17:33:13.138"}
{"level":"info","message":"🚀 Kafka producer connected","service":"neural-shop-backend","timestamp":"2026-04-03 17:33:13.151"}
{"level":"info","message":"Database URL mongodb://admin:admin@localhost:27017/neural_shop?authSource=admin","service":"neural-shop-backend","timestamp":"2026-04-03 17:33:16.717"}
{"environment":"development","level":"info","message":"🚀 Server is running on port 8000","port":8000,"service":"neural-shop-backend","timestamp":"2026-04-03 17:33:16.839"}
{"category":"database","level":"info","message":"🗄️  MongoDB connected","service":"neural-shop-backend","timestamp":"2026-04-03 17:33:16.841"}
{"level":"info","message":"✅ Redis Connected","service":"neural-shop-backend","timestamp":"2026-04-03 17:33:16.865"}
{"level":"info","message":"🚀 Redis Ready","service":"neural-shop-backend","timestamp":"2026-04-03 17:33:16.896"}
{"level":"info","message":"🚀 Redis connected","service":"neural-shop-backend","timestamp":"2026-04-03 17:33:16.899"}
{"level":"info","message":"🚀 Kafka producer connected","service":"neural-shop-backend","timestamp":"2026-04-03 17:33:16.928"}
{"category":"database","host":"localhost:27017","level":"info","message":"🗄️  Connected successfully","service":"neural-shop-backend","timestamp":"2026-04-03 17:33:16.936"}
{"level":"info","message":"Database URL mongodb://admin:admin@localhost:27017/neural_shop?authSource=admin","service":"neural-shop-backend","timestamp":"2026-04-03 17:33:19.259"}
{"environment":"development","level":"info","message":"🚀 Server is running on port 8000","port":8000,"service":"neural-shop-backend","timestamp":"2026-04-03 17:33:19.387"}
{"category":"database","level":"info","message":"🗄️  MongoDB connected","service":"neural-shop-backend","timestamp":"2026-04-03 17:33:19.388"}
{"level":"info","message":"✅ Redis Connected","service":"neural-shop-backend","timestamp":"2026-04-03 17:33:19.413"}
{"level":"info","message":"🚀 Redis Ready","service":"neural-shop-backend","timestamp":"2026-04-03 17:33:19.464"}
{"level":"info","message":"🚀 Redis connected","service":"neural-shop-backend","timestamp":"2026-04-03 17:33:19.469"}
{"category":"database","host":"localhost:27017","level":"info","message":"🗄️  Connected successfully","service":"neural-shop-backend","timestamp":"2026-04-03 17:33:19.506"}
{"level":"info","message":"🚀 Kafka producer connected","service":"neural-shop-backend","timestamp":"2026-04-03 17:33:19.516"}
{"level":"info","message":"Database URL mongodb://admin:admin@localhost:27017/neural_shop?authSource=admin","service":"neural-shop-backend","timestamp":"2026-04-03 17:33:21.795"}
{"environment":"development","level":"info","message":"🚀 Server is running on port 8000","port":8000,"service":"neural-shop-backend","timestamp":"2026-04-03 17:33:21.921"}
{"category":"database","level":"info","message":"🗄️  MongoDB connected","service":"neural-shop-backend","timestamp":"2026-04-03 17:33:21.924"}
{"level":"info","message":"✅ Redis Connected","service":"neural-shop-backend","timestamp":"2026-04-03 17:33:21.949"}
{"level":"info","message":"🚀 Redis Ready","service":"neural-shop-backend","timestamp":"2026-04-03 17:33:22.048"}
{"level":"info","message":"🚀 Redis connected","service":"neural-shop-backend","timestamp":"2026-04-03 17:33:22.063"}
{"category":"database","host":"localhost:27017","level":"info","message":"🗄️  Connected successfully","service":"neural-shop-backend","timestamp":"2026-04-03 17:33:22.081"}
{"level":"info","message":"🚀 Kafka producer connected","service":"neural-shop-backend","timestamp":"2026-04-03 17:33:22.120"}
{"level":"info","message":"Database URL mongodb://admin:admin@localhost:27017/neural_shop?authSource=admin","service":"neural-shop-backend","timestamp":"2026-04-03 17:33:27.367"}
{"environment":"development","level":"info","message":"🚀 Server is running on port 8000","port":8000,"service":"neural-shop-backend","timestamp":"2026-04-03 17:33:27.485"}
{"category":"database","level":"info","message":"🗄️  MongoDB connected","service":"neural-shop-backend","timestamp":"2026-04-03 17:33:27.486"}
{"level":"info","message":"✅ Redis Connected","service":"neural-shop-backend","timestamp":"2026-04-03 17:33:27.507"}
{"level":"info","message":"🚀 Redis Ready","service":"neural-shop-backend","timestamp":"2026-04-03 17:33:27.538"}
{"level":"info","message":"🚀 Redis connected","service":"neural-shop-backend","timestamp":"2026-04-03 17:33:27.540"}
{"category":"database","host":"localhost:27017","level":"info","message":"🗄️  Connected successfully","service":"neural-shop-backend","timestamp":"2026-04-03 17:33:27.563"}
{"level":"info","message":"🚀 Kafka producer connected","service":"neural-shop-backend","timestamp":"2026-04-03 17:33:27.572"}
{"level":"info","message":"Database URL mongodb://admin:admin@localhost:27017/neural_shop?authSource=admin","service":"neural-shop-backend","timestamp":"2026-04-03 17:33:29.562"}
{"environment":"development","level":"info","message":"🚀 Server is running on port 8000","port":8000,"service":"neural-shop-backend","timestamp":"2026-04-03 17:33:29.689"}
{"category":"database","level":"info","message":"🗄️  MongoDB connected","service":"neural-shop-backend","timestamp":"2026-04-03 17:33:29.692"}
{"level":"info","message":"✅ Redis Connected","service":"neural-shop-backend","timestamp":"2026-04-03 17:33:29.721"}
{"level":"info","message":"🚀 Redis Ready","service":"neural-shop-backend","timestamp":"2026-04-03 17:33:29.753"}
{"level":"info","message":"🚀 Redis connected","service":"neural-shop-backend","timestamp":"2026-04-03 17:33:29.756"}
{"level":"info","message":"🚀 Kafka producer connected","service":"neural-shop-backend","timestamp":"2026-04-03 17:33:29.782"}
{"category":"database","host":"localhost:27017","level":"info","message":"🗄️  Connected successfully","service":"neural-shop-backend","timestamp":"2026-04-03 17:33:29.788"}
{"level":"info","message":"🚀 Kafka consumers started","service":"neural-shop-backend","timestamp":"2026-04-03 17:34:08.034"}
{"level":"info","message":"Database URL mongodb://admin:admin@localhost:27017/neural_shop?authSource=admin","service":"neural-shop-backend","timestamp":"2026-04-03 17:36:24.856"}
{"environment":"development","level":"info","message":"🚀 Server is running on port 8000","port":8000,"service":"neural-shop-backend","timestamp":"2026-04-03 17:36:24.970"}
{"category":"database","level":"info","message":"🗄️  MongoDB connected","service":"neural-shop-backend","timestamp":"2026-04-03 17:36:24.972"}
{"level":"info","message":"✅ Redis Connected","service":"neural-shop-backend","timestamp":"2026-04-03 17:36:24.988"}
{"level":"info","message":"🚀 Redis Ready","service":"neural-shop-backend","timestamp":"2026-04-03 17:36:25.034"}
{"level":"info","message":"🚀 Redis connected","service":"neural-shop-backend","timestamp":"2026-04-03 17:36:25.036"}
{"category":"database","host":"localhost:27017","level":"info","message":"🗄️  Connected successfully","service":"neural-shop-backend","timestamp":"2026-04-03 17:36:25.043"}
{"level":"info","message":"🚀 Kafka producer connected","service":"neural-shop-backend","timestamp":"2026-04-03 17:36:25.069"}
{"level":"info","message":"Database URL mongodb://admin:admin@localhost:27017/neural_shop?authSource=admin","service":"neural-shop-backend","timestamp":"2026-04-03 17:36:47.155"}
{"environment":"development","level":"info","message":"🚀 Server is running on port 8000","port":8000,"service":"neural-shop-backend","timestamp":"2026-04-03 17:36:47.268"}
{"category":"database","level":"info","message":"🗄️  MongoDB connected","service":"neural-shop-backend","timestamp":"2026-04-03 17:36:47.269"}
{"level":"info","message":"✅ Redis Connected","service":"neural-shop-backend","timestamp":"2026-04-03 17:36:47.283"}
{"level":"info","message":"🚀 Redis Ready","service":"neural-shop-backend","timestamp":"2026-04-03 17:36:47.324"}
{"level":"info","message":"🚀 Redis connected","service":"neural-shop-backend","timestamp":"2026-04-03 17:36:47.327"}
{"category":"database","host":"localhost:27017","level":"info","message":"🗄️  Connected successfully","service":"neural-shop-backend","timestamp":"2026-04-03 17:36:47.337"}
{"level":"info","message":"🚀 Kafka producer connected","service":"neural-shop-backend","timestamp":"2026-04-03 17:36:47.370"}
{"level":"info","message":"Database URL mongodb://admin:admin@localhost:27017/neural_shop?authSource=admin","service":"neural-shop-backend","timestamp":"2026-04-03 17:36:53.071"}
{"environment":"development","level":"info","message":"🚀 Server is running on port 8000","port":8000,"service":"neural-shop-backend","timestamp":"2026-04-03 17:36:53.180"}
{"category":"database","level":"info","message":"🗄️  MongoDB connected","service":"neural-shop-backend","timestamp":"2026-04-03 17:36:53.184"}
{"level":"info","message":"✅ Redis Connected","service":"neural-shop-backend","timestamp":"2026-04-03 17:36:53.210"}
{"level":"info","message":"🚀 Redis Ready","service":"neural-shop-backend","timestamp":"2026-04-03 17:36:53.255"}
{"level":"info","message":"🚀 Redis connected","service":"neural-shop-backend","timestamp":"2026-04-03 17:36:53.256"}
{"category":"database","host":"localhost:27017","level":"info","message":"🗄️  Connected successfully","service":"neural-shop-backend","timestamp":"2026-04-03 17:36:53.263"}
{"level":"info","message":"🚀 Kafka producer connected","service":"neural-shop-backend","timestamp":"2026-04-03 17:36:53.287"}
{"level":"info","message":"Database URL mongodb://admin:admin@localhost:27017/neural_shop?authSource=admin","service":"neural-shop-backend","timestamp":"2026-04-03 17:37:03.175"}
{"environment":"development","level":"info","message":"🚀 Server is running on port 8000","port":8000,"service":"neural-shop-backend","timestamp":"2026-04-03 17:37:03.296"}
{"category":"database","level":"info","message":"🗄️  MongoDB connected","service":"neural-shop-backend","timestamp":"2026-04-03 17:37:03.297"}
{"level":"info","message":"✅ Redis Connected","service":"neural-shop-backend","timestamp":"2026-04-03 17:37:03.331"}
{"level":"info","message":"🚀 Redis Ready","service":"neural-shop-backend","timestamp":"2026-04-03 17:37:03.375"}
{"level":"info","message":"🚀 Redis connected","service":"neural-shop-backend","timestamp":"2026-04-03 17:37:03.376"}
{"category":"database","host":"localhost:27017","level":"info","message":"🗄️  Connected successfully","service":"neural-shop-backend","timestamp":"2026-04-03 17:37:03.384"}
{"level":"info","message":"🚀 Kafka producer connected","service":"neural-shop-backend","timestamp":"2026-04-03 17:37:03.411"}
{"level":"info","message":"Database URL mongodb://admin:admin@localhost:27017/neural_shop?authSource=admin","service":"neural-shop-backend","timestamp":"2026-04-03 17:37:43.530"}
{"environment":"development","level":"info","message":"🚀 Server is running on port 8000","port":8000,"service":"neural-shop-backend","timestamp":"2026-04-03 17:37:43.646"}
{"category":"database","level":"info","message":"🗄️  MongoDB connected","service":"neural-shop-backend","timestamp":"2026-04-03 17:37:43.647"}
{"level":"info","message":"✅ Redis Connected","service":"neural-shop-backend","timestamp":"2026-04-03 17:37:43.667"}
{"level":"info","message":"🚀 Redis Ready","service":"neural-shop-backend","timestamp":"2026-04-03 17:37:43.711"}
{"level":"info","message":"🚀 Redis connected","service":"neural-shop-backend","timestamp":"2026-04-03 17:37:43.713"}
{"category":"database","host":"localhost:27017","level":"info","message":"🗄️  Connected successfully","service":"neural-shop-backend","timestamp":"2026-04-03 17:37:43.720"}
{"level":"info","message":"🚀 Kafka producer connected","service":"neural-shop-backend","timestamp":"2026-04-03 17:37:43.746"}
{"level":"info","message":"Database URL mongodb://admin:admin@localhost:27017/neural_shop?authSource=admin","service":"neural-shop-backend","timestamp":"2026-04-03 17:37:46.918"}
{"environment":"development","level":"info","message":"🚀 Server is running on port 8000","port":8000,"service":"neural-shop-backend","timestamp":"2026-04-03 17:37:47.056"}
{"category":"database","level":"info","message":"🗄️  MongoDB connected","service":"neural-shop-backend","timestamp":"2026-04-03 17:37:47.058"}
{"level":"info","message":"✅ Redis Connected","service":"neural-shop-backend","timestamp":"2026-04-03 17:37:47.078"}
{"level":"info","message":"🚀 Redis Ready","service":"neural-shop-backend","timestamp":"2026-04-03 17:37:47.108"}
{"level":"info","message":"🚀 Redis connected","service":"neural-shop-backend","timestamp":"2026-04-03 17:37:47.110"}
{"category":"database","host":"localhost:27017","level":"info","message":"🗄️  Connected successfully","service":"neural-shop-backend","timestamp":"2026-04-03 17:37:47.141"}
{"level":"info","message":"🚀 Kafka producer connected","service":"neural-shop-backend","timestamp":"2026-04-03 17:37:47.153"}
{"level":"info","message":"Database URL mongodb://admin:admin@localhost:27017/neural_shop?authSource=admin","service":"neural-shop-backend","timestamp":"2026-04-03 17:38:30.949"}
{"environment":"development","level":"info","message":"🚀 Server is running on port 8000","port":8000,"service":"neural-shop-backend","timestamp":"2026-04-03 17:38:31.063"}
{"category":"database","level":"info","message":"🗄️  MongoDB connected","service":"neural-shop-backend","timestamp":"2026-04-03 17:38:31.065"}
{"level":"info","message":"✅ Redis Connected","service":"neural-shop-backend","timestamp":"2026-04-03 17:38:31.085"}
{"level":"info","message":"🚀 Redis Ready","service":"neural-shop-backend","timestamp":"2026-04-03 17:38:31.119"}
{"level":"info","message":"🚀 Redis connected","service":"neural-shop-backend","timestamp":"2026-04-03 17:38:31.129"}
{"category":"database","host":"localhost:27017","level":"info","message":"🗄️  Connected successfully","service":"neural-shop-backend","timestamp":"2026-04-03 17:38:31.138"}
{"level":"info","message":"🚀 Kafka producer connected","service":"neural-shop-backend","timestamp":"2026-04-03 17:38:31.164"}
{"level":"info","message":"🚀 Kafka consumers started","service":"neural-shop-backend","timestamp":"2026-04-03 17:38:58.573"}
{"level":"info","message":"Database URL mongodb://admin:admin@localhost:27017/neural_shop?authSource=admin","service":"neural-shop-backend","timestamp":"2026-04-03 17:39:17.790"}
{"environment":"development","level":"info","message":"🚀 Server is running on port 8000","port":8000,"service":"neural-shop-backend","timestamp":"2026-04-03 17:39:17.905"}
{"category":"database","level":"info","message":"🗄️  MongoDB connected","service":"neural-shop-backend","timestamp":"2026-04-03 17:39:17.906"}
{"level":"info","message":"✅ Redis Connected","service":"neural-shop-backend","timestamp":"2026-04-03 17:39:17.924"}
{"level":"info","message":"🚀 Redis Ready","service":"neural-shop-backend","timestamp":"2026-04-03 17:39:17.963"}
{"level":"info","message":"🚀 Redis connected","service":"neural-shop-backend","timestamp":"2026-04-03 17:39:17.965"}
{"category":"database","host":"localhost:27017","level":"info","message":"🗄️  Connected successfully","service":"neural-shop-backend","timestamp":"2026-04-03 17:39:17.972"}
{"level":"info","message":"🚀 Kafka producer connected","service":"neural-shop-backend","timestamp":"2026-04-03 17:39:18.001"}
{"level":"info","message":"Database URL mongodb://admin:admin@localhost:27017/neural_shop?authSource=admin","service":"neural-shop-backend","timestamp":"2026-04-03 17:39:21.995"}
{"environment":"development","level":"info","message":"🚀 Server is running on port 8000","port":8000,"service":"neural-shop-backend","timestamp":"2026-04-03 17:39:22.119"}
{"category":"database","level":"info","message":"🗄️  MongoDB connected","service":"neural-shop-backend","timestamp":"2026-04-03 17:39:22.121"}
{"level":"info","message":"✅ Redis Connected","service":"neural-shop-backend","timestamp":"2026-04-03 17:39:22.135"}
{"level":"info","message":"🚀 Redis Ready","service":"neural-shop-backend","timestamp":"2026-04-03 17:39:22.161"}
{"level":"info","message":"🚀 Redis connected","service":"neural-shop-backend","timestamp":"2026-04-03 17:39:22.163"}
{"category":"database","host":"localhost:27017","level":"info","message":"🗄️  Connected successfully","service":"neural-shop-backend","timestamp":"2026-04-03 17:39:22.190"}
{"level":"info","message":"🚀 Kafka producer connected","service":"neural-shop-backend","timestamp":"2026-04-03 17:39:22.200"}
{"level":"info","message":"Database URL mongodb://admin:admin@localhost:27017/neural_shop?authSource=admin","service":"neural-shop-backend","timestamp":"2026-04-03 17:39:25.309"}
{"environment":"development","level":"info","message":"🚀 Server is running on port 8000","port":8000,"service":"neural-shop-backend","timestamp":"2026-04-03 17:39:25.439"}
{"category":"database","level":"info","message":"🗄️  MongoDB connected","service":"neural-shop-backend","timestamp":"2026-04-03 17:39:25.440"}
{"level":"info","message":"✅ Redis Connected","service":"neural-shop-backend","timestamp":"2026-04-03 17:39:25.467"}
{"level":"info","message":"🚀 Redis Ready","service":"neural-shop-backend","timestamp":"2026-04-03 17:39:25.516"}
{"level":"info","message":"🚀 Redis connected","service":"neural-shop-backend","timestamp":"2026-04-03 17:39:25.518"}
{"category":"database","host":"localhost:27017","level":"info","message":"🗄️  Connected successfully","service":"neural-shop-backend","timestamp":"2026-04-03 17:39:25.526"}
{"level":"info","message":"🚀 Kafka producer connected","service":"neural-shop-backend","timestamp":"2026-04-03 17:39:25.560"}
{"level":"info","message":"Database URL mongodb://admin:admin@localhost:27017/neural_shop?authSource=admin","service":"neural-shop-backend","timestamp":"2026-04-03 17:39:29.865"}
{"environment":"development","level":"info","message":"🚀 Server is running on port 8000","port":8000,"service":"neural-shop-backend","timestamp":"2026-04-03 17:39:29.983"}
{"category":"database","level":"info","message":"🗄️  MongoDB connected","service":"neural-shop-backend","timestamp":"2026-04-03 17:39:29.984"}
{"level":"info","message":"✅ Redis Connected","service":"neural-shop-backend","timestamp":"2026-04-03 17:39:30.002"}
{"level":"info","message":"🚀 Redis Ready","service":"neural-shop-backend","timestamp":"2026-04-03 17:39:30.037"}
{"level":"info","message":"🚀 Redis connected","service":"neural-shop-backend","timestamp":"2026-04-03 17:39:30.041"}
{"category":"database","host":"localhost:27017","level":"info","message":"🗄️  Connected successfully","service":"neural-shop-backend","timestamp":"2026-04-03 17:39:30.065"}
{"level":"info","message":"🚀 Kafka producer connected","service":"neural-shop-backend","timestamp":"2026-04-03 17:39:30.075"}
{"level":"info","message":"Database URL mongodb://admin:admin@localhost:27017/neural_shop?authSource=admin","service":"neural-shop-backend","timestamp":"2026-04-03 17:39:33.689"}
{"environment":"development","level":"info","message":"🚀 Server is running on port 8000","port":8000,"service":"neural-shop-backend","timestamp":"2026-04-03 17:39:33.801"}
{"category":"database","level":"info","message":"🗄️  MongoDB connected","service":"neural-shop-backend","timestamp":"2026-04-03 17:39:33.802"}
{"level":"info","message":"✅ Redis Connected","service":"neural-shop-backend","timestamp":"2026-04-03 17:39:33.818"}
{"level":"info","message":"🚀 Redis Ready","service":"neural-shop-backend","timestamp":"2026-04-03 17:39:33.862"}
{"level":"info","message":"🚀 Redis connected","service":"neural-shop-backend","timestamp":"2026-04-03 17:39:33.864"}
{"category":"database","host":"localhost:27017","level":"info","message":"🗄️  Connected successfully","service":"neural-shop-backend","timestamp":"2026-04-03 17:39:33.870"}
{"level":"info","message":"🚀 Kafka producer connected","service":"neural-shop-backend","timestamp":"2026-04-03 17:39:33.894"}
{"level":"info","message":"Database URL mongodb://admin:admin@localhost:27017/neural_shop?authSource=admin","service":"neural-shop-backend","timestamp":"2026-04-03 17:39:37.480"}
{"environment":"development","level":"info","message":"🚀 Server is running on port 8000","port":8000,"service":"neural-shop-backend","timestamp":"2026-04-03 17:39:37.604"}
{"category":"database","level":"info","message":"🗄️  MongoDB connected","service":"neural-shop-backend","timestamp":"2026-04-03 17:39:37.605"}
{"level":"info","message":"✅ Redis Connected","service":"neural-shop-backend","timestamp":"2026-04-03 17:39:37.622"}
{"level":"info","message":"🚀 Redis Ready","service":"neural-shop-backend","timestamp":"2026-04-03 17:39:37.650"}
{"level":"info","message":"🚀 Redis connected","service":"neural-shop-backend","timestamp":"2026-04-03 17:39:37.652"}
{"category":"database","host":"localhost:27017","level":"info","message":"🗄️  Connected successfully","service":"neural-shop-backend","timestamp":"2026-04-03 17:39:37.682"}
{"level":"info","message":"🚀 Kafka producer connected","service":"neural-shop-backend","timestamp":"2026-04-03 17:39:37.690"}
{"level":"info","message":"Database URL mongodb://admin:admin@localhost:27017/neural_shop?authSource=admin","service":"neural-shop-backend","timestamp":"2026-04-03 17:39:59.621"}
{"environment":"development","level":"info","message":"🚀 Server is running on port 8000","port":8000,"service":"neural-shop-backend","timestamp":"2026-04-03 17:39:59.738"}
{"category":"database","level":"info","message":"🗄️  MongoDB connected","service":"neural-shop-backend","timestamp":"2026-04-03 17:39:59.739"}
{"level":"info","message":"✅ Redis Connected","service":"neural-shop-backend","timestamp":"2026-04-03 17:39:59.764"}
{"level":"info","message":"🚀 Redis Ready","service":"neural-shop-backend","timestamp":"2026-04-03 17:39:59.796"}
{"level":"info","message":"🚀 Redis connected","service":"neural-shop-backend","timestamp":"2026-04-03 17:39:59.799"}
{"category":"database","host":"localhost:27017","level":"info","message":"🗄️  Connected successfully","service":"neural-shop-backend","timestamp":"2026-04-03 17:39:59.820"}
{"level":"info","message":"🚀 Kafka producer connected","service":"neural-shop-backend","timestamp":"2026-04-03 17:39:59.845"}
{"level":"info","message":"Database URL mongodb://admin:admin@localhost:27017/neural_shop?authSource=admin","service":"neural-shop-backend","timestamp":"2026-04-03 17:40:07.199"}
{"environment":"development","level":"info","message":"🚀 Server is running on port 8000","port":8000,"service":"neural-shop-backend","timestamp":"2026-04-03 17:40:07.317"}
{"category":"database","level":"info","message":"🗄️  MongoDB connected","service":"neural-shop-backend","timestamp":"2026-04-03 17:40:07.318"}
{"level":"info","message":"✅ Redis Connected","service":"neural-shop-backend","timestamp":"2026-04-03 17:40:07.342"}
{"level":"info","message":"🚀 Redis Ready","service":"neural-shop-backend","timestamp":"2026-04-03 17:40:07.402"}
{"level":"info","message":"🚀 Redis connected","service":"neural-shop-backend","timestamp":"2026-04-03 17:40:07.404"}
{"category":"database","host":"localhost:27017","level":"info","message":"🗄️  Connected successfully","service":"neural-shop-backend","timestamp":"2026-04-03 17:40:07.411"}
{"level":"info","message":"🚀 Kafka producer connected","service":"neural-shop-backend","timestamp":"2026-04-03 17:40:07.442"}
{"level":"info","message":"Database URL mongodb://admin:admin@localhost:27017/neural_shop?authSource=admin","service":"neural-shop-backend","timestamp":"2026-04-03 17:40:09.736"}
{"environment":"development","level":"info","message":"🚀 Server is running on port 8000","port":8000,"service":"neural-shop-backend","timestamp":"2026-04-03 17:40:09.878"}
{"category":"database","level":"info","message":"🗄️  MongoDB connected","service":"neural-shop-backend","timestamp":"2026-04-03 17:40:09.880"}
{"level":"info","message":"✅ Redis Connected","service":"neural-shop-backend","timestamp":"2026-04-03 17:40:09.908"}
{"level":"info","message":"🚀 Redis Ready","service":"neural-shop-backend","timestamp":"2026-04-03 17:40:09.985"}
{"level":"info","message":"🚀 Redis connected","service":"neural-shop-backend","timestamp":"2026-04-03 17:40:09.988"}
{"category":"database","host":"localhost:27017","level":"info","message":"🗄️  Connected successfully","service":"neural-shop-backend","timestamp":"2026-04-03 17:40:10.000"}
{"level":"info","message":"🚀 Kafka producer connected","service":"neural-shop-backend","timestamp":"2026-04-03 17:40:10.038"}
{"level":"info","message":"Database URL mongodb://admin:admin@localhost:27017/neural_shop?authSource=admin","service":"neural-shop-backend","timestamp":"2026-04-03 17:40:22.010"}
{"environment":"development","level":"info","message":"🚀 Server is running on port 8000","port":8000,"service":"neural-shop-backend","timestamp":"2026-04-03 17:40:22.160"}
{"category":"database","level":"info","message":"🗄️  MongoDB connected","service":"neural-shop-backend","timestamp":"2026-04-03 17:40:22.162"}
{"level":"info","message":"✅ Redis Connected","service":"neural-shop-backend","timestamp":"2026-04-03 17:40:22.185"}
{"level":"info","message":"🚀 Redis Ready","service":"neural-shop-backend","timestamp":"2026-04-03 17:40:22.225"}
{"level":"info","message":"🚀 Redis connected","service":"neural-shop-backend","timestamp":"2026-04-03 17:40:22.228"}
{"category":"database","host":"localhost:27017","level":"info","message":"🗄️  Connected successfully","service":"neural-shop-backend","timestamp":"2026-04-03 17:40:22.259"}
{"level":"info","message":"🚀 Kafka producer connected","service":"neural-shop-backend","timestamp":"2026-04-03 17:40:22.269"}
{"level":"info","message":"Database URL mongodb://admin:admin@localhost:27017/neural_shop?authSource=admin","service":"neural-shop-backend","timestamp":"2026-04-03 17:40:26.314"}
{"environment":"development","level":"info","message":"🚀 Server is running on port 8000","port":8000,"service":"neural-shop-backend","timestamp":"2026-04-03 17:40:26.427"}
{"category":"database","level":"info","message":"🗄️  MongoDB connected","service":"neural-shop-backend","timestamp":"2026-04-03 17:40:26.428"}
{"level":"info","message":"✅ Redis Connected","service":"neural-shop-backend","timestamp":"2026-04-03 17:40:26.449"}
{"level":"info","message":"🚀 Redis Ready","service":"neural-shop-backend","timestamp":"2026-04-03 17:40:26.479"}
{"level":"info","message":"🚀 Redis connected","service":"neural-shop-backend","timestamp":"2026-04-03 17:40:26.481"}
{"category":"database","host":"localhost:27017","level":"info","message":"🗄️  Connected successfully","service":"neural-shop-backend","timestamp":"2026-04-03 17:40:26.506"}
{"level":"info","message":"🚀 Kafka producer connected","service":"neural-shop-backend","timestamp":"2026-04-03 17:40:26.516"}
{"level":"info","message":"Database URL mongodb://admin:admin@localhost:27017/neural_shop?authSource=admin","service":"neural-shop-backend","timestamp":"2026-04-03 17:40:30.248"}
{"environment":"development","level":"info","message":"🚀 Server is running on port 8000","port":8000,"service":"neural-shop-backend","timestamp":"2026-04-03 17:40:30.374"}
{"category":"database","level":"info","message":"🗄️  MongoDB connected","service":"neural-shop-backend","timestamp":"2026-04-03 17:40:30.376"}
{"level":"info","message":"✅ Redis Connected","service":"neural-shop-backend","timestamp":"2026-04-03 17:40:30.394"}
{"level":"info","message":"🚀 Redis Ready","service":"neural-shop-backend","timestamp":"2026-04-03 17:40:30.441"}
{"level":"info","message":"🚀 Redis connected","service":"neural-shop-backend","timestamp":"2026-04-03 17:40:30.443"}
{"category":"database","host":"localhost:27017","level":"info","message":"🗄️  Connected successfully","service":"neural-shop-backend","timestamp":"2026-04-03 17:40:30.471"}
{"level":"info","message":"🚀 Kafka producer connected","service":"neural-shop-backend","timestamp":"2026-04-03 17:40:30.485"}
{"level":"info","message":"Database URL mongodb://admin:admin@localhost:27017/neural_shop?authSource=admin","service":"neural-shop-backend","timestamp":"2026-04-03 17:40:37.843"}
{"environment":"development","level":"info","message":"🚀 Server is running on port 8000","port":8000,"service":"neural-shop-backend","timestamp":"2026-04-03 17:40:37.965"}
{"category":"database","level":"info","message":"🗄️  MongoDB connected","service":"neural-shop-backend","timestamp":"2026-04-03 17:40:37.966"}
{"level":"info","message":"✅ Redis Connected","service":"neural-shop-backend","timestamp":"2026-04-03 17:40:37.979"}
{"level":"info","message":"🚀 Redis Ready","service":"neural-shop-backend","timestamp":"2026-04-03 17:40:38.021"}
{"level":"info","message":"🚀 Redis connected","service":"neural-shop-backend","timestamp":"2026-04-03 17:40:38.022"}
{"category":"database","host":"localhost:27017","level":"info","message":"🗄️  Connected successfully","service":"neural-shop-backend","timestamp":"2026-04-03 17:40:38.029"}
{"level":"info","message":"🚀 Kafka producer connected","service":"neural-shop-backend","timestamp":"2026-04-03 17:40:38.052"}
{"level":"info","message":"Database URL mongodb://admin:admin@localhost:27017/neural_shop?authSource=admin","service":"neural-shop-backend","timestamp":"2026-04-03 17:40:41.795"}
{"environment":"development","level":"info","message":"🚀 Server is running on port 8000","port":8000,"service":"neural-shop-backend","timestamp":"2026-04-03 17:40:41.917"}
{"category":"database","level":"info","message":"🗄️  MongoDB connected","service":"neural-shop-backend","timestamp":"2026-04-03 17:40:41.918"}
{"level":"info","message":"✅ Redis Connected","service":"neural-shop-backend","timestamp":"2026-04-03 17:40:41.943"}
{"level":"info","message":"🚀 Redis Ready","service":"neural-shop-backend","timestamp":"2026-04-03 17:40:41.977"}
{"level":"info","message":"🚀 Redis connected","service":"neural-shop-backend","timestamp":"2026-04-03 17:40:41.979"}
{"category":"database","host":"localhost:27017","level":"info","message":"🗄️  Connected successfully","service":"neural-shop-backend","timestamp":"2026-04-03 17:40:42.005"}
{"level":"info","message":"🚀 Kafka producer connected","service":"neural-shop-backend","timestamp":"2026-04-03 17:40:42.013"}
{"level":"info","message":"Database URL mongodb://admin:admin@localhost:27017/neural_shop?authSource=admin","service":"neural-shop-backend","timestamp":"2026-04-03 17:40:59.376"}
{"environment":"development","level":"info","message":"🚀 Server is running on port 8000","port":8000,"service":"neural-shop-backend","timestamp":"2026-04-03 17:40:59.519"}
{"category":"database","level":"info","message":"🗄️  MongoDB connected","service":"neural-shop-backend","timestamp":"2026-04-03 17:40:59.521"}
{"level":"info","message":"✅ Redis Connected","service":"neural-shop-backend","timestamp":"2026-04-03 17:40:59.548"}
{"level":"info","message":"🚀 Redis Ready","service":"neural-shop-backend","timestamp":"2026-04-03 17:40:59.598"}
{"level":"info","message":"🚀 Redis connected","service":"neural-shop-backend","timestamp":"2026-04-03 17:40:59.601"}
{"category":"database","host":"localhost:27017","level":"info","message":"🗄️  Connected successfully","service":"neural-shop-backend","timestamp":"2026-04-03 17:40:59.609"}
{"level":"info","message":"🚀 Kafka producer connected","service":"neural-shop-backend","timestamp":"2026-04-03 17:40:59.646"}
{"level":"info","message":"Database URL mongodb://admin:admin@localhost:27017/neural_shop?authSource=admin","service":"neural-shop-backend","timestamp":"2026-04-03 17:41:07.378"}
{"environment":"development","level":"info","message":"🚀 Server is running on port 8000","port":8000,"service":"neural-shop-backend","timestamp":"2026-04-03 17:41:07.486"}
{"category":"database","level":"info","message":"🗄️  MongoDB connected","service":"neural-shop-backend","timestamp":"2026-04-03 17:41:07.487"}
{"level":"info","message":"✅ Redis Connected","service":"neural-shop-backend","timestamp":"2026-04-03 17:41:07.506"}
{"level":"info","message":"🚀 Redis Ready","service":"neural-shop-backend","timestamp":"2026-04-03 17:41:07.551"}
{"level":"info","message":"🚀 Redis connected","service":"neural-shop-backend","timestamp":"2026-04-03 17:41:07.553"}
{"category":"database","host":"localhost:27017","level":"info","message":"🗄️  Connected successfully","service":"neural-shop-backend","timestamp":"2026-04-03 17:41:07.561"}
{"level":"info","message":"🚀 Kafka producer connected","service":"neural-shop-backend","timestamp":"2026-04-03 17:41:07.584"}
{"level":"info","message":"Database URL mongodb://admin:admin@localhost:27017/neural_shop?authSource=admin","service":"neural-shop-backend","timestamp":"2026-04-03 17:41:20.754"}
{"environment":"development","level":"info","message":"🚀 Server is running on port 8000","port":8000,"service":"neural-shop-backend","timestamp":"2026-04-03 17:41:20.893"}
{"category":"database","level":"info","message":"🗄️  MongoDB connected","service":"neural-shop-backend","timestamp":"2026-04-03 17:41:20.894"}
{"level":"info","message":"✅ Redis Connected","service":"neural-shop-backend","timestamp":"2026-04-03 17:41:20.906"}
{"level":"info","message":"🚀 Redis Ready","service":"neural-shop-backend","timestamp":"2026-04-03 17:41:20.936"}
{"level":"info","message":"🚀 Redis connected","service":"neural-shop-backend","timestamp":"2026-04-03 17:41:20.938"}
{"category":"database","host":"localhost:27017","level":"info","message":"🗄️  Connected successfully","service":"neural-shop-backend","timestamp":"2026-04-03 17:41:20.964"}
{"level":"info","message":"🚀 Kafka producer connected","service":"neural-shop-backend","timestamp":"2026-04-03 17:41:20.973"}
{"level":"info","message":"Database URL mongodb://admin:admin@localhost:27017/neural_shop?authSource=admin","service":"neural-shop-backend","timestamp":"2026-04-03 17:41:30.460"}
{"environment":"development","level":"info","message":"🚀 Server is running on port 8000","port":8000,"service":"neural-shop-backend","timestamp":"2026-04-03 17:41:30.643"}
{"category":"database","level":"info","message":"🗄️  MongoDB connected","service":"neural-shop-backend","timestamp":"2026-04-03 17:41:30.645"}
{"level":"info","message":"✅ Redis Connected","service":"neural-shop-backend","timestamp":"2026-04-03 17:41:30.669"}
{"level":"info","message":"🚀 Redis Ready","service":"neural-shop-backend","timestamp":"2026-04-03 17:41:30.703"}
{"level":"info","message":"🚀 Redis connected","service":"neural-shop-backend","timestamp":"2026-04-03 17:41:30.705"}
{"category":"database","host":"localhost:27017","level":"info","message":"🗄️  Connected successfully","service":"neural-shop-backend","timestamp":"2026-04-03 17:41:30.733"}
{"level":"info","message":"🚀 Kafka producer connected","service":"neural-shop-backend","timestamp":"2026-04-03 17:41:30.741"}
{"level":"info","message":"Database URL mongodb://admin:admin@localhost:27017/neural_shop?authSource=admin","service":"neural-shop-backend","timestamp":"2026-04-03 17:41:36.807"}
{"environment":"development","level":"info","message":"🚀 Server is running on port 8000","port":8000,"service":"neural-shop-backend","timestamp":"2026-04-03 17:41:36.945"}
{"category":"database","level":"info","message":"🗄️  MongoDB connected","service":"neural-shop-backend","timestamp":"2026-04-03 17:41:36.947"}
{"level":"info","message":"✅ Redis Connected","service":"neural-shop-backend","timestamp":"2026-04-03 17:41:36.978"}
{"level":"info","message":"🚀 Redis Ready","service":"neural-shop-backend","timestamp":"2026-04-03 17:41:37.032"}
{"level":"info","message":"🚀 Redis connected","service":"neural-shop-backend","timestamp":"2026-04-03 17:41:37.034"}
{"category":"database","host":"localhost:27017","level":"info","message":"🗄️  Connected successfully","service":"neural-shop-backend","timestamp":"2026-04-03 17:41:37.066"}
{"level":"info","message":"🚀 Kafka producer connected","service":"neural-shop-backend","timestamp":"2026-04-03 17:41:37.076"}
{"level":"info","message":"🚀 Kafka consumers started","service":"neural-shop-backend","timestamp":"2026-04-03 17:41:58.083"}
{"level":"info","message":"Database URL mongodb://admin:admin@localhost:27017/neural_shop?authSource=admin","service":"neural-shop-backend","timestamp":"2026-04-03 17:42:30.023"}
{"environment":"development","level":"info","message":"🚀 Server is running on port 8000","port":8000,"service":"neural-shop-backend","timestamp":"2026-04-03 17:42:30.161"}
{"category":"database","level":"info","message":"🗄️  MongoDB connected","service":"neural-shop-backend","timestamp":"2026-04-03 17:42:30.163"}
{"level":"info","message":"✅ Redis Connected","service":"neural-shop-backend","timestamp":"2026-04-03 17:42:30.185"}
{"level":"info","message":"🚀 Redis Ready","service":"neural-shop-backend","timestamp":"2026-04-03 17:42:30.228"}
{"level":"info","message":"🚀 Redis connected","service":"neural-shop-backend","timestamp":"2026-04-03 17:42:30.230"}
{"category":"database","host":"localhost:27017","level":"info","message":"🗄️  Connected successfully","service":"neural-shop-backend","timestamp":"2026-04-03 17:42:30.260"}
{"level":"info","message":"🚀 Kafka producer connected","service":"neural-shop-backend","timestamp":"2026-04-03 17:42:30.271"}
{"level":"info","message":"🚀 Kafka consumers started","service":"neural-shop-backend","timestamp":"2026-04-03 17:42:55.447"}
{"level":"info","message":"Database URL mongodb://admin:admin@localhost:27017/neural_shop?authSource=admin","service":"neural-shop-backend","timestamp":"2026-04-03 17:44:09.037"}
{"environment":"development","level":"info","message":"🚀 Server is running on port 8000","port":8000,"service":"neural-shop-backend","timestamp":"2026-04-03 17:44:09.150"}
{"category":"database","level":"info","message":"🗄️  MongoDB connected","service":"neural-shop-backend","timestamp":"2026-04-03 17:44:09.151"}
{"level":"info","message":"✅ Redis Connected","service":"neural-shop-backend","timestamp":"2026-04-03 17:44:09.177"}
{"level":"info","message":"🚀 Redis Ready","service":"neural-shop-backend","timestamp":"2026-04-03 17:44:09.249"}
{"category":"database","host":"localhost:27017","level":"info","message":"🗄️  Connected successfully","service":"neural-shop-backend","timestamp":"2026-04-03 17:44:09.255"}
{"level":"info","message":"🚀 Redis connected","service":"neural-shop-backend","timestamp":"2026-04-03 17:44:09.268"}
{"level":"info","message":"🚀 Kafka producer connected","service":"neural-shop-backend","timestamp":"2026-04-03 17:44:09.294"}
{"level":"info","message":"Database URL mongodb://admin:admin@localhost:27017/neural_shop?authSource=admin","service":"neural-shop-backend","timestamp":"2026-04-03 17:44:26.936"}
{"environment":"development","level":"info","message":"🚀 Server is running on port 8000","port":8000,"service":"neural-shop-backend","timestamp":"2026-04-03 17:44:27.168"}
{"category":"database","level":"info","message":"🗄️  MongoDB connected","service":"neural-shop-backend","timestamp":"2026-04-03 17:44:27.169"}
{"level":"info","message":"✅ Redis Connected","service":"neural-shop-backend","timestamp":"2026-04-03 17:44:27.187"}
{"level":"info","message":"🚀 Redis Ready","service":"neural-shop-backend","timestamp":"2026-04-03 17:44:27.222"}
{"level":"info","message":"🚀 Redis connected","service":"neural-shop-backend","timestamp":"2026-04-03 17:44:27.225"}
{"category":"database","host":"localhost:27017","level":"info","message":"🗄️  Connected successfully","service":"neural-shop-backend","timestamp":"2026-04-03 17:44:27.252"}
{"level":"info","message":"🚀 Kafka producer connected","service":"neural-shop-backend","timestamp":"2026-04-03 17:44:27.262"}
{"level":"info","message":"🚀 Kafka consumers started","service":"neural-shop-backend","timestamp":"2026-04-03 17:44:31.079"}
{"level":"info","message":"Database URL mongodb://admin:admin@localhost:27017/neural_shop?authSource=admin","service":"neural-shop-backend","timestamp":"2026-04-03 17:44:35.880"}
{"environment":"development","level":"info","message":"🚀 Server is running on port 8000","port":8000,"service":"neural-shop-backend","timestamp":"2026-04-03 17:44:35.997"}
{"category":"database","level":"info","message":"🗄️  MongoDB connected","service":"neural-shop-backend","timestamp":"2026-04-03 17:44:35.999"}
{"level":"info","message":"✅ Redis Connected","service":"neural-shop-backend","timestamp":"2026-04-03 17:44:36.020"}
{"level":"info","message":"🚀 Redis Ready","service":"neural-shop-backend","timestamp":"2026-04-03 17:44:36.065"}
{"level":"info","message":"🚀 Redis connected","service":"neural-shop-backend","timestamp":"2026-04-03 17:44:36.067"}
{"category":"database","host":"localhost:27017","level":"info","message":"🗄️  Connected successfully","service":"neural-shop-backend","timestamp":"2026-04-03 17:44:36.074"}
{"level":"info","message":"🚀 Kafka producer connected","service":"neural-shop-backend","timestamp":"2026-04-03 17:44:36.097"}
{"level":"info","message":"Database URL mongodb://admin:admin@localhost:27017/neural_shop?authSource=admin","service":"neural-shop-backend","timestamp":"2026-04-03 17:44:39.260"}
{"environment":"development","level":"info","message":"🚀 Server is running on port 8000","port":8000,"service":"neural-shop-backend","timestamp":"2026-04-03 17:44:39.376"}
{"category":"database","level":"info","message":"🗄️  MongoDB connected","service":"neural-shop-backend","timestamp":"2026-04-03 17:44:39.377"}
{"level":"info","message":"✅ Redis Connected","service":"neural-shop-backend","timestamp":"2026-04-03 17:44:39.401"}
{"level":"info","message":"🚀 Redis Ready","service":"neural-shop-backend","timestamp":"2026-04-03 17:44:39.436"}
{"level":"info","message":"🚀 Redis connected","service":"neural-shop-backend","timestamp":"2026-04-03 17:44:39.439"}
{"category":"database","host":"localhost:27017","level":"info","message":"🗄️  Connected successfully","service":"neural-shop-backend","timestamp":"2026-04-03 17:44:39.466"}
{"level":"info","message":"🚀 Kafka producer connected","service":"neural-shop-backend","timestamp":"2026-04-03 17:44:39.477"}
{"level":"info","message":"Database URL mongodb://admin:admin@localhost:27017/neural_shop?authSource=admin","service":"neural-shop-backend","timestamp":"2026-04-03 17:44:42.399"}
{"environment":"development","level":"info","message":"🚀 Server is running on port 8000","port":8000,"service":"neural-shop-backend","timestamp":"2026-04-03 17:44:42.537"}
{"category":"database","level":"info","message":"🗄️  MongoDB connected","service":"neural-shop-backend","timestamp":"2026-04-03 17:44:42.539"}
{"level":"info","message":"✅ Redis Connected","service":"neural-shop-backend","timestamp":"2026-04-03 17:44:42.560"}
{"level":"info","message":"🚀 Redis Ready","service":"neural-shop-backend","timestamp":"2026-04-03 17:44:42.600"}
{"level":"info","message":"🚀 Redis connected","service":"neural-shop-backend","timestamp":"2026-04-03 17:44:42.602"}
{"category":"database","host":"localhost:27017","level":"info","message":"🗄️  Connected successfully","service":"neural-shop-backend","timestamp":"2026-04-03 17:44:42.636"}
{"level":"info","message":"🚀 Kafka producer connected","service":"neural-shop-backend","timestamp":"2026-04-03 17:44:42.648"}
{"level":"info","message":"Database URL mongodb://admin:admin@localhost:27017/neural_shop?authSource=admin","service":"neural-shop-backend","timestamp":"2026-04-03 17:44:47.637"}
{"environment":"development","level":"info","message":"🚀 Server is running on port 8000","port":8000,"service":"neural-shop-backend","timestamp":"2026-04-03 17:44:47.757"}
{"category":"database","level":"info","message":"🗄️  MongoDB connected","service":"neural-shop-backend","timestamp":"2026-04-03 17:44:47.758"}
{"level":"info","message":"✅ Redis Connected","service":"neural-shop-backend","timestamp":"2026-04-03 17:44:47.772"}
{"level":"info","message":"🚀 Redis Ready","service":"neural-shop-backend","timestamp":"2026-04-03 17:44:47.818"}
{"category":"database","host":"localhost:27017","level":"info","message":"🗄️  Connected successfully","service":"neural-shop-backend","timestamp":"2026-04-03 17:44:47.823"}
{"level":"info","message":"🚀 Redis connected","service":"neural-shop-backend","timestamp":"2026-04-03 17:44:47.832"}
{"level":"info","message":"🚀 Kafka producer connected","service":"neural-shop-backend","timestamp":"2026-04-03 17:44:47.862"}
{"level":"info","message":"Database URL mongodb://admin:admin@localhost:27017/neural_shop?authSource=admin","service":"neural-shop-backend","timestamp":"2026-04-03 17:45:11.108"}
{"environment":"development","level":"info","message":"🚀 Server is running on port 8000","port":8000,"service":"neural-shop-backend","timestamp":"2026-04-03 17:45:11.225"}
{"category":"database","level":"info","message":"🗄️  MongoDB connected","service":"neural-shop-backend","timestamp":"2026-04-03 17:45:11.227"}
{"level":"info","message":"✅ Redis Connected","service":"neural-shop-backend","timestamp":"2026-04-03 17:45:11.241"}
{"level":"info","message":"🚀 Redis Ready","service":"neural-shop-backend","timestamp":"2026-04-03 17:45:11.276"}
{"level":"info","message":"🚀 Redis connected","service":"neural-shop-backend","timestamp":"2026-04-03 17:45:11.277"}
{"category":"database","host":"localhost:27017","level":"info","message":"🗄️  Connected successfully","service":"neural-shop-backend","timestamp":"2026-04-03 17:45:11.305"}
{"level":"info","message":"🚀 Kafka producer connected","service":"neural-shop-backend","timestamp":"2026-04-03 17:45:11.317"}
{"level":"info","message":"🚀 Kafka consumers started","service":"neural-shop-backend","timestamp":"2026-04-03 17:45:38.734"}
{"level":"info","message":"Database URL mongodb://admin:admin@localhost:27017/neural_shop?authSource=admin","service":"neural-shop-backend","timestamp":"2026-04-03 17:45:42.577"}
{"environment":"development","level":"info","message":"🚀 Server is running on port 8000","port":8000,"service":"neural-shop-backend","timestamp":"2026-04-03 17:45:42.837"}
{"category":"database","level":"info","message":"🗄️  MongoDB connected","service":"neural-shop-backend","timestamp":"2026-04-03 17:45:42.839"}
{"level":"info","message":"✅ Redis Connected","service":"neural-shop-backend","timestamp":"2026-04-03 17:45:42.859"}
{"category":"database","host":"localhost:27017","level":"info","message":"🗄️  Connected successfully","service":"neural-shop-backend","timestamp":"2026-04-03 17:45:42.927"}
{"level":"info","message":"🚀 Redis Ready","service":"neural-shop-backend","timestamp":"2026-04-03 17:45:42.938"}
{"level":"info","message":"🚀 Redis connected","service":"neural-shop-backend","timestamp":"2026-04-03 17:45:42.950"}
{"level":"info","message":"🚀 Kafka producer connected","service":"neural-shop-backend","timestamp":"2026-04-03 17:45:42.993"}
{"level":"info","message":"Database URL mongodb://admin:admin@localhost:27017/neural_shop?authSource=admin","service":"neural-shop-backend","timestamp":"2026-04-03 17:45:51.430"}
{"environment":"development","level":"info","message":"🚀 Server is running on port 8000","port":8000,"service":"neural-shop-backend","timestamp":"2026-04-03 17:45:51.552"}
{"category":"database","level":"info","message":"🗄️  MongoDB connected","service":"neural-shop-backend","timestamp":"2026-04-03 17:45:51.553"}
{"level":"info","message":"✅ Redis Connected","service":"neural-shop-backend","timestamp":"2026-04-03 17:45:51.571"}
{"level":"info","message":"🚀 Redis Ready","service":"neural-shop-backend","timestamp":"2026-04-03 17:45:51.609"}
{"level":"info","message":"🚀 Redis connected","service":"neural-shop-backend","timestamp":"2026-04-03 17:45:51.611"}
{"category":"database","host":"localhost:27017","level":"info","message":"🗄️  Connected successfully","service":"neural-shop-backend","timestamp":"2026-04-03 17:45:51.639"}
{"level":"info","message":"🚀 Kafka producer connected","service":"neural-shop-backend","timestamp":"2026-04-03 17:45:51.653"}
{"level":"info","message":"Database URL mongodb://admin:admin@localhost:27017/neural_shop?authSource=admin","service":"neural-shop-backend","timestamp":"2026-04-03 17:46:02.598"}
{"environment":"development","level":"info","message":"🚀 Server is running on port 8000","port":8000,"service":"neural-shop-backend","timestamp":"2026-04-03 17:46:02.761"}
{"category":"database","level":"info","message":"🗄️  MongoDB connected","service":"neural-shop-backend","timestamp":"2026-04-03 17:46:02.763"}
{"level":"info","message":"✅ Redis Connected","service":"neural-shop-backend","timestamp":"2026-04-03 17:46:02.814"}
{"category":"database","host":"localhost:27017","level":"info","message":"🗄️  Connected successfully","service":"neural-shop-backend","timestamp":"2026-04-03 17:46:02.895"}
{"level":"info","message":"🚀 Redis Ready","service":"neural-shop-backend","timestamp":"2026-04-03 17:46:02.908"}
{"level":"info","message":"🚀 Redis connected","service":"neural-shop-backend","timestamp":"2026-04-03 17:46:02.920"}
{"level":"info","message":"🚀 Kafka producer connected","service":"neural-shop-backend","timestamp":"2026-04-03 17:46:02.978"}
{"level":"info","message":"🚀 Kafka consumers started","service":"neural-shop-backend","timestamp":"2026-04-03 17:46:06.101"}
{"level":"info","message":"Database URL mongodb://admin:admin@localhost:27017/neural_shop?authSource=admin","service":"neural-shop-backend","timestamp":"2026-04-03 17:46:08.986"}
{"environment":"development","level":"info","message":"🚀 Server is running on port 8000","port":8000,"service":"neural-shop-backend","timestamp":"2026-04-03 17:46:09.105"}
{"category":"database","level":"info","message":"🗄️  MongoDB connected","service":"neural-shop-backend","timestamp":"2026-04-03 17:46:09.106"}
{"level":"info","message":"✅ Redis Connected","service":"neural-shop-backend","timestamp":"2026-04-03 17:46:09.119"}
{"level":"info","message":"🚀 Redis Ready","service":"neural-shop-backend","timestamp":"2026-04-03 17:46:09.165"}
{"level":"info","message":"🚀 Redis connected","service":"neural-shop-backend","timestamp":"2026-04-03 17:46:09.166"}
{"category":"database","host":"localhost:27017","level":"info","message":"🗄️  Connected successfully","service":"neural-shop-backend","timestamp":"2026-04-03 17:46:09.174"}
{"level":"info","message":"🚀 Kafka producer connected","service":"neural-shop-backend","timestamp":"2026-04-03 17:46:09.200"}
{"level":"info","message":"🚀 Kafka consumers started","service":"neural-shop-backend","timestamp":"2026-04-03 17:46:33.453"}
{"level":"info","message":"Database URL mongodb://admin:admin@localhost:27017/neural_shop?authSource=admin","service":"neural-shop-backend","timestamp":"2026-04-03 17:46:36.182"}
{"environment":"development","level":"info","message":"🚀 Server is running on port 8000","port":8000,"service":"neural-shop-backend","timestamp":"2026-04-03 17:46:36.331"}
{"category":"database","level":"info","message":"🗄️  MongoDB connected","service":"neural-shop-backend","timestamp":"2026-04-03 17:46:36.332"}
{"level":"info","message":"✅ Redis Connected","service":"neural-shop-backend","timestamp":"2026-04-03 17:46:36.342"}
{"level":"info","message":"🚀 Redis Ready","service":"neural-shop-backend","timestamp":"2026-04-03 17:46:36.378"}
{"level":"info","message":"🚀 Redis connected","service":"neural-shop-backend","timestamp":"2026-04-03 17:46:36.379"}
{"category":"database","host":"localhost:27017","level":"info","message":"🗄️  Connected successfully","service":"neural-shop-backend","timestamp":"2026-04-03 17:46:36.388"}
{"level":"info","message":"🚀 Kafka producer connected","service":"neural-shop-backend","timestamp":"2026-04-03 17:46:36.422"}
{"level":"info","message":"Database URL mongodb://admin:admin@localhost:27017/neural_shop?authSource=admin","service":"neural-shop-backend","timestamp":"2026-04-03 17:46:39.204"}
{"environment":"development","level":"info","message":"🚀 Server is running on port 8000","port":8000,"service":"neural-shop-backend","timestamp":"2026-04-03 17:46:39.334"}
{"category":"database","level":"info","message":"🗄️  MongoDB connected","service":"neural-shop-backend","timestamp":"2026-04-03 17:46:39.335"}
{"level":"info","message":"✅ Redis Connected","service":"neural-shop-backend","timestamp":"2026-04-03 17:46:39.353"}
{"level":"info","message":"🚀 Redis Ready","service":"neural-shop-backend","timestamp":"2026-04-03 17:46:39.390"}
{"level":"info","message":"🚀 Redis connected","service":"neural-shop-backend","timestamp":"2026-04-03 17:46:39.402"}
{"category":"database","host":"localhost:27017","level":"info","message":"🗄️  Connected successfully","service":"neural-shop-backend","timestamp":"2026-04-03 17:46:39.413"}
{"level":"info","message":"🚀 Kafka producer connected","service":"neural-shop-backend","timestamp":"2026-04-03 17:46:39.439"}
{"level":"info","message":"Database URL mongodb://admin:admin@localhost:27017/neural_shop?authSource=admin","service":"neural-shop-backend","timestamp":"2026-04-03 17:47:01.527"}
{"environment":"development","level":"info","message":"🚀 Server is running on port 8000","port":8000,"service":"neural-shop-backend","timestamp":"2026-04-03 17:47:01.662"}
{"category":"database","level":"info","message":"🗄️  MongoDB connected","service":"neural-shop-backend","timestamp":"2026-04-03 17:47:01.663"}
{"level":"info","message":"✅ Redis Connected","service":"neural-shop-backend","timestamp":"2026-04-03 17:47:01.688"}
{"level":"info","message":"🚀 Redis Ready","service":"neural-shop-backend","timestamp":"2026-04-03 17:47:01.723"}
{"level":"info","message":"🚀 Redis connected","service":"neural-shop-backend","timestamp":"2026-04-03 17:47:01.725"}
{"category":"database","host":"localhost:27017","level":"info","message":"🗄️  Connected successfully","service":"neural-shop-backend","timestamp":"2026-04-03 17:47:01.752"}
{"level":"info","message":"🚀 Kafka producer connected","service":"neural-shop-backend","timestamp":"2026-04-03 17:47:01.763"}
{"category":"http","ip":"::1","level":"info","message":"→ POST /login [200]","service":"neural-shop-backend","timestamp":"2026-04-03 17:47:20.244","userAgent":"PostmanRuntime/7.53.0"}
{"level":"info","message":"🚀 Kafka consumers started","service":"neural-shop-backend","timestamp":"2026-04-03 17:47:29.481"}
{"category":"http","ip":"::1","level":"info","message":"→ POST /login [200]","service":"neural-shop-backend","timestamp":"2026-04-03 17:47:37.418","userAgent":"PostmanRuntime/7.53.0"}
{"level":"info","message":"Database URL mongodb://admin:admin@localhost:27017/neural_shop?authSource=admin","service":"neural-shop-backend","timestamp":"2026-04-03 17:48:15.401"}
{"environment":"development","level":"info","message":"🚀 Server is running on port 8000","port":8000,"service":"neural-shop-backend","timestamp":"2026-04-03 17:48:15.531"}
{"category":"database","level":"info","message":"🗄️  MongoDB connected","service":"neural-shop-backend","timestamp":"2026-04-03 17:48:15.533"}
{"level":"info","message":"✅ Redis Connected","service":"neural-shop-backend","timestamp":"2026-04-03 17:48:15.557"}
{"level":"info","message":"🚀 Redis Ready","service":"neural-shop-backend","timestamp":"2026-04-03 17:48:15.594"}
{"level":"info","message":"🚀 Redis connected","service":"neural-shop-backend","timestamp":"2026-04-03 17:48:15.596"}
{"category":"database","host":"localhost:27017","level":"info","message":"🗄️  Connected successfully","service":"neural-shop-backend","timestamp":"2026-04-03 17:48:15.626"}
{"level":"info","message":"🚀 Kafka producer connected","service":"neural-shop-backend","timestamp":"2026-04-03 17:48:15.639"}
{"level":"info","message":"Database URL mongodb://admin:admin@localhost:27017/neural_shop?authSource=admin","service":"neural-shop-backend","timestamp":"2026-04-03 17:48:17.762"}
{"environment":"development","level":"info","message":"🚀 Server is running on port 8000","port":8000,"service":"neural-shop-backend","timestamp":"2026-04-03 17:48:17.878"}
{"category":"database","level":"info","message":"🗄️  MongoDB connected","service":"neural-shop-backend","timestamp":"2026-04-03 17:48:17.879"}
{"level":"info","message":"✅ Redis Connected","service":"neural-shop-backend","timestamp":"2026-04-03 17:48:17.897"}
{"level":"info","message":"🚀 Redis Ready","service":"neural-shop-backend","timestamp":"2026-04-03 17:48:17.944"}
{"level":"info","message":"🚀 Redis connected","service":"neural-shop-backend","timestamp":"2026-04-03 17:48:17.946"}
{"category":"database","host":"localhost:27017","level":"info","message":"🗄️  Connected successfully","service":"neural-shop-backend","timestamp":"2026-04-03 17:48:17.952"}
{"level":"info","message":"🚀 Kafka producer connected","service":"neural-shop-backend","timestamp":"2026-04-03 17:48:17.977"}
{"level":"info","message":"Database URL mongodb://admin:admin@localhost:27017/neural_shop?authSource=admin","service":"neural-shop-backend","timestamp":"2026-04-03 17:48:24.419"}
{"environment":"development","level":"info","message":"🚀 Server is running on port 8000","port":8000,"service":"neural-shop-backend","timestamp":"2026-04-03 17:48:24.563"}
{"category":"database","level":"info","message":"🗄️  MongoDB connected","service":"neural-shop-backend","timestamp":"2026-04-03 17:48:24.564"}
{"level":"info","message":"✅ Redis Connected","service":"neural-shop-backend","timestamp":"2026-04-03 17:48:24.585"}
{"level":"info","message":"🚀 Redis Ready","service":"neural-shop-backend","timestamp":"2026-04-03 17:48:24.618"}
{"level":"info","message":"🚀 Redis connected","service":"neural-shop-backend","timestamp":"2026-04-03 17:48:24.620"}
{"category":"database","host":"localhost:27017","level":"info","message":"🗄️  Connected successfully","service":"neural-shop-backend","timestamp":"2026-04-03 17:48:24.639"}
{"level":"info","message":"🚀 Kafka producer connected","service":"neural-shop-backend","timestamp":"2026-04-03 17:48:24.667"}
{"level":"info","message":"Database URL mongodb://admin:admin@localhost:27017/neural_shop?authSource=admin","service":"neural-shop-backend","timestamp":"2026-04-03 17:48:27.798"}
{"environment":"development","level":"info","message":"🚀 Server is running on port 8000","port":8000,"service":"neural-shop-backend","timestamp":"2026-04-03 17:48:27.940"}
{"category":"database","level":"info","message":"🗄️  MongoDB connected","service":"neural-shop-backend","timestamp":"2026-04-03 17:48:27.942"}
{"level":"info","message":"✅ Redis Connected","service":"neural-shop-backend","timestamp":"2026-04-03 17:48:27.961"}
{"level":"info","message":"🚀 Redis Ready","service":"neural-shop-backend","timestamp":"2026-04-03 17:48:28.004"}
{"level":"info","message":"🚀 Redis connected","service":"neural-shop-backend","timestamp":"2026-04-03 17:48:28.007"}
{"category":"database","host":"localhost:27017","level":"info","message":"🗄️  Connected successfully","service":"neural-shop-backend","timestamp":"2026-04-03 17:48:28.015"}
{"level":"info","message":"🚀 Kafka producer connected","service":"neural-shop-backend","timestamp":"2026-04-03 17:48:28.044"}
{"level":"info","message":"Database URL mongodb://admin:admin@localhost:27017/neural_shop?authSource=admin","service":"neural-shop-backend","timestamp":"2026-04-03 17:48:30.709"}
{"environment":"development","level":"info","message":"🚀 Server is running on port 8000","port":8000,"service":"neural-shop-backend","timestamp":"2026-04-03 17:48:30.828"}
{"category":"database","level":"info","message":"🗄️  MongoDB connected","service":"neural-shop-backend","timestamp":"2026-04-03 17:48:30.829"}
{"level":"info","message":"✅ Redis Connected","service":"neural-shop-backend","timestamp":"2026-04-03 17:48:30.849"}
{"level":"info","message":"🚀 Redis Ready","service":"neural-shop-backend","timestamp":"2026-04-03 17:48:30.881"}
{"level":"info","message":"🚀 Redis connected","service":"neural-shop-backend","timestamp":"2026-04-03 17:48:30.883"}
{"category":"database","host":"localhost:27017","level":"info","message":"🗄️  Connected successfully","service":"neural-shop-backend","timestamp":"2026-04-03 17:48:30.907"}
{"level":"info","message":"🚀 Kafka producer connected","service":"neural-shop-backend","timestamp":"2026-04-03 17:48:30.917"}
{"level":"info","message":"Database URL mongodb://admin:admin@localhost:27017/neural_shop?authSource=admin","service":"neural-shop-backend","timestamp":"2026-04-03 17:48:35.702"}
{"environment":"development","level":"info","message":"🚀 Server is running on port 8000","port":8000,"service":"neural-shop-backend","timestamp":"2026-04-03 17:48:35.829"}
{"category":"database","level":"info","message":"🗄️  MongoDB connected","service":"neural-shop-backend","timestamp":"2026-04-03 17:48:35.831"}
{"level":"info","message":"✅ Redis Connected","service":"neural-shop-backend","timestamp":"2026-04-03 17:48:35.854"}
{"category":"database","host":"localhost:27017","level":"info","message":"🗄️  Connected successfully","service":"neural-shop-backend","timestamp":"2026-04-03 17:48:35.908"}
{"level":"info","message":"🚀 Redis Ready","service":"neural-shop-backend","timestamp":"2026-04-03 17:48:35.919"}
{"level":"info","message":"🚀 Redis connected","service":"neural-shop-backend","timestamp":"2026-04-03 17:48:35.931"}
{"level":"info","message":"🚀 Kafka producer connected","service":"neural-shop-backend","timestamp":"2026-04-03 17:48:35.987"}
{"level":"info","message":"Database URL mongodb://admin:admin@localhost:27017/neural_shop?authSource=admin","service":"neural-shop-backend","timestamp":"2026-04-03 17:48:38.520"}
{"environment":"development","level":"info","message":"🚀 Server is running on port 8000","port":8000,"service":"neural-shop-backend","timestamp":"2026-04-03 17:48:38.648"}
{"category":"database","level":"info","message":"🗄️  MongoDB connected","service":"neural-shop-backend","timestamp":"2026-04-03 17:48:38.649"}
{"level":"info","message":"✅ Redis Connected","service":"neural-shop-backend","timestamp":"2026-04-03 17:48:38.673"}
{"level":"info","message":"🚀 Redis Ready","service":"neural-shop-backend","timestamp":"2026-04-03 17:48:38.705"}
{"level":"info","message":"🚀 Redis connected","service":"neural-shop-backend","timestamp":"2026-04-03 17:48:38.707"}
{"category":"database","host":"localhost:27017","level":"info","message":"🗄️  Connected successfully","service":"neural-shop-backend","timestamp":"2026-04-03 17:48:38.734"}
{"level":"info","message":"🚀 Kafka producer connected","service":"neural-shop-backend","timestamp":"2026-04-03 17:48:38.744"}
{"level":"info","message":"Database URL mongodb://admin:admin@localhost:27017/neural_shop?authSource=admin","service":"neural-shop-backend","timestamp":"2026-04-03 17:48:57.306"}
{"environment":"development","level":"info","message":"🚀 Server is running on port 8000","port":8000,"service":"neural-shop-backend","timestamp":"2026-04-03 17:48:57.423"}
{"category":"database","level":"info","message":"🗄️  MongoDB connected","service":"neural-shop-backend","timestamp":"2026-04-03 17:48:57.425"}
{"level":"info","message":"✅ Redis Connected","service":"neural-shop-backend","timestamp":"2026-04-03 17:48:57.450"}
{"level":"info","message":"🚀 Redis Ready","service":"neural-shop-backend","timestamp":"2026-04-03 17:48:57.493"}
{"level":"info","message":"🚀 Redis connected","service":"neural-shop-backend","timestamp":"2026-04-03 17:48:57.496"}
{"category":"database","host":"localhost:27017","level":"info","message":"🗄️  Connected successfully","service":"neural-shop-backend","timestamp":"2026-04-03 17:48:57.503"}
{"level":"info","message":"🚀 Kafka producer connected","service":"neural-shop-backend","timestamp":"2026-04-03 17:48:57.533"}
{"level":"info","message":"Database URL mongodb://admin:admin@localhost:27017/neural_shop?authSource=admin","service":"neural-shop-backend","timestamp":"2026-04-03 17:49:13.954"}
{"environment":"development","level":"info","message":"🚀 Server is running on port 8000","port":8000,"service":"neural-shop-backend","timestamp":"2026-04-03 17:49:14.074"}
{"category":"database","level":"info","message":"🗄️  MongoDB connected","service":"neural-shop-backend","timestamp":"2026-04-03 17:49:14.075"}
{"level":"info","message":"✅ Redis Connected","service":"neural-shop-backend","timestamp":"2026-04-03 17:49:14.097"}
{"level":"info","message":"🚀 Redis Ready","service":"neural-shop-backend","timestamp":"2026-04-03 17:49:14.128"}
{"level":"info","message":"🚀 Redis connected","service":"neural-shop-backend","timestamp":"2026-04-03 17:49:14.131"}
{"category":"database","host":"localhost:27017","level":"info","message":"🗄️  Connected successfully","service":"neural-shop-backend","timestamp":"2026-04-03 17:49:14.162"}
{"level":"info","message":"🚀 Kafka producer connected","service":"neural-shop-backend","timestamp":"2026-04-03 17:49:14.174"}
{"level":"info","message":"Database URL mongodb://admin:admin@localhost:27017/neural_shop?authSource=admin","service":"neural-shop-backend","timestamp":"2026-04-03 17:49:24.424"}
{"environment":"development","level":"info","message":"🚀 Server is running on port 8000","port":8000,"service":"neural-shop-backend","timestamp":"2026-04-03 17:49:24.538"}
{"category":"database","level":"info","message":"🗄️  MongoDB connected","service":"neural-shop-backend","timestamp":"2026-04-03 17:49:24.539"}
{"level":"info","message":"✅ Redis Connected","service":"neural-shop-backend","timestamp":"2026-04-03 17:49:24.556"}
{"level":"info","message":"🚀 Redis Ready","service":"neural-shop-backend","timestamp":"2026-04-03 17:49:24.584"}
{"level":"info","message":"🚀 Redis connected","service":"neural-shop-backend","timestamp":"2026-04-03 17:49:24.589"}
{"category":"database","host":"localhost:27017","level":"info","message":"🗄️  Connected successfully","service":"neural-shop-backend","timestamp":"2026-04-03 17:49:24.616"}
{"level":"info","message":"🚀 Kafka producer connected","service":"neural-shop-backend","timestamp":"2026-04-03 17:49:24.625"}
{"level":"info","message":"Database URL mongodb://admin:admin@localhost:27017/neural_shop?authSource=admin","service":"neural-shop-backend","timestamp":"2026-04-03 17:49:27.429"}
{"environment":"development","level":"info","message":"🚀 Server is running on port 8000","port":8000,"service":"neural-shop-backend","timestamp":"2026-04-03 17:49:27.556"}
{"category":"database","level":"info","message":"🗄️  MongoDB connected","service":"neural-shop-backend","timestamp":"2026-04-03 17:49:27.557"}
{"level":"info","message":"✅ Redis Connected","service":"neural-shop-backend","timestamp":"2026-04-03 17:49:27.577"}
{"level":"info","message":"🚀 Redis Ready","service":"neural-shop-backend","timestamp":"2026-04-03 17:49:27.614"}
{"level":"info","message":"🚀 Redis connected","service":"neural-shop-backend","timestamp":"2026-04-03 17:49:27.625"}
{"category":"database","host":"localhost:27017","level":"info","message":"🗄️  Connected successfully","service":"neural-shop-backend","timestamp":"2026-04-03 17:49:27.635"}
{"level":"info","message":"🚀 Kafka producer connected","service":"neural-shop-backend","timestamp":"2026-04-03 17:49:27.665"}
{"level":"info","message":"Database URL mongodb://admin:admin@localhost:27017/neural_shop?authSource=admin","service":"neural-shop-backend","timestamp":"2026-04-03 17:49:29.746"}
{"environment":"development","level":"info","message":"🚀 Server is running on port 8000","port":8000,"service":"neural-shop-backend","timestamp":"2026-04-03 17:49:29.871"}
{"category":"database","level":"info","message":"🗄️  MongoDB connected","service":"neural-shop-backend","timestamp":"2026-04-03 17:49:29.873"}
{"level":"info","message":"✅ Redis Connected","service":"neural-shop-backend","timestamp":"2026-04-03 17:49:29.899"}
{"level":"info","message":"🚀 Redis Ready","service":"neural-shop-backend","timestamp":"2026-04-03 17:49:29.941"}
{"level":"info","message":"🚀 Redis connected","service":"neural-shop-backend","timestamp":"2026-04-03 17:49:29.943"}
{"category":"database","host":"localhost:27017","level":"info","message":"🗄️  Connected successfully","service":"neural-shop-backend","timestamp":"2026-04-03 17:49:29.951"}
{"level":"info","message":"🚀 Kafka producer connected","service":"neural-shop-backend","timestamp":"2026-04-03 17:49:29.974"}
{"level":"info","message":"Database URL mongodb://admin:admin@localhost:27017/neural_shop?authSource=admin","service":"neural-shop-backend","timestamp":"2026-04-03 17:49:56.653"}
{"environment":"development","level":"info","message":"🚀 Server is running on port 8000","port":8000,"service":"neural-shop-backend","timestamp":"2026-04-03 17:49:56.773"}
{"category":"database","level":"info","message":"🗄️  MongoDB connected","service":"neural-shop-backend","timestamp":"2026-04-03 17:49:56.774"}
{"level":"info","message":"✅ Redis Connected","service":"neural-shop-backend","timestamp":"2026-04-03 17:49:56.789"}
{"level":"info","message":"🚀 Redis Ready","service":"neural-shop-backend","timestamp":"2026-04-03 17:49:56.816"}
{"level":"info","message":"🚀 Redis connected","service":"neural-shop-backend","timestamp":"2026-04-03 17:49:56.818"}
{"category":"database","host":"localhost:27017","level":"info","message":"🗄️  Connected successfully","service":"neural-shop-backend","timestamp":"2026-04-03 17:49:56.846"}
{"level":"info","message":"🚀 Kafka producer connected","service":"neural-shop-backend","timestamp":"2026-04-03 17:49:56.855"}
{"level":"info","message":"Database URL mongodb://admin:admin@localhost:27017/neural_shop?authSource=admin","service":"neural-shop-backend","timestamp":"2026-04-03 17:50:00.011"}
{"environment":"development","level":"info","message":"🚀 Server is running on port 8000","port":8000,"service":"neural-shop-backend","timestamp":"2026-04-03 17:50:00.145"}
{"category":"database","level":"info","message":"🗄️  MongoDB connected","service":"neural-shop-backend","timestamp":"2026-04-03 17:50:00.146"}
{"level":"info","message":"✅ Redis Connected","service":"neural-shop-backend","timestamp":"2026-04-03 17:50:00.166"}
{"level":"info","message":"🚀 Redis Ready","service":"neural-shop-backend","timestamp":"2026-04-03 17:50:00.198"}
{"level":"info","message":"🚀 Redis connected","service":"neural-shop-backend","timestamp":"2026-04-03 17:50:00.200"}
{"category":"database","host":"localhost:27017","level":"info","message":"🗄️  Connected successfully","service":"neural-shop-backend","timestamp":"2026-04-03 17:50:00.228"}
{"level":"info","message":"🚀 Kafka producer connected","service":"neural-shop-backend","timestamp":"2026-04-03 17:50:00.241"}
{"level":"info","message":"Database URL mongodb://admin:admin@localhost:27017/neural_shop?authSource=admin","service":"neural-shop-backend","timestamp":"2026-04-03 17:50:08.822"}
{"environment":"development","level":"info","message":"🚀 Server is running on port 8000","port":8000,"service":"neural-shop-backend","timestamp":"2026-04-03 17:50:08.960"}
{"category":"database","level":"info","message":"🗄️  MongoDB connected","service":"neural-shop-backend","timestamp":"2026-04-03 17:50:08.961"}
{"level":"info","message":"✅ Redis Connected","service":"neural-shop-backend","timestamp":"2026-04-03 17:50:08.987"}
{"level":"info","message":"🚀 Redis Ready","service":"neural-shop-backend","timestamp":"2026-04-03 17:50:09.021"}
{"level":"info","message":"🚀 Redis connected","service":"neural-shop-backend","timestamp":"2026-04-03 17:50:09.023"}
{"category":"database","host":"localhost:27017","level":"info","message":"🗄️  Connected successfully","service":"neural-shop-backend","timestamp":"2026-04-03 17:50:09.047"}
{"level":"info","message":"🚀 Kafka producer connected","service":"neural-shop-backend","timestamp":"2026-04-03 17:50:09.057"}
{"level":"info","message":"Database URL mongodb://admin:admin@localhost:27017/neural_shop?authSource=admin","service":"neural-shop-backend","timestamp":"2026-04-03 17:50:18.692"}
{"environment":"development","level":"info","message":"🚀 Server is running on port 8000","port":8000,"service":"neural-shop-backend","timestamp":"2026-04-03 17:50:18.806"}
{"category":"database","level":"info","message":"🗄️  MongoDB connected","service":"neural-shop-backend","timestamp":"2026-04-03 17:50:18.808"}
{"level":"info","message":"✅ Redis Connected","service":"neural-shop-backend","timestamp":"2026-04-03 17:50:18.827"}
{"level":"info","message":"🚀 Redis Ready","service":"neural-shop-backend","timestamp":"2026-04-03 17:50:18.864"}
{"level":"info","message":"🚀 Redis connected","service":"neural-shop-backend","timestamp":"2026-04-03 17:50:18.866"}
{"category":"database","host":"localhost:27017","level":"info","message":"🗄️  Connected successfully","service":"neural-shop-backend","timestamp":"2026-04-03 17:50:18.897"}
{"level":"info","message":"🚀 Kafka producer connected","service":"neural-shop-backend","timestamp":"2026-04-03 17:50:18.906"}
{"level":"warn","message":"Route not found","method":"POST","path":"/api/auth/get-current-user","service":"neural-shop-backend","timestamp":"2026-04-03 17:50:37.587"}
{"category":"http","ip":"::1","level":"info","message":"→ POST /api/auth/get-current-user [404]","service":"neural-shop-backend","timestamp":"2026-04-03 17:50:37.591","userAgent":"PostmanRuntime/7.53.0"}
{"level":"info","message":"🚀 Kafka consumers started","service":"neural-shop-backend","timestamp":"2026-04-03 17:50:51.880"}
{"level":"warn","message":"Route not found","method":"POST","path":"/api/auth/get-current-user","service":"neural-shop-backend","timestamp":"2026-04-03 17:50:54.317"}
{"category":"http","ip":"::1","level":"info","message":"→ POST /api/auth/get-current-user [404]","service":"neural-shop-backend","timestamp":"2026-04-03 17:50:54.318","userAgent":"PostmanRuntime/7.53.0"}
{"level":"info","message":"Database URL mongodb://admin:admin@localhost:27017/neural_shop?authSource=admin","service":"neural-shop-backend","timestamp":"2026-04-03 17:51:42.647"}
{"environment":"development","level":"info","message":"🚀 Server is running on port 8000","port":8000,"service":"neural-shop-backend","timestamp":"2026-04-03 17:51:42.764"}
{"category":"database","level":"info","message":"🗄️  MongoDB connected","service":"neural-shop-backend","timestamp":"2026-04-03 17:51:42.765"}
{"level":"info","message":"✅ Redis Connected","service":"neural-shop-backend","timestamp":"2026-04-03 17:51:42.789"}
{"level":"info","message":"🚀 Redis Ready","service":"neural-shop-backend","timestamp":"2026-04-03 17:51:42.829"}
{"level":"info","message":"🚀 Redis connected","service":"neural-shop-backend","timestamp":"2026-04-03 17:51:42.831"}
{"category":"database","host":"localhost:27017","level":"info","message":"🗄️  Connected successfully","service":"neural-shop-backend","timestamp":"2026-04-03 17:51:42.858"}
{"level":"info","message":"🚀 Kafka producer connected","service":"neural-shop-backend","timestamp":"2026-04-03 17:51:42.897"}
{"level":"info","message":"🚀 Kafka consumers started","service":"neural-shop-backend","timestamp":"2026-04-03 17:51:45.725"}
{"level":"warn","message":"Route not found","method":"POST","path":"/api/auth/get-current-user","service":"neural-shop-backend","timestamp":"2026-04-03 17:51:48.878"}
{"category":"http","ip":"::1","level":"info","message":"→ POST /api/auth/get-current-user [404]","service":"neural-shop-backend","timestamp":"2026-04-03 17:51:48.881","userAgent":"PostmanRuntime/7.53.0"}
{"category":"http","ip":"::1","level":"info","message":"→ POST /login [200]","service":"neural-shop-backend","timestamp":"2026-04-03 17:52:17.025","userAgent":"PostmanRuntime/7.53.0"}
{"category":"http","ip":"::1","level":"info","message":"→ GET /get-current-user [200]","service":"neural-shop-backend","timestamp":"2026-04-03 17:52:38.031","userAgent":"PostmanRuntime/7.53.0"}
{"category":"http","ip":"::1","level":"info","message":"→ GET /get-current-admin [403]","service":"neural-shop-backend","timestamp":"2026-04-03 17:53:33.615","userAgent":"PostmanRuntime/7.53.0"}
{"level":"info","message":"Database URL mongodb://admin:admin@localhost:27017/neural_shop?authSource=admin","service":"neural-shop-backend","timestamp":"2026-04-03 17:54:02.122"}
{"environment":"development","level":"info","message":"🚀 Server is running on port 8000","port":8000,"service":"neural-shop-backend","timestamp":"2026-04-03 17:54:02.257"}
{"category":"database","level":"info","message":"🗄️  MongoDB connected","service":"neural-shop-backend","timestamp":"2026-04-03 17:54:02.258"}
{"level":"info","message":"✅ Redis Connected","service":"neural-shop-backend","timestamp":"2026-04-03 17:54:02.279"}
{"level":"info","message":"🚀 Redis Ready","service":"neural-shop-backend","timestamp":"2026-04-03 17:54:02.311"}
{"level":"info","message":"🚀 Redis connected","service":"neural-shop-backend","timestamp":"2026-04-03 17:54:02.314"}
{"category":"database","host":"localhost:27017","level":"info","message":"🗄️  Connected successfully","service":"neural-shop-backend","timestamp":"2026-04-03 17:54:02.343"}
{"level":"info","message":"🚀 Kafka producer connected","service":"neural-shop-backend","timestamp":"2026-04-03 17:54:02.352"}
{"level":"info","message":"🚀 Kafka consumers started","service":"neural-shop-backend","timestamp":"2026-04-03 17:54:26.246"}
{"category":"http","ip":"::1","level":"info","message":"→ POST /adminlogin [200]","service":"neural-shop-backend","timestamp":"2026-04-03 17:55:15.650","userAgent":"PostmanRuntime/7.53.0"}
{"level":"warn","message":"Route not found","method":"POST","path":"/api/auth/get-current-admin","service":"neural-shop-backend","timestamp":"2026-04-03 17:56:19.903"}
{"category":"http","ip":"::1","level":"info","message":"→ POST /api/auth/get-current-admin [404]","service":"neural-shop-backend","timestamp":"2026-04-03 17:56:19.905","userAgent":"PostmanRuntime/7.53.0"}
{"category":"http","ip":"::1","level":"info","message":"→ GET /get-current-admin [200]","service":"neural-shop-backend","timestamp":"2026-04-03 17:56:23.446","userAgent":"PostmanRuntime/7.53.0"}
{"level":"info","message":"Database URL mongodb://admin:admin@localhost:27017/neural_shop?authSource=admin","service":"neural-shop-backend","timestamp":"2026-04-03 17:56:39.935"}
{"environment":"development","level":"info","message":"🚀 Server is running on port 8000","port":8000,"service":"neural-shop-backend","timestamp":"2026-04-03 17:56:40.120"}
{"category":"database","level":"info","message":"🗄️  MongoDB connected","service":"neural-shop-backend","timestamp":"2026-04-03 17:56:40.121"}
{"level":"info","message":"✅ Redis Connected","service":"neural-shop-backend","timestamp":"2026-04-03 17:56:40.149"}
{"level":"info","message":"🚀 Redis Ready","service":"neural-shop-backend","timestamp":"2026-04-03 17:56:40.193"}
{"level":"info","message":"🚀 Redis connected","service":"neural-shop-backend","timestamp":"2026-04-03 17:56:40.195"}
{"category":"database","host":"localhost:27017","level":"info","message":"🗄️  Connected successfully","service":"neural-shop-backend","timestamp":"2026-04-03 17:56:40.222"}
{"level":"info","message":"🚀 Kafka producer connected","service":"neural-shop-backend","timestamp":"2026-04-03 17:56:40.234"}
{"level":"info","message":"🚀 Kafka consumers started","service":"neural-shop-backend","timestamp":"2026-04-03 17:57:02.701"}
